,Time (d),meas_S_NH4 (gN/m3),pred_S_NH4 (gN/m3)
0,487.3125,0.650344402,0.455441
1,487.375,0.611490514,0.4282586
2,487.4375,0.573789981,0.5020559
3,487.5,0.544314772,0.551248
4,487.5625,0.5306404029999999,0.55155534
5,487.625,0.539581552,0.55566454
6,487.6875,0.566136214,0.5614527
7,487.75,0.595408856,0.57043236
8,487.8125,0.619317228,0.59746814
9,487.875,0.636669721,0.6096134
10,487.9375,0.652216418,0.6160316
11,488.0,0.676458173,0.6169787
12,488.0625,0.716154792,0.6141969
13,488.125,0.7705588659999999,0.6057824
14,488.1875,0.8172032349999999,0.58631784
15,488.25,0.850572515,0.56675917
16,488.3125,0.872092986,0.545722
17,488.375,0.864004632,0.5221881
18,488.4375,0.8244086770000001,0.53247637
19,488.5,0.78263613,0.54475695
20,488.5625,0.7881484879999998,0.5471901
21,488.625,0.849506975,0.5478908
22,488.6875,0.9290347159999999,0.5508732
23,488.75,0.99463871,0.5619486
24,488.8125,1.011325667,0.5786993
25,488.875,0.9913024029999999,0.6099559
26,488.9375,1.019055517,0.64298785
27,489.0,1.105532985,0.6706652
28,489.0625,1.169276102,0.67059875
29,489.125,1.150828122,0.6550401
30,489.1875,1.078646023,0.6208546
31,489.25,0.971957194,0.5679405
32,489.3125,0.8462832700000001,0.50112754
33,489.375,0.7212157400000001,0.43685496
34,489.4375,0.6169946,0.45655376
35,489.5,0.552983277,0.48539934
36,489.5625,0.5401113329999999,0.4889188
37,489.625,0.558050309,0.48868954
38,489.6875,0.57601745,0.4823337
39,489.75,0.581347505,0.4832745
40,489.8125,0.571757676,0.50798357
41,489.875,0.552999121,0.52493066
42,489.9375,0.541476266,0.53676456
43,490.0,0.538422744,0.5457815
44,490.0625,0.535413525,0.5427453
45,490.125,0.529172051,0.53209466
46,490.1875,0.519687086,0.5146039
47,490.25,0.510446456,0.5016403
48,490.3125,0.502473736,0.49183023
49,490.375,0.49468213400000005,0.48493728
50,490.4375,0.48652883900000005,0.53666294
51,490.5,0.479725234,0.5747776
52,490.5625,0.477501555,0.58388317
53,490.625,0.482043578,0.59520525
54,490.6875,0.49170490200000017,0.60347766
55,490.75,0.5030762320000001,0.61421937
56,490.8125,0.514317452,0.6341865
57,490.875,0.524606178,0.6447521
58,490.9375,0.53273785,0.64869016
59,491.0,0.541420852,0.6551117
60,491.0625,0.5520320470000001,0.6566899
61,491.125,0.562887786,0.65589446
62,491.1875,0.572344128,0.65303415
63,491.25,0.579865895,0.6505967
64,491.3125,0.585769529,0.6476739
65,491.375,0.589876417,0.64646274
66,491.4375,0.5920448979999999,0.6551807
67,491.5,0.591745005,0.6601775
68,491.5625,0.590846381,0.6587537
69,491.625,0.594527678,0.65799564
70,491.6875,0.605795894,0.65714467
71,491.75,0.623495651,0.65772235
72,491.8125,0.6443834420000001,0.6603986
73,491.875,0.666620487,0.6626129
74,491.9375,0.6931978520000001,0.6640376
75,492.0,0.7308247659999999,0.6656208
76,492.0625,0.781854969,0.6663193
77,492.125,0.8333430690000001,0.66444415
78,492.1875,0.8769473249999999,0.66334295
79,492.25,0.9143247,0.66226786
80,492.3125,0.937728518,0.6613434
81,492.375,0.938791605,0.65886587
82,492.4375,0.9189027279999998,0.6499133
83,492.5,0.892968049,0.65098584
84,492.5625,0.8942139029999999,0.65517056
85,492.625,0.948323068,0.6599969
86,492.6875,1.047411381,0.6716672
87,492.75,1.162537607,0.68777865
88,492.8125,1.2567242159999998,0.6913794
89,492.875,1.318313859,0.7189057
90,492.9375,1.4495026309999999,0.766601
91,493.0,1.743610691,0.8259356
92,493.0625,2.136216735,0.92198247
93,493.125,2.533105241,1.0236775
94,493.1875,2.8445290780000003,1.1053983
95,493.25,2.962782147,1.1777786
96,493.3125,2.8679216249999997,1.2146275
97,493.375,2.6090132589999997,1.2217662
98,493.4375,2.253040387,1.0870281
99,493.5,1.9982788940000002,1.1640358
100,493.5625,2.0156753009999995,1.3998785
101,493.625,2.225709286,1.6140229
102,493.6875,2.436874614,1.8035219
103,493.75,2.603704824,1.978801
104,493.8125,2.736812349,2.0174925
105,493.875,2.85091952,2.1476147
106,493.9375,3.021958263,2.2918608
107,494.0,3.3206534060000004,2.4849467
108,494.0625,3.626312915,2.7335432
109,494.125,3.850395361,2.9450214
110,494.1875,3.936619942,3.0971057
111,494.25,3.82980703,3.0599298
112,494.3125,3.5085281819999996,2.8035192
113,494.375,2.966322685,2.376222
114,494.4375,2.3007392659999994,1.7848321
115,494.5,1.737381761,1.4292142
116,494.5625,1.4560800130000002,1.2394941
117,494.625,1.3598997330000002,1.0442395
118,494.6875,1.267439416,0.9157618
119,494.75,1.13849744,0.8245129
120,494.8125,0.97440885,0.7562798
121,494.875,0.815744054,0.7328567
122,494.9375,0.727751586,0.7134652
123,495.0,0.693505543,0.6884473
124,495.0625,0.6663761020000001,0.64100593
125,495.125,0.631759954,0.5922603
126,495.1875,0.59513157,0.54588
127,495.25,0.5691823579999999,0.49606177
128,495.3125,0.553192141,0.46141613
129,495.375,0.541263389,0.4433466
130,495.4375,0.5307418660000001,0.4939795
131,495.5,0.522378216,0.5237644
132,495.5625,0.52024591,0.5293772
133,495.625,0.526610559,0.5317682
134,495.6875,0.53747305,0.53467053
135,495.75,0.550094575,0.5533286
136,495.8125,0.56147327,0.57904434
137,495.875,0.568904434,0.59176004
138,495.9375,0.5745857870000001,0.6029449
139,496.0,0.582226951,0.616492
140,496.0625,0.590974781,0.6186682
141,496.125,0.597513172,0.6145204
142,496.1875,0.601888917,0.6113434
143,496.25,0.604245613,0.5988069
144,496.3125,0.604455588,0.58993196
145,496.375,0.6035002970000001,0.5844365
146,496.4375,0.600940079,0.6045654
147,496.5,0.596337807,0.61648047
148,496.5625,0.5919769420000001,0.61234635
149,496.625,0.592149632,0.61253244
150,496.6875,0.597285348,0.61309433
151,496.75,0.6041126520000001,0.61476684
152,496.8125,0.61036592,0.62713146
153,496.875,0.61461821,0.6330893
154,496.9375,0.617400816,0.63665015
155,497.0,0.621282499,0.6380345
156,497.0625,0.626968972,0.6375538
157,497.125,0.633139579,0.63348156
158,497.1875,0.637631598,0.6294855
159,497.25,0.639027009,0.6239007
160,497.3125,0.636635437,0.61284727
161,497.375,0.6307688570000001,0.604047
162,497.4375,0.622707094,0.6212163
163,497.5,0.613837527,0.63122606
164,497.5625,0.606934588,0.626761
165,497.625,0.607070136,0.6218307
166,497.6875,0.615444703,0.6202099
167,497.75,0.628667866,0.6198271
168,497.8125,0.642118334,0.63092005
169,497.875,0.653868,0.6398102
170,497.9375,0.6639003529999999,0.6454551
171,498.0,0.674744855,0.64974624
172,498.0625,0.68591375,0.6483361
173,498.125,0.694901628,0.64297163
174,498.1875,0.702130206,0.6376662
175,498.25,0.707837492,0.63396126
176,498.3125,0.708590728,0.6276563
177,498.375,0.701276175,0.6238825
178,498.4375,0.686495355,0.63541573
179,498.5,0.667816771,0.64262605
180,498.5625,0.652808631,0.63824326
181,498.625,0.649754842,0.6356407
182,498.6875,0.659670027,0.63574195
183,498.75,0.675334688,0.6347736
184,498.8125,0.6891518109999999,0.64166355
185,498.875,0.6995566540000001,0.64732546
186,498.9375,0.7092859490000001,0.6486375
187,499.0,0.723880454,0.65036
188,499.0625,0.7464308470000001,0.6510967
189,499.125,0.7693454720000001,0.6447118
190,499.1875,0.782488225,0.6374221
191,499.25,0.7878468279999999,0.6313895
192,499.3125,0.7863889340000001,0.6258373
193,499.375,0.7740753890000001,0.62080276
194,499.4375,0.7486393339999999,0.62723416
195,499.5,0.717327742,0.63430476
196,499.5625,0.696718616,0.62715125
197,499.625,0.698416395,0.6269079
198,499.6875,0.7188264649999999,0.6296878
199,499.75,0.740844176,0.63315374
200,499.8125,0.75204507,0.64220077
201,499.875,0.7517234359999999,0.6462562
202,499.9375,0.749224729,0.64815205
203,500.0,0.7566705509999998,0.647622
204,500.0625,0.778819866,0.64919335
205,500.125,0.806811743,0.64763534
206,500.1875,0.8212914910000001,0.642459
207,500.25,0.8137664230000001,0.6359788
208,500.3125,0.790951774,0.629448
209,500.375,0.761210685,0.6223385
210,500.4375,0.7283655720000001,0.62782407
211,500.5,0.6972125459999999,0.63480765
212,500.5625,0.675079595,0.6301223
213,500.625,0.668054264,0.62843055
214,500.6875,0.674287135,0.6242645
215,500.75,0.685852267,0.6235865
216,500.8125,0.697947435,0.6280932
217,500.875,0.7097142040000001,0.6311392
218,500.9375,0.7289344509999999,0.63384247
219,501.0,0.765160175,0.63843584
220,501.0625,0.811413922,0.6373512
221,501.125,0.846973056,0.63377845
222,501.1875,0.861542435,0.6297501
223,501.25,0.8537798529999999,0.6230808
224,501.3125,0.8280482720000001,0.61693436
225,501.375,0.789877918,0.608182
226,501.4375,0.746073412,0.59015685
227,501.5,0.7092132,0.594357
228,501.5625,0.69207759,0.58936167
229,501.625,0.69813419,0.58662146
230,501.6875,0.718511507,0.5854489
231,501.75,0.742356995,0.5891909
232,501.8125,0.76097547,0.59332854
233,501.875,0.768402365,0.6014318
234,501.9375,0.773022325,0.6106472
235,502.0,0.7866516819999999,0.6171918
236,502.0625,0.8036708220000001,0.6178463
237,502.125,0.8102551709999998,0.61277837
238,502.1875,0.803499577,0.6082125
239,502.25,0.7888845,0.60512346
240,502.3125,0.7680462809999999,0.6042687
241,502.375,0.739175977,0.59686446
242,502.4375,0.7038307309999999,0.5603572
243,502.5,0.670796808,0.5532849
244,502.5625,0.6530040420000001,0.55270725
245,502.625,0.654044899,0.5553233
246,502.6875,0.668152477,0.55846864
247,502.75,0.68626705,0.56199425
248,502.8125,0.693223817,0.56810427
249,502.875,0.681874814,0.57847124
250,502.9375,0.663364956,0.5879203
251,503.0,0.652114747,0.59800917
252,503.0625,0.648174571,0.5968677
253,503.125,0.645185154,0.59150106
254,503.1875,0.640455286,0.586809
255,503.25,0.632067406,0.580111
256,503.3125,0.619745538,0.57267666
257,503.375,0.604853805,0.56594926
258,503.4375,0.588422252,0.5766057
259,503.5,0.57219846,0.58969134
260,503.5625,0.559005297,0.5853322
261,503.625,0.551890518,0.583754
262,503.6875,0.550686207,0.5848418
263,503.75,0.552672556,0.5846846
264,503.8125,0.555320219,0.60243976
265,503.875,0.5575687220000001,0.6174058
266,503.9375,0.559056233,0.62123674
267,504.0,0.560275191,0.6180027
268,504.0625,0.563328237,0.6175076
269,504.125,0.569475327,0.6165951
270,504.1875,0.576379044,0.6121213
271,504.25,0.579934294,0.5972348
272,504.3125,0.579137056,0.5875058
273,504.375,0.576055897,0.5838449
274,504.4375,0.5714258560000001,0.59916705
275,504.5,0.564923763,0.61497325
276,504.5625,0.559330997,0.6087338
277,504.625,0.560304203,0.6026717
278,504.6875,0.570327001,0.60412115
279,504.75,0.586458529,0.6064958
280,504.8125,0.603023092,0.6184357
281,504.875,0.616258381,0.6253609
282,504.9375,0.6300641,0.6278371
283,505.0,0.65318809,0.62782437
284,505.0625,0.6915035340000001,0.6236624
285,505.125,0.7407917829999999,0.6192268
286,505.1875,0.789005663,0.61697996
287,505.25,0.8149329909999998,0.6128645
288,505.3125,0.8062152190000001,0.60752255
289,505.375,0.7693080720000001,0.5998329
290,505.4375,0.724227979,0.59086245
291,505.5,0.6885855609999999,0.6000546
292,505.5625,0.671889803,0.58665186
293,505.625,0.6866597520000001,0.58806574
294,505.6875,0.7311495379999999,0.58970505
295,505.75,0.772559326,0.59393716
296,505.8125,0.7932812920000001,0.6077362
297,505.875,0.7936942490000001,0.6191193
298,505.9375,0.785351354,0.62906533
299,506.0,0.7792246959999999,0.63576335
300,506.0625,0.7724868,0.6337323
301,506.125,0.762417455,0.62889683
302,506.1875,0.751725358,0.62411404
303,506.25,0.738858219,0.615709
304,506.3125,0.72095887,0.6096925
305,506.375,0.698004886,0.6043584
306,506.4375,0.670915487,0.6134474
307,506.5,0.642967011,0.62972486
308,506.5625,0.619419687,0.6284867
309,506.625,0.605174625,0.62790567
310,506.6875,0.600997106,0.6314416
311,506.75,0.603656799,0.6364278
312,506.8125,0.6085527279999999,0.64219105
313,506.875,0.6131682039999999,0.64680946
314,506.9375,0.62071518,0.650508
315,507.0,0.634698565,0.65235263
316,507.0625,0.65476698,0.65181816
317,507.125,0.6762836309999999,0.64593023
318,507.1875,0.695590987,0.6407434
319,507.25,0.712621174,0.638007
320,507.3125,0.722480612,0.6347123
321,507.375,0.7185798449999999,0.6297992
322,507.4375,0.70101353,0.63428503
323,507.5,0.677794793,0.64602333
324,507.5625,0.658032352,0.64445806
325,507.625,0.646805235,0.64357305
326,507.6875,0.6452890689999999,0.6407446
327,507.75,0.650677982,0.6393329
328,507.8125,0.6602971910000001,0.6432629
329,507.875,0.672129509,0.6478395
330,507.9375,0.68643481,0.6526354
331,508.0,0.70259209,0.65495336
332,508.0625,0.717293142,0.6551968
333,508.125,0.726502735,0.6507018
334,508.1875,0.728478691,0.64637935
335,508.25,0.7248181709999999,0.64162827
336,508.3125,0.71668132,0.6345131
337,508.375,0.7042596440000001,0.6276584
338,508.4375,0.687913305,0.6332054
339,508.5,0.669481412,0.6405586
340,508.5625,0.652914856,0.6345864
341,508.625,0.644754078,0.6279635
342,508.6875,0.648309027,0.62555313
343,508.75,0.661149888,0.6279155
344,508.8125,0.676374757,0.63546485
345,508.875,0.688130302,0.6434362
346,508.9375,0.6950144859999999,0.6426887
347,509.0,0.7025918440000001,0.64457697
348,509.0625,0.7186310099999998,0.64522284
349,509.125,0.7399154329999998,0.64054054
350,509.1875,0.7554002679999998,0.6297632
351,509.25,0.761214188,0.6213018
352,509.3125,0.761732325,0.61559755
353,509.375,0.7572205769999999,0.6107447
354,509.4375,0.742688855,0.60829693
355,509.5,0.718484412,0.6077978
356,509.5625,0.697241852,0.6008755
357,509.625,0.6925668229999999,0.5956057
358,509.6875,0.7031849,0.5968283
359,509.75,0.717255915,0.59805757
360,509.8125,0.724584542,0.60951334
361,509.875,0.722809637,0.6175926
362,509.9375,0.715405761,0.6202627
363,510.0,0.711049755,0.6256047
364,510.0625,0.7138412559999999,0.6221989
365,510.125,0.71837736,0.6185504
366,510.1875,0.719673612,0.61551213
367,510.25,0.713923587,0.61092824
368,510.3125,0.699750157,0.6046468
369,510.375,0.6789372490000001,0.5983901
370,510.4375,0.65530482,0.598395
371,510.5,0.6328743689999999,0.61501336
372,510.5625,0.614521749,0.6149897
373,510.625,0.601671709,0.61341137
374,510.6875,0.594201132,0.6084225
375,510.75,0.590743709,0.60359067
376,510.8125,0.590055354,0.6077426
377,510.875,0.591937148,0.61603415
378,510.9375,0.596144635,0.6121381
379,511.0,0.603413345,0.6171034
380,511.0625,0.61575208,0.6206063
381,511.125,0.62782349,0.61516565
382,511.1875,0.633260104,0.6101279
383,511.25,0.631670144,0.60637283
384,511.3125,0.625043888,0.60078216
385,511.375,0.614875292,0.59438694
386,511.4375,0.601932939,0.59456295
387,511.5,0.588473837,0.6019599
388,511.5625,0.579926807,0.59546125
389,511.625,0.583747094,0.5934633
390,511.6875,0.600065511,0.59475374
391,511.75,0.621803216,0.5970984
392,511.8125,0.641248307,0.6079797
393,511.875,0.657014425,0.61791337
394,511.9375,0.670053282,0.6253853
395,512.0,0.6859168059999999,0.6343663
396,512.0625,0.702807796,0.6362921
397,512.125,0.712708937,0.63467366
398,512.1875,0.710584873,0.6269063
399,512.25,0.698792335,0.61612886
400,512.3125,0.6867153290000001,0.6118429
401,512.375,0.67766886,0.6070314
402,512.4375,0.6656954589999999,0.60860825
403,512.5,0.6490930079999999,0.61982137
404,512.5625,0.635147104,0.6209728
405,512.625,0.631420278,0.6183294
406,512.6875,0.637165915,0.6203751
407,512.75,0.647667488,0.62300706
408,512.8125,0.657352654,0.6364224
409,512.875,0.6631838729999999,0.64728475
410,512.9375,0.663140152,0.6466472
411,513.0,0.662521648,0.64360464
412,513.0625,0.6765971,0.64543784
413,513.125,0.7063960029999999,0.64084625
414,513.1875,0.734087675,0.6368505
415,513.25,0.7484114190000001,0.6326385
416,513.3125,0.7469636209999999,0.62880653
417,513.375,0.7304868659999998,0.6238906
418,513.4375,0.702466108,0.6225508
419,513.5,0.674263163,0.6308903
420,513.5625,0.659033294,0.6315001
421,513.625,0.660792158,0.63183975
422,513.6875,0.6724345909999999,0.63094586
423,513.75,0.6857275620000001,0.6354543
424,513.8125,0.698394673,0.64356726
425,513.875,0.7073645559999999,0.64956385
426,513.9375,0.713725539,0.65381753
427,514.0,0.722711038,0.65588754
428,514.0625,0.7348835979999999,0.65480775
429,514.125,0.748655375,0.6535791
430,514.1875,0.760358915,0.6514771
431,514.25,0.7634150340000001,0.64927286
432,514.3125,0.754493788,0.6469425
433,514.375,0.733895414,0.6429002
434,514.4375,0.704807711,0.6387001
435,514.5,0.675835447,0.6416994
436,514.5625,0.658812408,0.63717854
437,514.625,0.6606517129999999,0.63541156
438,514.6875,0.678335355,0.63511467
439,514.75,0.699795853,0.6369507
440,514.8125,0.716912433,0.64395237
441,514.875,0.726768319,0.64901745
442,514.9375,0.7301964790000001,0.65180296
443,515.0,0.7365966170000001,0.65468174
444,515.0625,0.7512563870000001,0.65387946
445,515.125,0.7684578919999999,0.65028167
446,515.1875,0.781683362,0.6478917
447,515.25,0.786895105,0.64479357
448,515.3125,0.781587606,0.64187384
449,515.375,0.7678223660000001,0.63767385
450,515.4375,0.746431209,0.617617
451,515.5,0.721088737,0.6130259
452,515.5625,0.7064288040000001,0.6082986
453,515.625,0.7144622070000001,0.60727286
454,515.6875,0.7367616240000001,0.6036091
455,515.75,0.7558633379999999,0.6065505
456,515.8125,0.76638962,0.6081819
457,515.875,0.7742655079999999,0.61361885
458,515.9375,0.786990823,0.6192732
459,516.0,0.8072599570000001,0.6246185
460,516.0625,0.830800025,0.6279424
461,516.125,0.843436643,0.6255692
462,516.1875,0.834089843,0.62103814
463,516.25,0.806071264,0.6148333
464,516.3125,0.7707098829999999,0.6093618
465,516.375,0.7343196059999999,0.6015537
466,516.4375,0.699446566,0.5871606
467,516.5,0.669331524,0.5955056
468,516.5625,0.648494527,0.59531254
469,516.625,0.637802972,0.5998317
470,516.6875,0.6337310589999999,0.60457194
471,516.75,0.631231787,0.60415876
472,516.8125,0.627513594,0.61294377
473,516.875,0.6237524489999999,0.6292254
474,516.9375,0.62118979,0.635488
475,517.0,0.619579955,0.63930243
476,517.0625,0.6188325889999999,0.6358077
477,517.125,0.619194152,0.6322352
478,517.1875,0.620708766,0.6271747
479,517.25,0.622060453,0.6240963
480,517.3125,0.621742551,0.62041736
481,517.375,0.618642945,0.6183015
482,517.4375,0.6120369729999999,0.62391055
483,517.5,0.6024000820000001,0.63107204
484,517.5625,0.592483485,0.62687653
485,517.625,0.586416526,0.6237528
486,517.6875,0.586064505,0.62319684
487,517.75,0.5899719489999999,0.6244459
488,517.8125,0.595411864,0.63384116
489,517.875,0.600001779,0.6389234
490,517.9375,0.602719051,0.6400809
491,518.0,0.6058348689999999,0.64359725
492,518.0625,0.6113585229999999,0.6395171
493,518.125,0.618248771,0.633027
494,518.1875,0.625704256,0.6247206
495,518.25,0.6319271089999999,0.6150594
496,518.3125,0.635780529,0.6109067
497,518.375,0.635561331,0.6025984
498,518.4375,0.628932696,0.5934005
499,518.5,0.620135366,0.59702057
500,518.5625,0.620016376,0.5965667
501,518.625,0.636258394,0.5988142
502,518.6875,0.660328847,0.59828305
503,518.75,0.681352005,0.60478127
504,518.8125,0.69666313,0.61416286
505,518.875,0.705338809,0.62227386
506,518.9375,0.712314853,0.62922287
507,519.0,0.728713823,0.63531274
508,519.0625,0.752926346,0.6338168
509,519.125,0.7751680270000001,0.6325399
510,519.1875,0.7921543909999998,0.6306451
511,519.25,0.7957055579999999,0.62722427
512,519.3125,0.7790871949999999,0.62212104
513,519.375,0.745578378,0.6170439
514,519.4375,0.703978153,0.60792017
515,519.5,0.666638226,0.60918105
516,519.5625,0.646305713,0.60823506
517,519.625,0.650000342,0.6113931
518,519.6875,0.667799528,0.6090609
519,519.75,0.685023185,0.61200005
520,519.8125,0.700914417,0.6205443
521,519.875,0.71535752,0.6319153
522,519.9375,0.7253548790000001,0.63499284
523,520.0,0.7383161659999998,0.6408689
524,520.0625,0.762927664,0.6418849
525,520.125,0.7859885870000001,0.639407
526,520.1875,0.8003367670000001,0.63837445
527,520.25,0.8032655470000001,0.6359135
528,520.3125,0.7898626870000001,0.63414603
529,520.375,0.759332571,0.62902206
530,520.4375,0.717288832,0.61924493
531,520.5,0.677254775,0.6186631
532,520.5625,0.655141004,0.61317587
533,520.625,0.662153051,0.6147028
534,520.6875,0.68826741,0.6160602
535,520.75,0.714953835,0.6216375
536,520.8125,0.7320819320000002,0.63111025
537,520.875,0.738559275,0.6393362
538,520.9375,0.7391127030000001,0.6436734
539,521.0,0.744075679,0.64757144
540,521.0625,0.7586232629999999,0.64746654
541,521.125,0.7774434570000001,0.6452267
542,521.1875,0.79437973,0.64348555
543,521.25,0.8042140759999999,0.64410406
544,521.3125,0.7977846,0.6460656
545,521.375,0.773481325,0.6417335
546,521.4375,0.73897747,0.6249106
547,521.5,0.703318034,0.63097
548,521.5625,0.6739633509999999,0.63061786
549,521.625,0.6564575460000001,0.62854964
550,521.6875,0.651067752,0.63019323
551,521.75,0.653333456,0.63316804
552,521.8125,0.657102199,0.63553137
553,521.875,0.660868269,0.6415043
554,521.9375,0.668641351,0.646419
555,522.0,0.682238969,0.64999455
556,522.0625,0.7001363979999999,0.6502065
557,522.125,0.717781098,0.6495455
558,522.1875,0.729542004,0.64815557
559,522.25,0.73103993,0.64614785
560,522.3125,0.7213912659999999,0.64463294
561,522.375,0.705367765,0.6387284
562,522.4375,0.686264852,0.6100801
563,522.5,0.667374111,0.60872364
564,522.5625,0.658313865,0.6095918
565,522.625,0.662746622,0.6081814
566,522.6875,0.675324622,0.60838556
567,522.75,0.688739324,0.60975605
568,522.8125,0.699782728,0.6112596
569,522.875,0.710830932,0.61904544
570,522.9375,0.723449263,0.62566805
571,523.0,0.740071136,0.6290478
572,523.0625,0.7644135999999999,0.6308367
573,523.125,0.7890349620000001,0.62736994
574,523.1875,0.802223342,0.6241315
575,523.25,0.801621039,0.6213326
576,523.3125,0.787120479,0.6164614
577,523.375,0.759554694,0.6078675
578,523.4375,0.72173578,0.5888196
579,523.5,0.682896552,0.5855086
580,523.5625,0.655140323,0.5831462
581,523.625,0.644342162,0.5849025
582,523.6875,0.644647359,0.58707535
583,523.75,0.646441454,0.5942755
584,523.8125,0.645390448,0.61264277
585,523.875,0.6402885420000001,0.6254146
586,523.9375,0.631881493,0.6260074
587,524.0,0.624561011,0.6291751
588,524.0625,0.6227640170000001,0.62646884
589,524.125,0.625783175,0.6232633
590,524.1875,0.63018467,0.61929
591,524.25,0.6322680270000001,0.61365867
592,524.3125,0.63026473,0.60933745
593,524.375,0.623926248,0.6048724
594,524.4375,0.613386192,0.6040141
595,524.5,0.600654561,0.6135746
596,524.5625,0.5901893579999999,0.61373085
597,524.625,0.5851942489999999,0.61731124
598,524.6875,0.585209874,0.61743546
599,524.75,0.587202055,0.6179834
600,524.8125,0.58907754,0.62945676
601,524.875,0.590228509,0.6372499
602,524.9375,0.590661911,0.6402027
603,525.0,0.591683359,0.64076
604,525.0625,0.594780003,0.6404605
605,525.125,0.600072991,0.63606656
606,525.1875,0.605451063,0.62776756
607,525.25,0.609285384,0.62332046
608,525.3125,0.611003885,0.6179672
609,525.375,0.609520549,0.61238056
610,525.4375,0.603551551,0.61454374
611,525.5,0.5944364289999999,0.62023234
612,525.5625,0.588449204,0.6187175
613,525.625,0.5920714260000001,0.61720157
614,525.6875,0.604397485,0.61828643
615,525.75,0.61945052,0.6203484
616,525.8125,0.6330734,0.63120115
617,525.875,0.643075305,0.63475937
618,525.9375,0.653087318,0.6413923
619,526.0,0.67070862,0.64683694
620,526.0625,0.693524809,0.6463809
621,526.125,0.713498706,0.64337736
622,526.1875,0.727575452,0.6395137
623,526.25,0.736465068,0.6370032
624,526.3125,0.737536456,0.6327662
625,526.375,0.728424176,0.628738
626,526.4375,0.7111727640000001,0.6156379
627,526.5,0.6947553040000001,0.61950487
628,526.5625,0.691843751,0.61864716
629,526.625,0.708659128,0.62017655
630,526.6875,0.7350894379999999,0.6193143
631,526.75,0.756849405,0.6204233
632,526.8125,0.773558773,0.6268542
633,526.875,0.7892990190000001,0.63459754
634,526.9375,0.8056123079999999,0.6379694
635,527.0,0.8315363309999999,0.6398493
636,527.0625,0.882012142,0.64001083
637,527.125,0.949319572,0.6383142
638,527.1875,1.004194318,0.6377533
639,527.25,1.032188023,0.64131373
640,527.3125,1.022495929,0.64488435
641,527.375,0.974979288,0.6426838
642,527.4375,0.901290667,0.61082137
643,527.5,0.8229155879999999,0.61174417
644,527.5625,0.7635450559999998,0.6122853
645,527.625,0.7340729490000001,0.61474687
646,527.6875,0.7266088200000002,0.6168388
647,527.75,0.72785009,0.62202233
648,527.8125,0.732062109,0.6304286
649,527.875,0.7337965100000001,0.6389149
650,527.9375,0.7320323879999999,0.64605504
651,528.0,0.7327880440000001,0.648865
652,528.0625,0.740358811,0.6507036
653,528.125,0.7495182129999999,0.64987624
654,528.1875,0.7497809529999999,0.64920104
655,528.25,0.7375871740000001,0.6470382
656,528.3125,0.7160452909999999,0.6437448
657,528.375,0.6898364990000001,0.6396765
658,528.4375,0.661864023,0.6235813
659,528.5,0.636916705,0.6250696
660,528.5625,0.6236981079999999,0.62362224
661,528.625,0.627722971,0.6224689
662,528.6875,0.645828992,0.6252983
663,528.75,0.669771873,0.6313867
664,528.8125,0.690354923,0.63369477
665,528.875,0.704851162,0.6391562
666,528.9375,0.7221508409999999,0.6451372
667,529.0,0.760451775,0.6493254
668,529.0625,0.8154625679999999,0.65293926
669,529.125,0.858550644,0.65866536
670,529.1875,0.8727446209999999,0.66957927
671,529.25,0.863462948,0.6797228
672,529.3125,0.8415235579999999,0.6834984
673,529.375,0.807613467,0.6807384
674,529.4375,0.7629159169999999,0.61716247
675,529.5,0.7178514009999999,0.6073095
676,529.5625,0.6859976729999999,0.6058818
677,529.625,0.675731194,0.6088673
678,529.6875,0.68318667,0.6121111
679,529.75,0.6965938209999999,0.6175334
680,529.8125,0.7076976859999999,0.6140887
681,529.875,0.712075152,0.62314725
682,529.9375,0.71178257,0.6320571
683,530.0,0.7158159279999999,0.63801646
684,530.0625,0.723024129,0.63982946
685,530.125,0.724860231,0.64297545
686,530.1875,0.7263454640000002,0.65564454
687,530.25,0.734247293,0.68523955
688,530.3125,0.7417129250000001,0.68830717
689,530.375,0.736062368,0.675883
690,530.4375,0.709346668,0.59794337
691,530.5,0.6730801129999999,0.5762824
692,530.5625,0.647214931,0.582055
693,530.625,0.6400260520000001,0.58600813
694,530.6875,0.645621424,0.58678925
695,530.75,0.6544368420000001,0.5919115
696,530.8125,0.6569889870000001,0.59310824
697,530.875,0.649584212,0.5973495
698,530.9375,0.644075293,0.6070384
699,531.0,0.650048097,0.6134751
700,531.0625,0.662561521,0.6160746
701,531.125,0.6712191190000001,0.61612797
702,531.1875,0.669501799,0.61242753
703,531.25,0.6566638020000001,0.60990757
704,531.3125,0.6381923420000001,0.60449374
705,531.375,0.6193178979999999,0.5956911
706,531.4375,0.600312369,0.57063407
707,531.5,0.581217585,0.57976776
708,531.5625,0.565300171,0.5689423
709,531.625,0.556893973,0.5686274
710,531.6875,0.557489773,0.57704717
711,531.75,0.5621806229999999,0.5773302
712,531.8125,0.565475346,0.5900773
713,531.875,0.56774686,0.60615945
714,531.9375,0.569256721,0.6136102
715,532.0,0.5708336860000001,0.61839134
716,532.0625,0.573691569,0.6161638
717,532.125,0.5772722339999999,0.6068462
718,532.1875,0.581737892,0.6022714
719,532.25,0.586297167,0.5974707
720,532.3125,0.587636865,0.5927861
721,532.375,0.583398203,0.587274
722,532.4375,0.574340915,0.5704153
723,532.5,0.564620306,0.58022493
724,532.5625,0.561309397,0.57908374
725,532.625,0.5689201660000001,0.5810337
726,532.6875,0.584066062,0.5838878
727,532.75,0.600874704,0.5902721
728,532.8125,0.615300191,0.60047954
729,532.875,0.6263452429999999,0.6127063
730,532.9375,0.640310699,0.62549675
731,533.0,0.6589135079999999,0.6329837
732,533.0625,0.674463732,0.63209933
733,533.125,0.6851974120000001,0.62994134
734,533.1875,0.6940595620000001,0.6256948
735,533.25,0.697751745,0.6199663
736,533.3125,0.6917231070000001,0.6134006
737,533.375,0.676447728,0.6060097
738,533.4375,0.655688275,0.6043053
739,533.5,0.63367591,0.6149796
740,533.5625,0.6159895470000001,0.61329067
741,533.625,0.609875721,0.6123878
742,533.6875,0.615715653,0.60830903
743,533.75,0.628642971,0.61384594
744,533.8125,0.645877708,0.6254454
745,533.875,0.659759311,0.629517
746,533.9375,0.673745525,0.63326967
747,534.0,0.702483315,0.63742197
748,534.0625,0.7465339630000001,0.63691235
749,534.125,0.78521616,0.6314156
750,534.1875,0.813020506,0.6295467
751,534.25,0.827319595,0.62630457
752,534.3125,0.816380101,0.62174106
753,534.375,0.779428008,0.6165889
754,534.4375,0.729530488,0.6165111
755,534.5,0.684304459,0.6281987
756,534.5625,0.6537719820000001,0.6293731
757,534.625,0.639777199,0.6295478
758,534.6875,0.638456169,0.6245495
759,534.75,0.6457602929999999,0.62139773
760,534.8125,0.6643368279999999,0.63141555
761,534.875,0.6905391609999999,0.6395049
762,534.9375,0.714365624,0.64370346
763,535.0,0.735125823,0.64899033
764,535.0625,0.754580888,0.6498151
765,535.125,0.7665513519999999,0.64560235
766,535.1875,0.7687995990000001,0.64424044
767,535.25,0.764001343,0.6416072
768,535.3125,0.7501482979999999,0.6380853
769,535.375,0.7256364040000001,0.6321867
770,535.4375,0.6946279740000001,0.62812066
771,535.5,0.666100834,0.6356881
772,535.5625,0.647265655,0.6343989
773,535.625,0.642456221,0.6307863
774,535.6875,0.649742939,0.63235015
775,535.75,0.663295276,0.6372484
776,535.8125,0.675479229,0.6457855
777,535.875,0.679796814,0.6492817
778,535.9375,0.677610363,0.6508027
779,536.0,0.680627733,0.64912087
780,536.0625,0.6990209479999999,0.64912635
781,536.125,0.73247671,0.6472702
782,536.1875,0.762991284,0.6417143
783,536.25,0.7788711379999999,0.6386809
784,536.3125,0.780736095,0.63821554
785,536.375,0.767957128,0.63141286
786,536.4375,0.7416993820000001,0.61810625
787,536.5,0.709370643,0.61998856
788,536.5625,0.682898855,0.6184677
789,536.625,0.672851237,0.6164122
790,536.6875,0.6775915840000001,0.61557364
791,536.75,0.6887437909999999,0.61763215
792,536.8125,0.6987221990000001,0.6228441
793,536.875,0.7052757609999999,0.6273648
794,536.9375,0.711266836,0.62717164
795,537.0,0.7289538280000001,0.6333419
796,537.0625,0.7602952919999999,0.63260925
797,537.125,0.7887194829999998,0.62870693
798,537.1875,0.804560367,0.6261679
799,537.25,0.8032939429999999,0.6230778
800,537.3125,0.783465222,0.617728
801,537.375,0.75063795,0.6115599
802,537.4375,0.7130187109999999,0.5900441
803,537.5,0.680606632,0.5836763
804,537.5625,0.665625589,0.58186084
805,537.625,0.671758321,0.5830669
806,537.6875,0.6880170529999999,0.58919775
807,537.75,0.700028841,0.59749377
808,537.8125,0.6997523059999999,0.6053926
809,537.875,0.690363319,0.6219256
810,537.9375,0.677615014,0.63278896
811,538.0,0.664744904,0.63627934
812,538.0625,0.654302475,0.6354657
813,538.125,0.648287669,0.63386875
814,538.1875,0.645792798,0.6317067
815,538.25,0.643440268,0.6267132
816,538.3125,0.639114032,0.6234846
817,538.375,0.632431263,0.6180628
818,538.4375,0.622618281,0.6020166
819,538.5,0.610599175,0.60356605
820,538.5625,0.600256597,0.6066315
821,538.625,0.595329998,0.60588354
822,538.6875,0.594978385,0.60126334
823,538.75,0.5965322470000001,0.6017729
824,538.8125,0.6003377010000001,0.6051243
825,538.875,0.60792306,0.6126817
826,538.9375,0.618609065,0.6222256
827,539.0,0.639585924,0.6346022
828,539.0625,0.6755496259999999,0.6463787
829,539.125,0.714534467,0.67348385
830,539.1875,0.7438220749999999,0.714812
831,539.25,0.7619200279999999,0.73515815
832,539.3125,0.7615604670000001,0.7576751
833,539.375,0.7360309199999999,0.7515451
834,539.4375,0.6911312740000001,0.63342816
835,539.5,0.649409282,0.60027134
836,539.5625,0.639890482,0.6124045
837,539.625,0.663815885,0.6142611
838,539.6875,0.690725457,0.62554806
839,539.75,0.7035324940000001,0.62815005
840,539.8125,0.7081658259999999,0.6110723
841,539.875,0.70800124,0.6134957
842,539.9375,0.7098811070000001,0.6204889
843,540.0,0.72189887,0.6249516
844,540.0625,0.7374748019999999,0.625887
845,540.125,0.7401402659999999,0.62548256
846,540.1875,0.726826367,0.62567544
847,540.25,0.707499517,0.61942077
848,540.3125,0.6839012740000001,0.61001056
849,540.375,0.652523695,0.5964893
850,540.4375,0.615880364,0.5820264
851,540.5,0.58299706,0.5924085
852,540.5625,0.5630201770000001,0.5909501
853,540.625,0.560402676,0.59089
854,540.6875,0.570305817,0.59598833
855,540.75,0.585017965,0.60628396
856,540.8125,0.596352498,0.6206651
857,540.875,0.601886192,0.63234043
858,540.9375,0.605078675,0.6403032
859,541.0,0.610575306,0.6458514
860,541.0625,0.618030733,0.6455022
861,541.125,0.625329851,0.64283097
862,541.1875,0.631238553,0.6405214
863,541.25,0.633899305,0.63686955
864,541.3125,0.6319040429999999,0.6332346
865,541.375,0.625476203,0.63109267
866,541.4375,0.6151582560000001,0.6370351
867,541.5,0.6030003279999999,0.64454114
868,541.5625,0.593609678,0.6455487
869,541.625,0.5917159439999999,0.64406514
870,541.6875,0.597595792,0.640257
871,541.75,0.609776488,0.63978684
872,541.8125,0.628548077,0.64389485
873,541.875,0.653634565,0.64914113
874,541.9375,0.6860842009999999,0.65224934
875,542.0,0.7253312279999999,0.65216345
876,542.0625,0.773129728,0.6523588
877,542.125,0.8290757409999999,0.65148866
878,542.1875,0.8745670400000001,0.6496008
879,542.25,0.894453956,0.6478345
880,542.3125,0.88912841,0.6480545
881,542.375,0.863595384,0.64629203
882,542.4375,0.8223061440000001,0.63287824
883,542.5,0.7772738869999999,0.6353698
884,542.5625,0.7458409659999999,0.63457996
885,542.625,0.737228741,0.6349104
886,542.6875,0.744826925,0.63494825
887,542.75,0.75648112,0.63716906
888,542.8125,0.767200184,0.6400711
889,542.875,0.775524821,0.6436095
890,542.9375,0.7834571459999999,0.65064186
891,543.0,0.7993548830000001,0.6556975
892,543.0625,0.817515841,0.65820676
893,543.125,0.8231712269999999,0.65898544
894,543.1875,0.8132223190000001,0.663438
895,543.25,0.7939899659999999,0.67116505
896,543.3125,0.7704896240000001,0.68090117
897,543.375,0.744281585,0.68363667
898,543.4375,0.7174639070000001,0.62439585
899,543.5,0.691653573,0.6180997
900,543.5625,0.670041954,0.61837757
901,543.625,0.660895052,0.619426
902,543.6875,0.66941287,0.6267856
903,543.75,0.6918435709999999,0.6366236
904,543.8125,0.7202830809999999,0.62898946
905,543.875,0.7466812730000001,0.6342867
906,543.9375,0.76978583,0.65162396
907,544.0,0.805484251,0.6656744
908,544.0625,0.8609278249999999,0.68338495
909,544.125,0.913719569,0.69644916
910,544.1875,0.941310596,0.7269229
911,544.25,0.934748507,0.77722067
912,544.3125,0.908636835,0.78774107
913,544.375,0.8662469440000001,0.7974077
914,544.4375,0.804420461,0.66686517
915,544.5,0.74424223,0.61206883
916,544.5625,0.708636177,0.62990236
917,544.625,0.6998655979999999,0.63482136
918,544.6875,0.7036291729999999,0.63882715
919,544.75,0.7045430490000001,0.6337895
920,544.8125,0.695064178,0.6105583
921,544.875,0.675589963,0.6120965
922,544.9375,0.655183759,0.6210016
923,545.0,0.645847585,0.6286187
924,545.0625,0.650935103,0.6378115
925,545.125,0.660440314,0.64195937
926,545.1875,0.664719355,0.6420941
927,545.25,0.656699104,0.6437435
928,545.3125,0.6390110520000001,0.63379294
929,545.375,0.616746849,0.61896074
930,545.4375,0.591759258,0.5654876
931,545.5,0.5677071020000001,0.5573862
932,545.5625,0.551567743,0.5569488
933,545.625,0.548052793,0.5609833
934,545.6875,0.553664276,0.56958526
935,545.75,0.560837106,0.57641774
936,545.8125,0.567272288,0.58089316
937,545.875,0.570195483,0.5915193
938,545.9375,0.5697621270000001,0.6030216
939,546.0,0.5698326220000001,0.6103734
940,546.0625,0.571022617,0.6099725
941,546.125,0.572034119,0.6025321
942,546.1875,0.572340007,0.5982051
943,546.25,0.571819159,0.59289855
944,546.3125,0.568517739,0.5844428
945,546.375,0.5611596010000001,0.5741483
946,546.4375,0.550147458,0.57108134
947,546.5,0.538751984,0.58464396
948,546.5625,0.532367217,0.5831584
949,546.625,0.5351536170000001,0.58027154
950,546.6875,0.545533907,0.5753689
951,546.75,0.561156662,0.58203155
952,546.8125,0.580296781,0.5965287
953,546.875,0.598201665,0.61152977
954,546.9375,0.613538844,0.62089014
955,547.0,0.630813927,0.6283142
956,547.0625,0.651906235,0.6332423
957,547.125,0.669992672,0.6338121
958,547.1875,0.677578337,0.6307515
959,547.25,0.6740268290000001,0.62537825
960,547.3125,0.66481974,0.6223676
961,547.375,0.6518605120000001,0.6162145
962,547.4375,0.634155593,0.6066523
963,547.5,0.616952682,0.6131996
964,547.5625,0.610567981,0.6133607
965,547.625,0.619808084,0.6150415
966,547.6875,0.636671544,0.6117973
967,547.75,0.65341337,0.61555034
968,547.8125,0.668715524,0.6248244
969,547.875,0.678552667,0.63018554
970,547.9375,0.68794565,0.6360717
971,548.0,0.7082263390000001,0.6406753
972,548.0625,0.7363238660000001,0.6382146
973,548.125,0.766701482,0.6335627
974,548.1875,0.8016612749999998,0.6322392
975,548.25,0.8319449350000001,0.6303143
976,548.3125,0.8350625279999999,0.62756574
977,548.375,0.8055867339999999,0.62111783
978,548.4375,0.7581253670000001,0.60839134
979,548.5,0.7109961890000001,0.6140243
980,548.5625,0.680153853,0.61385936
981,548.625,0.673578296,0.6138828
982,548.6875,0.68418325,0.6150377
983,548.75,0.700334123,0.6225446
984,548.8125,0.712290957,0.63284
985,548.875,0.7143625690000001,0.64062005
986,548.9375,0.711767347,0.6452729
987,549.0,0.715156052,0.646237
988,549.0625,0.73136352,0.6476008
989,549.125,0.756456003,0.648074
990,549.1875,0.7737965320000001,0.6454611
991,549.25,0.771575939,0.64176697
992,549.3125,0.75208527,0.63896185
993,549.375,0.722351165,0.6332646
994,549.4375,0.68766086,0.6280309
995,549.5,0.654156108,0.63207954
996,549.5625,0.630313488,0.6262898
997,549.625,0.624013009,0.62603027
998,549.6875,0.634118091,0.63010263
999,549.75,0.650519437,0.6357283
1000,549.8125,0.66202924,0.6371477
1001,549.875,0.667828195,0.6421671
1002,549.9375,0.679145349,0.64842415
1003,550.0,0.701734063,0.6526282
1004,550.0625,0.7336502009999999,0.6545778
1005,550.125,0.765975602,0.65467364
1006,550.1875,0.7932931209999999,0.65599775
1007,550.25,0.8093336490000002,0.65457094
1008,550.3125,0.803553463,0.6531504
1009,550.375,0.776785148,0.64921993
1010,550.4375,0.738569358,0.62315845
1011,550.5,0.698996627,0.6222374
1012,550.5625,0.669095168,0.6176421
1013,550.625,0.658597013,0.61777526
1014,550.6875,0.666951757,0.6180181
1015,550.75,0.6829540159999999,0.6239505
1016,550.8125,0.701683196,0.6250116
1017,550.875,0.7223333909999998,0.63187283
1018,550.9375,0.736432877,0.6364168
1019,551.0,0.7534397990000001,0.64097935
1020,551.0625,0.788071038,0.64393216
1021,551.125,0.832007115,0.6488278
1022,551.1875,0.858910979,0.65558684
1023,551.25,0.856318887,0.65699035
1024,551.3125,0.8283621270000001,0.6562335
1025,551.375,0.782496959,0.6744892
1026,551.4375,0.731176576,0.6072149
1027,551.5,0.6922473000000001,0.58684903
1028,551.5625,0.676702116,0.5920346
1029,551.625,0.68411315,0.59297657
1030,551.6875,0.699091426,0.59580296
1031,551.75,0.70702669,0.6043694
1032,551.8125,0.706222717,0.60037196
1033,551.875,0.7034697390000001,0.6030213
1034,551.9375,0.700159715,0.6109213
1035,552.0,0.69503415,0.6180916
1036,552.0625,0.686689903,0.6190756
1037,552.125,0.672970155,0.61414146
1038,552.1875,0.656727036,0.6099287
1039,552.25,0.642273324,0.6053872
1040,552.3125,0.629569645,0.60013616
1041,552.375,0.615990119,0.59318477
1042,552.4375,0.600427729,0.57161504
1043,552.5,0.585266196,0.5770189
1044,552.5625,0.5737565570000001,0.5756541
1045,552.625,0.5683570410000001,0.58316404
1046,552.6875,0.5679388360000001,0.59079576
1047,552.75,0.568944177,0.5946687
1048,552.8125,0.568455481,0.59907717
1049,552.875,0.567104367,0.61332244
1050,552.9375,0.5674044779999999,0.6198829
1051,553.0,0.5698933279999999,0.623386
1052,553.0625,0.574249572,0.6235842
1053,553.125,0.579607019,0.6188778
1054,553.1875,0.5841053620000001,0.61305296
1055,553.25,0.586458145,0.6067919
1056,553.3125,0.586396989,0.6008706
1057,553.375,0.583776515,0.5957675
1058,553.4375,0.578340802,0.60521483
1059,553.5,0.570725113,0.6214189
1060,553.5625,0.563957696,0.61973125
1061,553.625,0.562273015,0.6175091
1062,553.6875,0.567190217,0.6172359
1063,553.75,0.577057629,0.6173551
1064,553.8125,0.588638976,0.62736076
1065,553.875,0.6009773629999999,0.6375214
1066,553.9375,0.613573892,0.63974404
1067,554.0,0.628618401,0.64290506
1068,554.0625,0.649694345,0.64555556
1069,554.125,0.6726869409999999,0.6438513
1070,554.1875,0.687236108,0.6364294
1071,554.25,0.69109479,0.63100946
1072,554.3125,0.6889545709999999,0.62493145
1073,554.375,0.682365818,0.6183025
1074,554.4375,0.670944557,0.6232444
1075,554.5,0.656863222,0.6293476
1076,554.5625,0.647882999,0.62741834
1077,554.625,0.652970795,0.62787783
1078,554.6875,0.669672212,0.6273411
1079,554.75,0.6890152740000001,0.63184696
1080,554.8125,0.7037132070000001,0.6415916
1081,554.875,0.71005969,0.648639
1082,554.9375,0.710260852,0.6487826
1083,555.0,0.7157194090000001,0.6494689
1084,555.0625,0.738218145,0.64960355
1085,555.125,0.7701920040000001,0.6458049
1086,555.1875,0.7952781040000001,0.64316535
1087,555.25,0.804935304,0.63995683
1088,555.3125,0.796193908,0.6362137
1089,555.375,0.771939225,0.63240993
1090,555.4375,0.7385269040000001,0.6323878
1091,555.5,0.7048765290000001,0.6394462
1092,555.5625,0.6791840370000001,0.6400752
1093,555.625,0.668380845,0.6363928
1094,555.6875,0.671515692,0.6385267
1095,555.75,0.684274125,0.6415594
1096,555.8125,0.698579015,0.6447139
1097,555.875,0.710969029,0.6448712
1098,555.9375,0.733456765,0.6493097
1099,556.0,0.781067164,0.65472907
1100,556.0625,0.837958098,0.6552342
1101,556.125,0.879935279,0.6548993
1102,556.1875,0.896074615,0.6526876
1103,556.25,0.889519006,0.6525961
1104,556.3125,0.866449087,0.65249145
1105,556.375,0.8326373060000001,0.6525822
1106,556.4375,0.794069377,0.63241625
1107,556.5,0.7553442560000001,0.6306057
1108,556.5625,0.727619377,0.6245345
1109,556.625,0.73243502,0.6255079
1110,556.6875,0.7694062340000002,0.6296568
1111,556.75,0.809388295,0.6346167
1112,556.8125,0.826273186,0.63698274
1113,556.875,0.816075874,0.64448804
1114,556.9375,0.789361091,0.64822876
1115,557.0,0.7668230250000001,0.650677
1116,557.0625,0.7667633620000002,0.65224373
1117,557.125,0.78377377,0.65257967
1118,557.1875,0.797892844,0.6538828
1119,557.25,0.795230085,0.653553
1120,557.3125,0.774616757,0.65033156
1121,557.375,0.743151226,0.6463745
1122,557.4375,0.707802974,0.6128429
1123,557.5,0.6759701459999999,0.61158556
1124,557.5625,0.654045925,0.60951555
1125,557.625,0.646060298,0.60978174
1126,557.6875,0.648814551,0.60805655
1127,557.75,0.6554511,0.6119623
1128,557.8125,0.661723525,0.6203355
1129,557.875,0.6648043260000001,0.6286901
1130,557.9375,0.665433677,0.6313044
1131,558.0,0.6713297559999999,0.6346279
1132,558.0625,0.689066483,0.6361607
1133,558.125,0.713423425,0.6344651
1134,558.1875,0.7320763459999999,0.6310199
1135,558.25,0.74108053,0.63038796
1136,558.3125,0.740727627,0.6271111
1137,558.375,0.729247704,0.6196095
1138,558.4375,0.706746385,0.59757906
1139,558.5,0.68007058,0.6044121
1140,558.5625,0.658295986,0.60171753
1141,558.625,0.646867266,0.6000595
1142,558.6875,0.6450915070000001,0.6042248
1143,558.75,0.647950456,0.60958606
1144,558.8125,0.649794604,0.61934155
1145,558.875,0.647906742,0.6276234
1146,558.9375,0.643753225,0.63242203
1147,559.0,0.6414113889999999,0.6340191
1148,559.0625,0.643405755,0.6313637
1149,559.125,0.648825643,0.62537426
1150,559.1875,0.65517816,0.6216448
1151,559.25,0.6589053420000001,0.6160414
1152,559.3125,0.657002551,0.61046463
1153,559.375,0.6493787529999999,0.60571676
1154,559.4375,0.6362692010000001,0.60160285
1155,559.5,0.619482093,0.60052663
1156,559.5625,0.604476409,0.5970757
1157,559.625,0.597900514,0.5925722
1158,559.6875,0.600032268,0.5869053
1159,559.75,0.606926299,0.59020984
1160,559.8125,0.615697476,0.60347056
1161,559.875,0.622380175,0.6127013
1162,559.9375,0.624254347,0.61794287
1163,560.0,0.625939783,0.62619424
1164,560.0625,0.62940173,0.62643903
1165,560.125,0.631624399,0.6218079
1166,560.1875,0.6309323410000001,0.6152213
1167,560.25,0.6273457060000001,0.6083594
1168,560.3125,0.621195615,0.60112154
1169,560.375,0.612471188,0.5936461
1170,560.4375,0.601209478,0.59348947
1171,560.5,0.58905688,0.6087524
1172,560.5625,0.579650215,0.6062227
1173,560.625,0.576870798,0.6072557
1174,560.6875,0.58102027,0.6079326
1175,560.75,0.58850528,0.60983855
1176,560.8125,0.5964755070000001,0.6205104
1177,560.875,0.603842925,0.62807494
1178,560.9375,0.612763717,0.6347138
1179,561.0,0.6271714660000001,0.63768685
1180,561.0625,0.646790537,0.63759565
1181,561.125,0.668793595,0.6359998
1182,561.1875,0.687699262,0.63445204
1183,561.25,0.696976962,0.63173926
1184,561.3125,0.693913087,0.6287054
1185,561.375,0.680218042,0.62608826
1186,561.4375,0.659540075,0.62968403
1187,561.5,0.638002052,0.63906294
1188,561.5625,0.622502563,0.64013773
1189,561.625,0.617823349,0.6384974
1190,561.6875,0.622764494,0.6347339
1191,561.75,0.634350699,0.6383277
1192,561.8125,0.649570743,0.64428663
1193,561.875,0.6634807070000001,0.6494414
1194,561.9375,0.675838763,0.6502266
1195,562.0,0.6943480679999999,0.65177405
1196,562.0625,0.723941405,0.64955014
1197,562.125,0.7598060469999999,0.64566904
1198,562.1875,0.7924532029999999,0.6419404
1199,562.25,0.812231451,0.63956964
1200,562.3125,0.8121221409999999,0.63816816
1201,562.375,0.7899429670000001,0.63587815
1202,562.4375,0.751330287,0.62843055
1203,562.5,0.7152908040000001,0.6272201
1204,562.5625,0.703793115,0.62795925
1205,562.625,0.7253571479999998,0.63063496
1206,562.6875,0.7631459290000001,0.63630587
1207,562.75,0.791201113,0.6394901
1208,562.8125,0.798799023,0.6444091
1209,562.875,0.794407588,0.64964414
1210,562.9375,0.792074407,0.6545518
1211,563.0,0.802998679,0.6570281
1212,563.0625,0.8241007990000001,0.6570137
1213,563.125,0.843203736,0.6566115
1214,563.1875,0.8485995740000001,0.65474975
1215,563.25,0.8326145119999999,0.6514219
1216,563.3125,0.798341395,0.6504737
1217,563.375,0.758238915,0.6502159
1218,563.4375,0.725866399,0.6281122
1219,563.5,0.7060928209999999,0.62990105
1220,563.5625,0.696958702,0.62611926
1221,563.625,0.7009222009999999,0.62553847
1222,563.6875,0.718125935,0.62600875
1223,563.75,0.7383678309999999,0.6313873
1224,563.8125,0.753758055,0.6365533
1225,563.875,0.7557113329999999,0.6402204
1226,563.9375,0.750804156,0.64344263
1227,564.0,0.768320775,0.64757544
1228,564.0625,0.8105322090000002,0.6490695
1229,564.125,0.8428040360000001,0.64756507
1230,564.1875,0.8456967400000001,0.64468575
1231,564.25,0.8230421949999999,0.64067215
1232,564.3125,0.78526759,0.63656735
1233,564.375,0.742665247,0.629374
1234,564.4375,0.7025907459999999,0.61254674
1235,564.5,0.670777987,0.6127545
1236,564.5625,0.650846856,0.6112103
1237,564.625,0.6448708329999999,0.61192304
1238,564.6875,0.647454645,0.6141345
1239,564.75,0.651386914,0.6155706
1240,564.8125,0.652649647,0.6233176
1241,564.875,0.6520836,0.6321686
1242,564.9375,0.6522726329999999,0.6363643
1243,565.0,0.656567217,0.6435064
1244,565.0625,0.665065789,0.6441996
1245,565.125,0.6727707690000001,0.64085096
1246,565.1875,0.676721398,0.63802695
1247,565.25,0.6764970440000001,0.6348033
1248,565.3125,0.672010585,0.63041276
1249,565.375,0.663792327,0.6257208
1250,565.4375,0.653010223,0.6253146
1251,565.5,0.641568765,0.63338256
1252,565.5625,0.632196835,0.6318993
1253,565.625,0.6278483579999999,0.62966895
1254,565.6875,0.629335787,0.624413
1255,565.75,0.634985506,0.62644345
1256,565.8125,0.642905184,0.63435197
1257,565.875,0.64993917,0.6390424
1258,565.9375,0.6548885179999999,0.6424182
1259,566.0,0.66072652,0.64260364
1260,566.0625,0.670383841,0.6426081
1261,566.125,0.6832043459999999,0.64149016
1262,566.1875,0.693880568,0.63890195
1263,566.25,0.697093631,0.6347611
1264,566.3125,0.6917958890000001,0.6331462
1265,566.375,0.680848606,0.6311989
1266,566.4375,0.667405942,0.6085709
1267,566.5,0.654020811,0.6050503
1268,566.5625,0.6466383960000001,0.6009046
1269,566.625,0.651491655,0.6027172
1270,566.6875,0.666888664,0.6071888
1271,566.75,0.6810528809999999,0.6147632
1272,566.8125,0.6823889129999999,0.61741805
1273,566.875,0.672503483,0.624273
1274,566.9375,0.6628591079999999,0.6303019
1275,567.0,0.662814604,0.6370278
1276,567.0625,0.672252904,0.64163375
1277,567.125,0.679542808,0.6442269
1278,567.1875,0.680011055,0.6523241
1279,567.25,0.675420505,0.6644079
1280,567.3125,0.665391139,0.6812577
1281,567.375,0.648235241,0.686758
1282,567.4375,0.6253005779999999,0.6057904
1283,567.5,0.603078259,0.58931303
1284,567.5625,0.5917063379999999,0.59746647
1285,567.625,0.5967850889999999,0.60601985
1286,567.6875,0.613166069,0.6136503
1287,567.75,0.62983142,0.63036907
1288,567.8125,0.642968181,0.62740374
1289,567.875,0.667293289,0.6350748
1290,567.9375,0.715425894,0.6488894
1291,568.0,0.775521448,0.66048336
1292,568.0625,0.826514785,0.6639891
1293,568.125,0.8599509309999999,0.66727483
1294,568.1875,0.86391728,0.66984886
1295,568.25,0.8324053909999999,0.6837692
1296,568.3125,0.782323224,0.68974596
1297,568.375,0.7336582629999999,0.688293
1298,568.4375,0.689325492,0.61063457
1299,568.5,0.6514800470000001,0.5968545
1300,568.5625,0.629648262,0.59894526
1301,568.625,0.630838442,0.6005098
1302,568.6875,0.646046308,0.6034098
1303,568.75,0.662682578,0.6085842
1304,568.8125,0.670225831,0.6163666
1305,568.875,0.6653230920000001,0.6284293
1306,568.9375,0.6540280079999999,0.6336488
1307,569.0,0.649272744,0.63728493
1308,569.0625,0.65790017,0.6393219
1309,569.125,0.670568859,0.6367853
1310,569.1875,0.6758890879999999,0.63251835
1311,569.25,0.6736656959999999,0.6283476
1312,569.3125,0.665231406,0.6250675
1313,569.375,0.650231242,0.61956006
1314,569.4375,0.6291275829999999,0.61552286
1315,569.5,0.607419947,0.625102
1316,569.5625,0.5932268479999999,0.6248075
1317,569.625,0.590721826,0.62642497
1318,569.6875,0.597480708,0.62857014
1319,569.75,0.608200772,0.6337534
1320,569.8125,0.619173014,0.6434011
1321,569.875,0.628417256,0.64762133
1322,569.9375,0.6371532910000001,0.6490715
1323,570.0,0.656216476,0.6531389
1324,570.0625,0.687846831,0.65279275
1325,570.125,0.718651924,0.64914775
1326,570.1875,0.741511985,0.6466168
1327,570.25,0.75456527,0.64366263
1328,570.3125,0.752152753,0.6382113
1329,570.375,0.7349307509999999,0.6340387
1330,570.4375,0.7093151529999999,0.63089275
1331,570.5,0.6830896040000001,0.63951474
1332,570.5625,0.663656056,0.6397498
1333,570.625,0.654266448,0.63833815
1334,570.6875,0.653545915,0.6379911
1335,570.75,0.658371333,0.6373898
1336,570.8125,0.665719935,0.64295983
1337,570.875,0.6739481909999999,0.647188
1338,570.9375,0.682862803,0.64891344
1339,571.0,0.6961286520000001,0.6500287
1340,571.0625,0.7158164290000001,0.65058833
1341,571.125,0.7351709380000001,0.6481778
1342,571.1875,0.7446224309999999,0.64505833
1343,571.25,0.7410199789999999,0.64138323
1344,571.3125,0.726839873,0.6361507
1345,571.375,0.7052655179999999,0.6303724
1346,571.4375,0.6798553420000001,0.62596846
1347,571.5,0.656798435,0.63175726
1348,571.5625,0.642697792,0.6318146
1349,571.625,0.640500344,0.6284425
1350,571.6875,0.646399505,0.6233246
1351,571.75,0.65629411,0.62764806
1352,571.8125,0.667510875,0.6368154
1353,571.875,0.6755920679999999,0.64405584
1354,571.9375,0.679911154,0.6492436
1355,572.0,0.684402781,0.6540407
1356,572.0625,0.6902841959999999,0.65447766
1357,572.125,0.695251673,0.6524933
1358,572.1875,0.697162251,0.6487054
1359,572.25,0.6950641540000001,0.64237696
1360,572.3125,0.689715959,0.6383495
1361,572.375,0.682035976,0.63165915
1362,572.4375,0.672122867,0.62657374
1363,572.5,0.6619896829999999,0.6356849
1364,572.5625,0.655974854,0.63436794
1365,572.625,0.656030081,0.6328424
1366,572.6875,0.660844941,0.6349102
1367,572.75,0.666920803,0.63631266
1368,572.8125,0.670866075,0.64395696
1369,572.875,0.670455737,0.6408579
1370,572.9375,0.6689327979999999,0.63991445
1371,573.0,0.677493035,0.64043397
1372,573.0625,0.699564959,0.641775
1373,573.125,0.7263924620000001,0.6409675
1374,573.1875,0.7447082770000002,0.63898337
1375,573.25,0.747434412,0.6356158
1376,573.3125,0.735427525,0.6304864
1377,573.375,0.713804256,0.6240511
1378,573.4375,0.6885754740000001,0.61635274
1379,573.5,0.664692654,0.6208984
1380,573.5625,0.6469064370000001,0.6083694
1381,573.625,0.640253882,0.60312897
1382,573.6875,0.646753425,0.60270995
1383,573.75,0.65983461,0.6031287
1384,573.8125,0.670199325,0.6046868
1385,573.875,0.67766395,0.6116556
1386,573.9375,0.6871428820000001,0.6220179
1387,574.0,0.695483785,0.6266969
1388,574.0625,0.698241757,0.6296313
1389,574.125,0.696045072,0.62868553
1390,574.1875,0.6905924520000001,0.62839264
1391,574.25,0.681826985,0.625354
1392,574.3125,0.668232465,0.62153256
1393,574.375,0.649114776,0.61587054
1394,574.4375,0.625758275,0.5970656
1395,574.5,0.6029585789999999,0.60440695
1396,574.5625,0.586229996,0.6062928
1397,574.625,0.580128716,0.60425645
1398,574.6875,0.583444025,0.60486054
1399,574.75,0.592568357,0.6070099
1400,574.8125,0.603358457,0.61304986
1401,574.875,0.6156705729999999,0.625036
1402,574.9375,0.631954749,0.63289714
1403,575.0,0.653504994,0.63608044
1404,575.0625,0.682523165,0.63700175
1405,575.125,0.7196612880000001,0.6392844
1406,575.1875,0.7542842559999998,0.6421685
1407,575.25,0.7707712489999999,0.6446989
1408,575.3125,0.762060999,0.6445579
1409,575.375,0.7313301170000001,0.6399676
1410,575.4375,0.690520853,0.6141158
1411,575.5,0.65582096,0.6178562
1412,575.5625,0.63862517,0.6177866
1413,575.625,0.642398281,0.618987
1414,575.6875,0.661837634,0.6223871
1415,575.75,0.68308863,0.62678844
1416,575.8125,0.6953506509999999,0.6328583
1417,575.875,0.697380702,0.63707685
1418,575.9375,0.703759076,0.6424794
1419,576.0,0.7290424379999999,0.64891326
1420,576.0625,0.7634114729999999,0.65043926
1421,576.125,0.7827955759999998,0.6482369
1422,576.1875,0.7796802290000001,0.64600176
1423,576.25,0.7631717570000001,0.6469411
1424,576.3125,0.7435177470000001,0.6470516
1425,576.375,0.7237056009999998,0.64260226
1426,576.4375,0.699875433,0.62467045
1427,576.5,0.6718926340000001,0.6272611
1428,576.5625,0.649607985,0.6264088
1429,576.625,0.64427582,0.6264627
1430,576.6875,0.655986217,0.6311303
1431,576.75,0.674033228,0.6349899
1432,576.8125,0.688832674,0.6408645
1433,576.875,0.698662529,0.6437113
1434,576.9375,0.71332411,0.6474419
1435,577.0,0.7488128890000002,0.65338373
1436,577.0625,0.8035783120000001,0.65661556
1437,577.125,0.8582035920000001,0.6565285
1438,577.1875,0.887720418,0.6560248
1439,577.25,0.881170228,0.65709096
1440,577.3125,0.8492841840000002,0.6598404
1441,577.375,0.805673118,0.65705156
1442,577.4375,0.7566590470000002,0.6285034
1443,577.5,0.7114588820000001,0.62650144
1444,577.5625,0.682769396,0.6266133
1445,577.625,0.6744946890000001,0.62955827
1446,577.6875,0.678278102,0.6311322
1447,577.75,0.684094291,0.6358386
1448,577.8125,0.685561775,0.6406978
1449,577.875,0.6818461809999999,0.648572
1450,577.9375,0.6764100479999999,0.6522555
1451,578.0,0.6738943159999999,0.6523822
1452,578.0625,0.6809058040000001,0.65253663
1453,578.125,0.700524962,0.65203583
1454,578.1875,0.7210972580000001,0.6496827
1455,578.25,0.727708425,0.6465834
1456,578.3125,0.717219475,0.643152
1457,578.375,0.696040276,0.634477
1458,578.4375,0.6717789470000001,0.61917144
1459,578.5,0.650080977,0.6254785
1460,578.5625,0.63426567,0.6253737
1461,578.625,0.627595943,0.6178361
1462,578.6875,0.629679309,0.61875856
1463,578.75,0.638872607,0.6235498
1464,578.8125,0.649595653,0.6282773
1465,578.875,0.65743168,0.63281065
1466,578.9375,0.667264518,0.6376379
1467,579.0,0.6854268729999999,0.640962
1468,579.0625,0.709067587,0.6411002
1469,579.125,0.731246796,0.63915384
1470,579.1875,0.7461427299999999,0.6358442
1471,579.25,0.749219609,0.63100076
1472,579.3125,0.74007425,0.62416136
1473,579.375,0.7229044090000001,0.61905515
1474,579.4375,0.701314852,0.61712635
1475,579.5,0.678114535,0.62547374
1476,579.5625,0.65775076,0.62406194
1477,579.625,0.64482342,0.6225173
1478,579.6875,0.639817855,0.62181544
1479,579.75,0.639763097,0.6209633
1480,579.8125,0.6414756110000001,0.6279317
1481,579.875,0.643438426,0.6341334
1482,579.9375,0.645983577,0.64023006
1483,580.0,0.650266911,0.6440451
1484,580.0625,0.654715742,0.63881636
1485,580.125,0.65797233,0.632506
1486,580.1875,0.661340928,0.6273793
1487,580.25,0.663813608,0.62281936
1488,580.3125,0.662897514,0.6199174
1489,580.375,0.6567796539999999,0.6149081
1490,580.4375,0.644966396,0.6129325
1491,580.5,0.6299594070000001,0.6255611
1492,580.5625,0.616758578,0.62246305
1493,580.625,0.608845422,0.62434596
1494,580.6875,0.606595652,0.6279257
1495,580.75,0.607370111,0.623774
1496,580.8125,0.608134075,0.6316774
1497,580.875,0.608820225,0.6400153
1498,580.9375,0.6098495079999999,0.6440892
1499,581.0,0.6114493329999999,0.648013
1500,581.0625,0.613774611,0.6488794
1501,581.125,0.6158654920000001,0.6463954
1502,581.1875,0.6165214179999999,0.641129
1503,581.25,0.614936601,0.63266045
1504,581.3125,0.611464772,0.62480444
1505,581.375,0.6074396870000001,0.6198565
1506,581.4375,0.6032781070000001,0.6269176
1507,581.5,0.59817884,0.6415924
1508,581.5625,0.592157874,0.63909775
1509,581.625,0.5880711279999999,0.6345089
1510,581.6875,0.589705975,0.63324654
1511,581.75,0.598047525,0.63585126
1512,581.8125,0.611101388,0.6461122
1513,581.875,0.6244285970000001,0.6496057
1514,581.9375,0.635163475,0.651152
1515,582.0,0.651859679,0.6551913
1516,582.0625,0.6786254340000001,0.6538003
1517,582.125,0.709016395,0.65101427
1518,582.1875,0.739051846,0.648346
1519,582.25,0.7632754359999999,0.6451455
1520,582.3125,0.77991321,0.64798677
1521,582.375,0.796739663,0.65214884
1522,582.4375,0.805834342,0.62467027
1523,582.5,0.796963215,0.6228193
1524,582.5625,0.7920515320000001,0.6203278
1525,582.625,0.824509002,0.6223836
1526,582.6875,0.88995122,0.6236904
1527,582.75,0.944064055,0.6270156
1528,582.8125,0.962314857,0.6280505
1529,582.875,0.9651259230000001,0.63256204
1530,582.9375,0.9897815980000001,0.64155036
1531,583.0,1.039574074,0.6463512
1532,583.0625,1.082621912,0.6464168
1533,583.125,1.096428083,0.64683306
1534,583.1875,1.068834421,0.64470005
1535,583.25,1.003330356,0.64077634
1536,583.3125,0.9173295349999999,0.63747215
1537,583.375,0.8310260410000001,0.63171035
1538,583.4375,0.756684726,0.61443096
1539,583.5,0.7016353209999999,0.61812323
1540,583.5625,0.666676536,0.6185443
1541,583.625,0.651943729,0.6215444
1542,583.6875,0.650279768,0.6275547
1543,583.75,0.651326462,0.63320017
1544,583.8125,0.649131618,0.64184475
1545,583.875,0.645152045,0.650101
1546,583.9375,0.6424746729999999,0.652822
1547,584.0,0.646309103,0.6564676
1548,584.0625,0.660867373,0.65855247
1549,584.125,0.6790349790000001,0.6568412
1550,584.1875,0.691266739,0.6555627
1551,584.25,0.6955548659999999,0.6545007
1552,584.3125,0.69169165,0.6525214
1553,584.375,0.680246847,0.6492033
1554,584.4375,0.662902896,0.6463816
1555,584.5,0.6431540729999999,0.649703
1556,584.5625,0.627466037,0.64652115
1557,584.625,0.622466459,0.64771247
1558,584.6875,0.6290675139999999,0.650242
1559,584.75,0.640864422,0.65149724
1560,584.8125,0.650960411,0.65318674
1561,584.875,0.658987137,0.6544002
1562,584.9375,0.671431496,0.6545469
1563,585.0,0.705478776,0.65869987
1564,585.0625,0.7709340809999999,0.6625983
1565,585.125,0.8464680010000001,0.66405064
1566,585.1875,0.898271741,0.6649869
1567,585.25,0.908572267,0.6648244
1568,585.3125,0.882979714,0.66325724
1569,585.375,0.837001046,0.6560156
1570,585.4375,0.7826233330000001,0.63607675
1571,585.5,0.731381298,0.6361543
1572,585.5625,0.6938884479999999,0.6332752
1573,585.625,0.6785546370000001,0.6292814
1574,585.6875,0.684623071,0.62785065
1575,585.75,0.7029563959999999,0.6281618
1576,585.8125,0.723936495,0.6309983
1577,585.875,0.7391599740000001,0.63764054
1578,585.9375,0.7442564770000001,0.64016175
1579,586.0,0.747206895,0.6421301
1580,586.0625,0.7602350899999999,0.64150125
1581,586.125,0.7849760800000001,0.63938814
1582,586.1875,0.807485192,0.6377749
1583,586.25,0.813040215,0.6346334
1584,586.3125,0.7982818550000002,0.630207
1585,586.375,0.767926242,0.6226773
1586,586.4375,0.727780441,0.60463876
1587,586.5,0.6875438690000001,0.60157055
1588,586.5625,0.660319632,0.59817123
1589,586.625,0.653049812,0.60104483
1590,586.6875,0.658780594,0.60331476
1591,586.75,0.665462875,0.61133146
1592,586.8125,0.666919594,0.6232876
1593,586.875,0.661530179,0.63270473
1594,586.9375,0.651987165,0.6371171
1595,587.0,0.643834444,0.6384062
1596,587.0625,0.640546806,0.63872474
1597,587.125,0.641680887,0.6370998
1598,587.1875,0.643477689,0.6322306
1599,587.25,0.642569607,0.6285812
1600,587.3125,0.63811491,0.624792
1601,587.375,0.630108227,0.6195261
1602,587.4375,0.618465873,0.6189129
1603,587.5,0.6050913920000001,0.6229388
1604,587.5625,0.593736954,0.6227047
1605,587.625,0.587922326,0.624247
1606,587.6875,0.5876333,0.62155044
1607,587.75,0.589969293,0.6225902
1608,587.8125,0.5929567179999999,0.63009036
1609,587.875,0.595662227,0.63592726
1610,587.9375,0.5981945129999999,0.6405395
1611,588.0,0.602146604,0.6427517
1612,588.0625,0.608056244,0.64090055
1613,588.125,0.6152364570000001,0.6363388
1614,588.1875,0.622416315,0.6321735
1615,588.25,0.6274841529999999,0.62720394
1616,588.3125,0.628654566,0.6236563
1617,588.375,0.624938224,0.61845857
1618,588.4375,0.615815931,0.61261886
1619,588.5,0.60474408,0.6236891
1620,588.5625,0.5979593529999999,0.6257869
1621,588.625,0.598900226,0.62322515
1622,588.6875,0.6058851160000001,0.6229134
1623,588.75,0.616011805,0.62139213
1624,588.8125,0.627579745,0.62970614
1625,588.875,0.641990714,0.6376327
1626,588.9375,0.658443205,0.63920194
1627,589.0,0.6803028179999999,0.6422083
1628,589.0625,0.7134556190000001,0.6443288
1629,589.125,0.750292034,0.6442893
1630,589.1875,0.7757520170000001,0.6429825
1631,589.25,0.78062667,0.64090806
1632,589.3125,0.765689319,0.6387582
1633,589.375,0.738031593,0.6348879
1634,589.4375,0.7059270609999999,0.6273467
1635,589.5,0.6768517609999999,0.6374117
1636,589.5625,0.656474116,0.63906133
1637,589.625,0.646564323,0.638891
1638,589.6875,0.64547627,0.63626033
1639,589.75,0.650516945,0.6340589
1640,589.8125,0.662298434,0.6391519
1641,589.875,0.680948898,0.6453465
1642,589.9375,0.7048420940000001,0.65037924
1643,590.0,0.7312565329999999,0.65146697
1644,590.0625,0.7569252499999999,0.6502146
1645,590.125,0.783377241,0.64687496
1646,590.1875,0.811492997,0.6449107
1647,590.25,0.831966482,0.64198756
1648,590.3125,0.8309343679999999,0.63861537
1649,590.375,0.8061956029999998,0.6338643
1650,590.4375,0.766575333,0.62239265
1651,590.5,0.7291789740000002,0.6286987
1652,590.5625,0.7095881559999999,0.6321287
1653,590.625,0.7077289609999999,0.63556206
1654,590.6875,0.712288785,0.6401482
1655,590.75,0.7143893440000001,0.64431274
1656,590.8125,0.710526195,0.6488948
1657,590.875,0.704617673,0.6533678
1658,590.9375,0.703091583,0.65685904
1659,591.0,0.710065339,0.6595455
1660,591.0625,0.722772737,0.6575262
1661,591.125,0.7373750230000001,0.6557027
1662,591.1875,0.753065743,0.65329576
1663,591.25,0.763277619,0.650997
1664,591.3125,0.7605385910000001,0.6484865
1665,591.375,0.7435045159999998,0.64712125
1666,591.4375,0.7160011409999999,0.6435734
1667,591.5,0.6846667329999999,0.6498161
1668,591.5625,0.657377112,0.6490966
1669,591.625,0.641408006,0.64513856
1670,591.6875,0.639621556,0.6439437
1671,591.75,0.650813211,0.6478229
1672,591.8125,0.668438773,0.6510377
1673,591.875,0.6838559590000001,0.65635335
1674,591.9375,0.694258777,0.6594538
1675,592.0,0.705421112,0.661832
1676,592.0625,0.72503451,0.662526
1677,592.125,0.749776153,0.66164607
1678,592.1875,0.7694119249999999,0.66163784
1679,592.25,0.7766394,0.6611262
1680,592.3125,0.7685547629999999,0.65924615
1681,592.375,0.746787767,0.6541367
1682,592.4375,0.716777435,0.6356324
1683,592.5,0.68934328,0.62862676
1684,592.5625,0.678609228,0.62587094
1685,592.625,0.6968755440000001,0.6298835
1686,592.6875,0.732783525,0.63379127
1687,592.75,0.761827102,0.6363384
1688,592.8125,0.774036187,0.63727844
1689,592.875,0.7696719449999999,0.6410253
1690,592.9375,0.7596679709999999,0.64414406
1691,593.0,0.7621239999999999,0.6479468
1692,593.0625,0.7830961059999999,0.6497322
1693,593.125,0.808424343,0.6476039
1694,593.1875,0.8193403429999999,0.6467363
1695,593.25,0.8096907459999999,0.6454014
1696,593.3125,0.7876990190000001,0.64701176
1697,593.375,0.759748056,0.6411228
1698,593.4375,0.726514615,0.61386794
1699,593.5,0.6927486829999999,0.6101941
1700,593.5625,0.667779609,0.61045325
1701,593.625,0.658260498,0.6099246
1702,593.6875,0.6604945729999999,0.61113816
1703,593.75,0.668072653,0.61514556
1704,593.8125,0.6749433429999999,0.6194764
1705,593.875,0.675030586,0.6262515
1706,593.9375,0.669695776,0.6356564
1707,594.0,0.66416892,0.6405572
1708,594.0625,0.660487884,0.6419421
1709,594.125,0.658687238,0.64313096
1710,594.1875,0.6566558920000001,0.64396614
1711,594.25,0.651592208,0.6416169
1712,594.3125,0.642915858,0.6389765
1713,594.375,0.631695815,0.63337487
1714,594.4375,0.619030116,0.6121076
1715,594.5,0.60617108,0.6059073
1716,594.5625,0.596573285,0.60422456
1717,594.625,0.596091967,0.6045233
1718,594.6875,0.603306695,0.6054355
1719,594.75,0.61304981,0.6106526
1720,594.8125,0.6194755789999999,0.61503726
1721,594.875,0.61959681,0.625013
1722,594.9375,0.615772821,0.6301357
1723,595.0,0.6132146239999999,0.63332754
1724,595.0625,0.616114795,0.63369787
1725,595.125,0.6234055310000001,0.6319557
1726,595.1875,0.630690179,0.6340062
1727,595.25,0.63748443,0.63688874
1728,595.3125,0.641360398,0.6374071
1729,595.375,0.636751296,0.6320027
1730,595.4375,0.62108371,0.59303147
1731,595.5,0.6001431660000001,0.5948635
1732,595.5625,0.585329165,0.5940815
1733,595.625,0.584322849,0.5939394
1734,595.6875,0.595380899,0.600534
1735,595.75,0.610356097,0.6108519
1736,595.8125,0.619581676,0.61803347
1737,595.875,0.62071109,0.6248886
1738,595.9375,0.622308428,0.63081324
1739,596.0,0.636691503,0.6386786
1740,596.0625,0.659838477,0.6418199
1741,596.125,0.679002288,0.6444783
1742,596.1875,0.6865074390000001,0.64450055
1743,596.25,0.680964245,0.6429926
1744,596.3125,0.66532783,0.639987
1745,596.375,0.644998703,0.634571
1746,596.4375,0.624005509,0.6320119
1747,596.5,0.605668468,0.6369356
1748,596.5625,0.592313682,0.63619924
1749,596.625,0.5890494620000001,0.6366702
1750,596.6875,0.596916618,0.6361091
1751,596.75,0.610476293,0.6359928
1752,596.8125,0.627533916,0.6443433
1753,596.875,0.645715279,0.6504532
1754,596.9375,0.661122862,0.65500027
1755,597.0,0.6761765470000001,0.6569788
1756,597.0625,0.6953628820000001,0.65668327
1757,597.125,0.7195154599999999,0.6541306
1758,597.1875,0.7505236839999999,0.6543789
1759,597.25,0.7865467979999999,0.657781
1760,597.3125,0.811384546,0.6588161
1761,597.375,0.8109691790000001,0.65746456
1762,597.4375,0.7853658290000002,0.63467807
1763,597.5,0.749746268,0.6306623
1764,597.5625,0.731460358,0.6319539
1765,597.625,0.749886591,0.63631797
1766,597.6875,0.792258169,0.6406007
1767,597.75,0.8302754059999999,0.6443731
1768,597.8125,0.848698959,0.64566004
1769,597.875,0.8506367340000001,0.65068054
1770,597.9375,0.846350873,0.65544957
1771,598.0,0.849853078,0.6597877
1772,598.0625,0.8607687709999998,0.6609445
1773,598.125,0.8673871949999999,0.6613026
1774,598.1875,0.8630559900000001,0.66131896
1775,598.25,0.8452069409999999,0.66232693
1776,598.3125,0.8160887949999999,0.66443104
1777,598.375,0.778831816,0.661362
1778,598.4375,0.7352148439999999,0.63425344
1779,598.5,0.692169632,0.6357566
1780,598.5625,0.659851414,0.63416517
1781,598.625,0.646284131,0.63116556
1782,598.6875,0.651555019,0.63485044
1783,598.75,0.666858204,0.642565
1784,598.8125,0.6795691009999999,0.64566374
1785,598.875,0.681846697,0.6507146
1786,598.9375,0.678775605,0.6569513
1787,599.0,0.680440693,0.658939
1788,599.0625,0.690257795,0.66060954
1789,599.125,0.7034399929999999,0.6605072
1790,599.1875,0.711903177,0.6608099
1791,599.25,0.711358959,0.66038287
1792,599.3125,0.7012192540000001,0.65700525
1793,599.375,0.684371726,0.6503732
1794,599.4375,0.664498823,0.63109297
1795,599.5,0.645554096,0.6277326
1796,599.5625,0.633881789,0.6261694
1797,599.625,0.635424798,0.6282954
1798,599.6875,0.64642767,0.63060915
1799,599.75,0.6569839510000001,0.6314312
1800,599.8125,0.664239715,0.6355052
1801,599.875,0.670792142,0.6394728
1802,599.9375,0.67898928,0.6427049
1803,600.0,0.6949513820000001,0.6468766
1804,600.0625,0.7191107449999999,0.64649713
1805,600.125,0.7400307549999999,0.64327705
1806,600.1875,0.75077706,0.6403957
1807,600.25,0.7511381429999999,0.6376957
1808,600.3125,0.744791923,0.6344281
1809,600.375,0.732309927,0.63242185
1810,600.4375,0.7120074190000001,0.6169126
1811,600.5,0.687124805,0.62093633
1812,600.5625,0.665794319,0.61819965
1813,600.625,0.653986347,0.6178867
1814,600.6875,0.6517940010000001,0.61123544
1815,600.75,0.655180345,0.61383533
1816,600.8125,0.662084393,0.62146693
1817,600.875,0.668932737,0.6308061
1818,600.9375,0.672173982,0.6372005
1819,601.0,0.6723118690000001,0.6428229
1820,601.0625,0.671116778,0.64529574
1821,601.125,0.6680433170000001,0.64354414
1822,601.1875,0.661939109,0.6389362
1823,601.25,0.653276222,0.63349545
1824,601.3125,0.643100821,0.62906957
1825,601.375,0.631651188,0.6232237
1826,601.4375,0.618710442,0.6099262
1827,601.5,0.606626025,0.6119555
1828,601.5625,0.599480296,0.6080471
1829,601.625,0.59988002,0.6095016
1830,601.6875,0.606067154,0.6148162
1831,601.75,0.612608654,0.6163981
1832,601.8125,0.615279942,0.61926603
1833,601.875,0.615278467,0.62821513
1834,601.9375,0.616311167,0.6327743
1835,602.0,0.619517523,0.63647974
1836,602.0625,0.624499033,0.63536775
1837,602.125,0.629817164,0.6327905
1838,602.1875,0.6335577170000001,0.6298295
1839,602.25,0.633767537,0.62708914
1840,602.3125,0.6289404439999999,0.6229153
1841,602.375,0.618757572,0.6155696
1842,602.4375,0.605099104,0.61185145
1843,602.5,0.592100466,0.6229194
1844,602.5625,0.583344478,0.62223595
1845,602.625,0.581987774,0.6230467
1846,602.6875,0.587613716,0.6150278
1847,602.75,0.599092807,0.6218338
1848,602.8125,0.617775084,0.6293141
1849,602.875,0.636527441,0.6384013
1850,602.9375,0.6539279060000001,0.6483745
1851,603.0,0.672308474,0.65646034
1852,603.0625,0.6918851709999999,0.65901667
1853,603.125,0.708035387,0.65984017
1854,603.1875,0.716484077,0.66236645
1855,603.25,0.7152957740000001,0.6641533
1856,603.3125,0.7044662629999999,0.6631872
1857,603.375,0.68605261,0.6605873
1858,603.4375,0.662393322,0.63785094
1859,603.5,0.64145644,0.63402617
1860,603.5625,0.636851415,0.63615566
1861,603.625,0.65780907,0.6358284
1862,603.6875,0.70085102,0.6417122
1863,603.75,0.754663404,0.6515922
1864,603.8125,0.800543625,0.65138143
1865,603.875,0.8345414040000002,0.65950185
1866,603.9375,0.873960625,0.67256874
1867,604.0,0.9522823970000001,0.69128764
1868,604.0625,1.086319462,0.6982988
1869,604.125,1.229193959,0.705557
1870,604.1875,1.288631789,0.7200687
1871,604.25,1.25365853,0.73545974
1872,604.3125,1.170004889,0.73613644
1873,604.375,1.058288194,0.7285241
1874,604.4375,0.931190744,0.64846253
1875,604.5,0.8203989220000001,0.62984586
1876,604.5625,0.7526709290000001,0.63760203
1877,604.625,0.7278487390000001,0.6459946
1878,604.6875,0.725303093,0.6554348
1879,604.75,0.726143196,0.66659385
1880,604.8125,0.729400261,0.6662686
1881,604.875,0.7405578719999999,0.6742748
1882,604.9375,0.7645764890000001,0.6845016
1883,605.0,0.792645917,0.68938214
1884,605.0625,0.8091954300000002,0.7013782
1885,605.125,0.8070944990000001,0.7061016
1886,605.1875,0.7892518840000001,0.71050555
1887,605.25,0.7577108479999999,0.71860397
1888,605.3125,0.718315923,0.7195376
1889,605.375,0.67819544,0.7178617
1890,605.4375,0.641037796,0.6584557
1891,605.5,0.610700342,0.64850605
1892,605.5625,0.593827283,0.6584393
1893,605.625,0.599012985,0.6732558
1894,605.6875,0.627759973,0.69120634
1895,605.75,0.670522367,0.70974785
1896,605.8125,0.7087696090000001,0.6979093
1897,605.875,0.734448434,0.70709187
1898,605.9375,0.76776257,0.7247466
1899,606.0,0.821917387,0.7330041
1900,606.0625,0.880109644,0.7595327
1901,606.125,0.931462478,0.7791777
1902,606.1875,0.967348842,0.79978675
1903,606.25,0.967728704,0.82344997
1904,606.3125,0.931704736,0.8380758
1905,606.375,0.8708997719999999,0.85004264
1906,606.4375,0.802298299,0.696049
1907,606.5,0.745588829,0.6398451
1908,606.5625,0.719146317,0.6591133
1909,606.625,0.730148642,0.66621983
1910,606.6875,0.7561594119999999,0.66994447
1911,606.75,0.773011621,0.6768107
1912,606.8125,0.7716808729999999,0.64224285
1913,606.875,0.753884854,0.6395581
1914,606.9375,0.732401574,0.6481935
1915,607.0,0.721712318,0.6477155
1916,607.0625,0.7145395609999999,0.6480574
1917,607.125,0.700661407,0.6421
1918,607.1875,0.680547971,0.6325394
1919,607.25,0.6570159320000001,0.62185436
1920,607.3125,0.633031425,0.6081051
1921,607.375,0.610341819,0.59465563
1922,607.4375,0.590255431,0.5843364
1923,607.5,0.573494209,0.59967697
1924,607.5625,0.562229968,0.59251326
1925,607.625,0.558077969,0.5956533
1926,607.6875,0.560666742,0.599802
1927,607.75,0.566357782,0.60509706
1928,607.8125,0.571521321,0.6177317
1929,607.875,0.575211457,0.6302524
1930,607.9375,0.577975521,0.6330694
1931,608.0,0.581859272,0.6373468
1932,608.0625,0.588814766,0.63437045
1933,608.125,0.597379371,0.62730294
1934,608.1875,0.606088517,0.624018
1935,608.25,0.612386179,0.6185306
1936,608.3125,0.613814914,0.6137632
1937,608.375,0.6100446620000001,0.60881275
1938,608.4375,0.601746269,0.61187685
1939,608.5,0.5917462929999999,0.62373966
1940,608.5625,0.584242363,0.6277011
1941,608.625,0.581482106,0.6268239
1942,608.6875,0.58218343,0.6279104
1943,608.75,0.58445636,0.62881917
1944,608.8125,0.586855241,0.6359763
1945,608.875,0.588418465,0.6393446
1946,608.9375,0.589854499,0.64150035
1947,609.0,0.593399232,0.6455209
