,Time (d),NH4_meas (gNm3),NH4_pred (gN/m3)
0,487.3125,0.650344402,0.62809145
1,487.375,0.611490514,0.61244154
2,487.4375,0.573789981,0.5942896
3,487.5,0.544314772,0.57701313
4,487.5625,0.5306404029999999,0.56317276
5,487.625,0.539581552,0.55607826
6,487.6875,0.566136214,0.5596137
7,487.75,0.595408856,0.571513
8,487.8125,0.619317228,0.5849931
9,487.875,0.636669721,0.5986701
10,487.9375,0.652216418,0.6093261
11,488.0,0.676458173,0.6228228
12,488.0625,0.716154792,0.63834244
13,488.125,0.7705588659999999,0.6629777
14,488.1875,0.8172032349999999,0.7022558
15,488.25,0.850572515,0.73397243
16,488.3125,0.872092986,0.7574703
17,488.375,0.864004632,0.7748208
18,488.4375,0.8244086770000001,0.781192
19,488.5,0.78263613,0.77317387
20,488.5625,0.7881484879999998,0.7516875
21,488.625,0.849506975,0.7632628
22,488.6875,0.9290347159999999,0.8079349
23,488.75,0.99463871,0.85906225
24,488.8125,1.011325667,0.9086428
25,488.875,0.9913024029999999,0.94343346
26,488.9375,1.019055517,0.94117147
27,489.0,1.105532985,0.96715873
28,489.0625,1.169276102,1.0209597
29,489.125,1.150828122,1.0683041
30,489.1875,1.078646023,1.0444909
31,489.25,0.971957194,0.9849645
32,489.3125,0.8462832700000001,0.8969312
33,489.375,0.7212157400000001,0.8060825
34,489.4375,0.6169946,0.72113943
35,489.5,0.552983277,0.6607893
36,489.5625,0.5401113329999999,0.61634344
37,489.625,0.558050309,0.60411876
38,489.6875,0.57601745,0.6101678
39,489.75,0.581347505,0.61480194
40,489.8125,0.571757676,0.6116036
41,489.875,0.552999121,0.60613024
42,489.9375,0.541476266,0.59085363
43,490.0,0.538422744,0.58030784
44,490.0625,0.535413525,0.5726689
45,490.125,0.529172051,0.56738794
46,490.1875,0.519687086,0.5612942
47,490.25,0.510446456,0.5537394
48,490.3125,0.502473736,0.547321
49,490.375,0.49468213400000005,0.5431478
50,490.4375,0.48652883900000005,0.5392993
51,490.5,0.479725234,0.534944
52,490.5625,0.477501555,0.53036696
53,490.625,0.482043578,0.52846587
54,490.6875,0.49170490200000017,0.530053
55,490.75,0.5030762320000001,0.5336311
56,490.8125,0.514317452,0.5379607
57,490.875,0.524606178,0.5432176
58,490.9375,0.53273785,0.5468072
59,491.0,0.541420852,0.54946536
60,491.0625,0.5520320470000001,0.5527087
61,491.125,0.562887786,0.5567491
62,491.1875,0.572344128,0.5612594
63,491.25,0.579865895,0.56460583
64,491.3125,0.585769529,0.5677133
65,491.375,0.589876417,0.5694754
66,491.4375,0.5920448979999999,0.5718895
67,491.5,0.591745005,0.57414323
68,491.5625,0.590846381,0.5742598
69,491.625,0.594527678,0.57383054
70,491.6875,0.605795894,0.57636476
71,491.75,0.623495651,0.5833043
72,491.8125,0.6443834420000001,0.594938
73,491.875,0.666620487,0.6111625
74,491.9375,0.6931978520000001,0.627836
75,492.0,0.7308247659999999,0.64556533
76,492.0625,0.781854969,0.67131174
77,492.125,0.8333430690000001,0.70970845
78,492.1875,0.8769473249999999,0.74575114
79,492.25,0.9143247,0.7796793
80,492.3125,0.937728518,0.8111539
81,492.375,0.938791605,0.8354323
82,492.4375,0.9189027279999998,0.8512215
83,492.5,0.892968049,0.8558658
84,492.5625,0.8942139029999999,0.8475107
85,492.625,0.948323068,0.86136013
86,492.6875,1.047411381,0.9116619
87,492.75,1.162537607,1.0001532
88,492.8125,1.2567242159999998,1.1127928
89,492.875,1.318313859,1.2423321
90,492.9375,1.4495026309999999,1.3374426
91,493.0,1.743610691,1.4951563
92,493.0625,2.136216735,1.8246552
93,493.125,2.533105241,2.2377002
94,493.1875,2.8445290780000003,2.6259859
95,493.25,2.962782147,2.9298375
96,493.3125,2.8679216249999997,3.0356457
97,493.375,2.6090132589999997,2.945437
98,493.4375,2.253040387,2.7515905
99,493.5,1.9982788940000002,2.4300385
100,493.5625,2.0156753009999995,2.1471763
101,493.625,2.225709286,2.1212835
102,493.6875,2.436874614,2.287969
103,493.75,2.603704824,2.4648738
104,493.8125,2.736812349,2.580753
105,493.875,2.85091952,2.6601415
106,493.9375,3.021958263,2.7617295
107,494.0,3.3206534060000004,2.9057689
108,494.0625,3.626312915,3.1756124
109,494.125,3.850395361,3.4371188
110,494.1875,3.936619942,3.609822
111,494.25,3.82980703,3.6384025
112,494.3125,3.5085281819999996,3.4767184
113,494.375,2.966322685,3.1563644
114,494.4375,2.3007392659999994,2.6719594
115,494.5,1.737381761,2.0810776
116,494.5625,1.4560800130000002,1.5659087
117,494.625,1.3598997330000002,1.2935095
118,494.6875,1.267439416,1.196674
119,494.75,1.13849744,1.098083
120,494.8125,0.97440885,0.98638034
121,494.875,0.815744054,0.8763444
122,494.9375,0.727751586,0.7685225
123,495.0,0.693505543,0.70446
124,495.0625,0.6663761020000001,0.6710869
125,495.125,0.631759954,0.64593023
126,495.1875,0.59513157,0.6225115
127,495.25,0.5691823579999999,0.59818375
128,495.3125,0.553192141,0.58002704
129,495.375,0.541263389,0.5694977
130,495.4375,0.5307418660000001,0.5634504
131,495.5,0.522378216,0.5586725
132,495.5625,0.52024591,0.55318826
133,495.625,0.526610559,0.55178213
134,495.6875,0.53747305,0.5535958
135,495.75,0.550094575,0.5575983
136,495.8125,0.56147327,0.56313974
137,495.875,0.568904434,0.56900144
138,495.9375,0.5745857870000001,0.571755
139,496.0,0.582226951,0.5725365
140,496.0625,0.590974781,0.5755587
141,496.125,0.597513172,0.5783687
142,496.1875,0.601888917,0.58033925
143,496.25,0.604245613,0.58245677
144,496.3125,0.604455588,0.5823344
145,496.375,0.6035002970000001,0.5823212
146,496.4375,0.600940079,0.58213425
147,496.5,0.596337807,0.58344185
148,496.5625,0.5919769420000001,0.5803576
149,496.625,0.592149632,0.57719326
150,496.6875,0.597285348,0.5769469
151,496.75,0.6041126520000001,0.5789356
152,496.8125,0.61036592,0.5833448
153,496.875,0.61461821,0.58867466
154,496.9375,0.617400816,0.59162056
155,497.0,0.621282499,0.5942609
156,497.0625,0.626968972,0.5955168
157,497.125,0.633139579,0.5979328
158,497.1875,0.637631598,0.5998049
159,497.25,0.639027009,0.60125107
160,497.3125,0.636635437,0.60352665
161,497.375,0.6307688570000001,0.60264254
162,497.4375,0.622707094,0.6017344
163,497.5,0.613837527,0.6032281
164,497.5625,0.606934588,0.59930027
165,497.625,0.607070136,0.5967032
166,497.6875,0.615444703,0.59748924
167,497.75,0.628667866,0.605533
168,497.8125,0.642118334,0.6154098
169,497.875,0.653868,0.6280788
170,497.9375,0.6639003529999999,0.635595
171,498.0,0.674744855,0.6416623
172,498.0625,0.68591375,0.6504682
173,498.125,0.694901628,0.6592123
174,498.1875,0.702130206,0.66360086
175,498.25,0.707837492,0.6647036
176,498.3125,0.708590728,0.66740745
177,498.375,0.701276175,0.66504365
178,498.4375,0.686495355,0.6637133
179,498.5,0.667816771,0.6596619
180,498.5625,0.652808631,0.64908624
181,498.625,0.649754842,0.6370009
182,498.6875,0.659670027,0.6335394
183,498.75,0.675334688,0.6415222
184,498.8125,0.6891518109999999,0.6551081
185,498.875,0.6995566540000001,0.6686148
186,498.9375,0.7092859490000001,0.6803096
187,499.0,0.723880454,0.68764967
188,499.0625,0.7464308470000001,0.69469035
189,499.125,0.7693454720000001,0.71501946
190,499.1875,0.782488225,0.73085517
191,499.25,0.7878468279999999,0.73809874
192,499.3125,0.7863889340000001,0.73776776
193,499.375,0.7740753890000001,0.7347645
194,499.4375,0.7486393339999999,0.73429996
195,499.5,0.717327742,0.7238357
196,499.5625,0.696718616,0.70498735
197,499.625,0.698416395,0.6841337
198,499.6875,0.7188264649999999,0.6821692
199,499.75,0.740844176,0.69533646
200,499.8125,0.75204507,0.7119918
201,499.875,0.7517234359999999,0.7256788
202,499.9375,0.749224729,0.73052067
203,500.0,0.7566705509999998,0.7308143
204,500.0625,0.778819866,0.7295302
205,500.125,0.806811743,0.7398386
206,500.1875,0.8212914910000001,0.7582892
207,500.25,0.8137664230000001,0.76580065
208,500.3125,0.790951774,0.75643736
209,500.375,0.761210685,0.73753774
210,500.4375,0.7283655720000001,0.7202445
211,500.5,0.6972125459999999,0.7022043
212,500.5625,0.675079595,0.67944825
213,500.625,0.668054264,0.6601348
214,500.6875,0.674287135,0.65604657
215,500.75,0.685852267,0.6613782
216,500.8125,0.697947435,0.6766198
217,500.875,0.7097142040000001,0.6949468
218,500.9375,0.7289344509999999,0.71023625
219,501.0,0.765160175,0.722274
220,501.0625,0.811413922,0.74985963
221,501.125,0.846973056,0.781847
222,501.1875,0.861542435,0.8054337
223,501.25,0.8537798529999999,0.81310904
224,501.3125,0.8280482720000001,0.80212986
225,501.375,0.789877918,0.78469616
226,501.4375,0.746073412,0.7662559
227,501.5,0.7092132,0.74027807
228,501.5625,0.69207759,0.7116038
229,501.625,0.69813419,0.69864875
230,501.6875,0.718511507,0.7041867
231,501.75,0.742356995,0.7184334
232,501.8125,0.76097547,0.73869276
233,501.875,0.768402365,0.76080006
234,501.9375,0.773022325,0.76725435
235,502.0,0.7866516819999999,0.7657018
236,502.0625,0.8036708220000001,0.7717808
237,502.125,0.8102551709999998,0.7843318
238,502.1875,0.803499577,0.7867739
239,502.25,0.7888845,0.77599394
240,502.3125,0.7680462809999999,0.7616807
241,502.375,0.739175977,0.74214983
242,502.4375,0.7038307309999999,0.73083466
243,502.5,0.670796808,0.7075463
244,502.5625,0.6530040420000001,0.68351567
245,502.625,0.654044899,0.6731008
246,502.6875,0.668152477,0.66766757
247,502.75,0.68626705,0.66951907
248,502.8125,0.693223817,0.67779624
249,502.875,0.681874814,0.6857188
250,502.9375,0.663364956,0.6741103
251,503.0,0.652114747,0.65627354
252,503.0625,0.648174571,0.6459816
253,503.125,0.645185154,0.6362015
254,503.1875,0.640455286,0.62738174
255,503.25,0.632067406,0.6187229
256,503.3125,0.619745538,0.6078282
257,503.375,0.604853805,0.5961947
258,503.4375,0.588422252,0.5873263
259,503.5,0.57219846,0.5801626
260,503.5625,0.559005297,0.56811064
261,503.625,0.551890518,0.5580047
262,503.6875,0.550686207,0.5524864
263,503.75,0.552672556,0.55135113
264,503.8125,0.555320219,0.5522658
265,503.875,0.5575687220000001,0.55388886
266,503.9375,0.559056233,0.55788183
267,504.0,0.560275191,0.5616337
268,504.0625,0.563328237,0.56089145
269,504.125,0.569475327,0.5600865
270,504.1875,0.576379044,0.5624061
271,504.25,0.579934294,0.5684538
272,504.3125,0.579137056,0.56988025
273,504.375,0.576055897,0.5685827
274,504.4375,0.5714258560000001,0.56963164
275,504.5,0.564923763,0.5715424
276,504.5625,0.559330997,0.56989866
277,504.625,0.560304203,0.56796056
278,504.6875,0.570327001,0.56754416
279,504.75,0.586458529,0.5751796
280,504.8125,0.603023092,0.58918387
281,504.875,0.616258381,0.60533404
282,504.9375,0.6300641,0.6216812
283,505.0,0.65318809,0.6366685
284,505.0625,0.6915035340000001,0.65891045
285,505.125,0.7407917829999999,0.6865216
286,505.1875,0.789005663,0.71854556
287,505.25,0.8149329909999998,0.7512396
288,505.3125,0.8062152190000001,0.76948833
289,505.375,0.7693080720000001,0.7717123
290,505.4375,0.724227979,0.7473306
291,505.5,0.6885855609999999,0.72309303
292,505.5625,0.671889803,0.70796835
293,505.625,0.6866597520000001,0.6893791
294,505.6875,0.7311495379999999,0.7008631
295,505.75,0.772559326,0.7328823
296,505.8125,0.7932812920000001,0.76399827
297,505.875,0.7936942490000001,0.78193897
298,505.9375,0.785351354,0.7758308
299,506.0,0.7792246959999999,0.7638808
300,506.0625,0.7724868,0.75746214
301,506.125,0.762417455,0.7486972
302,506.1875,0.751725358,0.7361762
303,506.25,0.738858219,0.7244243
304,506.3125,0.72095887,0.70829904
305,506.375,0.698004886,0.6909943
306,506.4375,0.670915487,0.67141575
307,506.5,0.642967011,0.65308493
308,506.5625,0.619419687,0.63035816
309,506.625,0.605174625,0.61160195
310,506.6875,0.600997106,0.59844667
311,506.75,0.603656799,0.5939155
312,506.8125,0.6085527279999999,0.59988266
313,506.875,0.6131682039999999,0.60661066
314,506.9375,0.62071518,0.6110522
315,507.0,0.634698565,0.6168021
316,507.0625,0.65476698,0.6272617
317,507.125,0.6762836309999999,0.6446561
318,507.1875,0.695590987,0.6582584
319,507.25,0.712621174,0.6672987
320,507.3125,0.722480612,0.6750774
321,507.375,0.7185798449999999,0.6821173
322,507.4375,0.70101353,0.68031955
323,507.5,0.677794793,0.6688808
324,507.5625,0.658032352,0.6511401
325,507.625,0.646805235,0.63541275
326,507.6875,0.6452890689999999,0.6278082
327,507.75,0.650677982,0.62800944
328,507.8125,0.6602971910000001,0.63451636
329,507.875,0.672129509,0.6431269
330,507.9375,0.68643481,0.6498909
331,508.0,0.70259209,0.6580572
332,508.0625,0.717293142,0.6659315
333,508.125,0.726502735,0.67572117
334,508.1875,0.728478691,0.67958784
335,508.25,0.7248181709999999,0.6770397
336,508.3125,0.71668132,0.67332774
337,508.375,0.7042596440000001,0.6649536
338,508.4375,0.687913305,0.65842575
339,508.5,0.669481412,0.6523348
340,508.5625,0.652914856,0.6426095
341,508.625,0.644754078,0.63293713
342,508.6875,0.648309027,0.6260964
343,508.75,0.661149888,0.6277049
344,508.8125,0.676374757,0.637743
345,508.875,0.688130302,0.65077674
346,508.9375,0.6950144859999999,0.6669494
347,509.0,0.7025918440000001,0.6710944
348,509.0625,0.7186310099999998,0.6748005
349,509.125,0.7399154329999998,0.6854092
350,509.1875,0.7554002679999998,0.70561284
351,509.25,0.761214188,0.71576023
352,509.3125,0.761732325,0.7163471
353,509.375,0.7572205769999999,0.71330786
354,509.4375,0.742688855,0.7160031
355,509.5,0.718484412,0.716852
356,509.5625,0.697241852,0.7008958
357,509.625,0.6925668229999999,0.6837061
358,509.6875,0.7031849,0.6772747
359,509.75,0.717255915,0.6850401
360,509.8125,0.724584542,0.69439334
361,509.875,0.722809637,0.70430434
362,509.9375,0.715405761,0.70742345
363,510.0,0.711049755,0.699201
364,510.0625,0.7138412559999999,0.6959569
365,510.125,0.71837736,0.69223374
366,510.1875,0.719673612,0.6888301
367,510.25,0.713923587,0.683523
368,510.3125,0.699750157,0.67545676
369,510.375,0.6789372490000001,0.66315395
370,510.4375,0.65530482,0.64861983
371,510.5,0.6328743689999999,0.63187605
372,510.5625,0.614521749,0.6136815
373,510.625,0.601671709,0.5987933
374,510.6875,0.594201132,0.5907323
375,510.75,0.590743709,0.58824855
376,510.8125,0.590055354,0.5891216
377,510.875,0.591937148,0.59202194
378,510.9375,0.596144635,0.60258
379,511.0,0.603413345,0.6023127
380,511.0625,0.61575208,0.6044916
381,511.125,0.62782349,0.612044
382,511.1875,0.633260104,0.6183383
383,511.25,0.631670144,0.6201098
384,511.3125,0.625043888,0.61759037
385,511.375,0.614875292,0.613872
386,511.4375,0.601932939,0.611375
387,511.5,0.588473837,0.61346734
388,511.5625,0.579926807,0.6065535
389,511.625,0.583747094,0.60174686
390,511.6875,0.600065511,0.60318637
391,511.75,0.621803216,0.6194571
392,511.8125,0.641248307,0.6358718
393,511.875,0.657014425,0.6568678
394,511.9375,0.670053282,0.6682788
395,512.0,0.6859168059999999,0.6739521
396,512.0625,0.702807796,0.6801979
397,512.125,0.712708937,0.6876109
398,512.1875,0.710584873,0.6980051
399,512.25,0.698792335,0.69896466
400,512.3125,0.6867153290000001,0.68507487
401,512.375,0.67766886,0.6735864
402,512.4375,0.6656954589999999,0.6707509
403,512.5,0.6490930079999999,0.66580653
404,512.5625,0.635147104,0.64973867
405,512.625,0.631420278,0.6393571
406,512.6875,0.637165915,0.6325077
407,512.75,0.647667488,0.6356831
408,512.8125,0.657352654,0.63893205
409,512.875,0.6631838729999999,0.64424396
410,512.9375,0.663140152,0.65863883
411,513.0,0.662521648,0.664013
412,513.0625,0.6765971,0.65951777
413,513.125,0.7063960029999999,0.66939235
414,513.1875,0.734087675,0.68762517
415,513.25,0.7484114190000001,0.7042631
416,513.3125,0.7469636209999999,0.70956755
417,513.375,0.7304868659999998,0.7087848
418,513.4375,0.702466108,0.70682
419,513.5,0.674263163,0.6914292
420,513.5625,0.659033294,0.66660684
421,513.625,0.660792158,0.65278876
422,513.6875,0.6724345909999999,0.65604883
423,513.75,0.6857275620000001,0.6615421
424,513.8125,0.698394673,0.67346656
425,513.875,0.7073645559999999,0.6845253
426,513.9375,0.713725539,0.6901354
427,514.0,0.722711038,0.69595337
428,514.0625,0.7348835979999999,0.7013675
429,514.125,0.748655375,0.70573115
430,514.1875,0.760358915,0.71059096
431,514.25,0.7634150340000001,0.71364546
432,514.3125,0.754493788,0.7109182
433,514.375,0.733895414,0.70399266
434,514.4375,0.704807711,0.69799256
435,514.5,0.675835447,0.6840452
436,514.5625,0.658812408,0.66586745
437,514.625,0.6606517129999999,0.6498278
438,514.6875,0.678335355,0.6522714
439,514.75,0.699795853,0.6644163
440,514.8125,0.716912433,0.6795702
441,514.875,0.726768319,0.6974622
442,514.9375,0.7301964790000001,0.70776016
443,515.0,0.7365966170000001,0.7102744
444,515.0625,0.7512563870000001,0.7137403
445,515.125,0.7684578919999999,0.72508097
446,515.1875,0.781683362,0.73549277
447,515.25,0.786895105,0.74684936
448,515.3125,0.781587606,0.7493776
449,515.375,0.7678223660000001,0.7442957
450,515.4375,0.746431209,0.7422653
451,515.5,0.721088737,0.7387798
452,515.5625,0.7064288040000001,0.7187654
453,515.625,0.7144622070000001,0.7021205
454,515.6875,0.7367616240000001,0.7100139
455,515.75,0.7558633379999999,0.7294795
456,515.8125,0.76638962,0.7509978
457,515.875,0.7742655079999999,0.7640253
458,515.9375,0.786990823,0.7746728
459,516.0,0.8072599570000001,0.7804343
460,516.0625,0.830800025,0.7873093
461,516.125,0.843436643,0.7967217
462,516.1875,0.834089843,0.80301
463,516.25,0.806071264,0.7889939
464,516.3125,0.7707098829999999,0.7625446
465,516.375,0.7343196059999999,0.7311664
466,516.4375,0.699446566,0.7099497
467,516.5,0.669331524,0.6840091
468,516.5625,0.648494527,0.65667444
469,516.625,0.637802972,0.6338439
470,516.6875,0.6337310589999999,0.620956
471,516.75,0.631231787,0.61949193
472,516.8125,0.627513594,0.61621493
473,516.875,0.6237524489999999,0.612051
474,516.9375,0.62118979,0.6076504
475,517.0,0.619579955,0.6061816
476,517.0625,0.6188325889999999,0.60497373
477,517.125,0.619194152,0.6024087
478,517.1875,0.620708766,0.5997935
479,517.25,0.622060453,0.5972064
480,517.3125,0.621742551,0.59494627
481,517.375,0.618642945,0.5928868
482,517.4375,0.6120369729999999,0.59326786
483,517.5,0.6024000820000001,0.5940081
484,517.5625,0.592483485,0.5881162
485,517.625,0.586416526,0.5813182
486,517.6875,0.586064505,0.57611024
487,517.75,0.5899719489999999,0.5755491
488,517.8125,0.595411864,0.5779459
489,517.875,0.600001779,0.5856241
490,517.9375,0.602719051,0.5912166
491,518.0,0.6058348689999999,0.59252274
492,518.0625,0.6113585229999999,0.5979485
493,518.125,0.618248771,0.60141945
494,518.1875,0.625704256,0.60850364
495,518.25,0.6319271089999999,0.613531
496,518.3125,0.635780529,0.6162008
497,518.375,0.635561331,0.62480944
498,518.4375,0.628932696,0.6347277
499,518.5,0.620135366,0.6431062
500,518.5625,0.620016376,0.63575006
501,518.625,0.636258394,0.63449496
502,518.6875,0.660328847,0.6491949
503,518.75,0.681352005,0.6673214
504,518.8125,0.69666313,0.6858283
505,518.875,0.705338809,0.7049532
506,518.9375,0.712314853,0.71406895
507,519.0,0.728713823,0.71776205
508,519.0625,0.752926346,0.7347468
509,519.125,0.7751680270000001,0.7485504
510,519.1875,0.7921543909999998,0.758328
511,519.25,0.7957055579999999,0.7635847
512,519.3125,0.7790871949999999,0.76390964
513,519.375,0.745578378,0.74794066
514,519.4375,0.703978153,0.72865367
515,519.5,0.666638226,0.7096216
516,519.5625,0.646305713,0.6785055
517,519.625,0.650000342,0.6569587
518,519.6875,0.667799528,0.66467494
519,519.75,0.685023185,0.6784447
520,519.8125,0.700914417,0.6927327
521,519.875,0.71535752,0.70526856
522,519.9375,0.7253548790000001,0.72580975
523,520.0,0.7383161659999998,0.7278221
524,520.0625,0.762927664,0.73916453
525,520.125,0.7859885870000001,0.75656074
526,520.1875,0.8003367670000001,0.7690044
527,520.25,0.8032655470000001,0.77181935
528,520.3125,0.7898626870000001,0.76663446
529,520.375,0.759332571,0.75665945
530,520.4375,0.717288832,0.73637915
531,520.5,0.677254775,0.72049874
532,520.5625,0.655141004,0.68849623
533,520.625,0.662153051,0.6699515
534,520.6875,0.68826741,0.6722291
535,520.75,0.714953835,0.6924556
536,520.8125,0.7320819320000002,0.7119802
537,520.875,0.738559275,0.72735065
538,520.9375,0.7391127030000001,0.7354643
539,521.0,0.744075679,0.73545265
540,521.0625,0.7586232629999999,0.73975223
541,521.125,0.7774434570000001,0.7530162
542,521.1875,0.79437973,0.7626399
543,521.25,0.8042140759999999,0.7712434
544,521.3125,0.7977846,0.77676004
545,521.375,0.773481325,0.7684694
546,521.4375,0.73897747,0.74917376
547,521.5,0.703318034,0.7213513
548,521.5625,0.6739633509999999,0.69164884
549,521.625,0.6564575460000001,0.6662129
550,521.6875,0.651067752,0.6495187
551,521.75,0.653333456,0.64456946
552,521.8125,0.657102199,0.6514667
553,521.875,0.660868269,0.6553896
554,521.9375,0.668641351,0.6610304
555,522.0,0.682238969,0.66674364
556,522.0625,0.7001363979999999,0.6749663
557,522.125,0.717781098,0.6859257
558,522.1875,0.729542004,0.6941611
559,522.25,0.73103993,0.70452857
560,522.3125,0.7213912659999999,0.7049059
561,522.375,0.705367765,0.695925
562,522.4375,0.686264852,0.69662267
563,522.5,0.667374111,0.68596137
564,522.5625,0.658313865,0.6712699
565,522.625,0.662746622,0.6613163
566,522.6875,0.675324622,0.6639306
567,522.75,0.688739324,0.67737037
568,522.8125,0.699782728,0.68881565
569,522.875,0.710830932,0.7003962
570,522.9375,0.723449263,0.71384805
571,523.0,0.740071136,0.7242005
572,523.0625,0.7644135999999999,0.7346493
573,523.125,0.7890349620000001,0.75247294
574,523.1875,0.802223342,0.76665235
575,523.25,0.801621039,0.77022415
576,523.3125,0.787120479,0.76264215
577,523.375,0.759554694,0.74542207
578,523.4375,0.72173578,0.7292433
579,523.5,0.682896552,0.7099525
580,523.5625,0.655140323,0.6777664
581,523.625,0.644342162,0.64971024
582,523.6875,0.644647359,0.63838047
583,523.75,0.646441454,0.6323197
584,523.8125,0.645390448,0.62865347
585,523.875,0.6402885420000001,0.6284351
586,523.9375,0.631881493,0.6288196
587,524.0,0.624561011,0.62237203
588,524.0625,0.6227640170000001,0.61653394
589,524.125,0.625783175,0.6108008
590,524.1875,0.63018467,0.60882145
591,524.25,0.6322680270000001,0.60824686
592,524.3125,0.63026473,0.60559535
593,524.375,0.623926248,0.6030926
594,524.4375,0.613386192,0.60456413
595,524.5,0.600654561,0.6011269
596,524.5625,0.5901893579999999,0.5897688
597,524.625,0.5851942489999999,0.5793312
598,524.6875,0.585209874,0.5748099
599,524.75,0.587202055,0.5746742
600,524.8125,0.58907754,0.5754427
601,524.875,0.590228509,0.57901365
602,524.9375,0.590661911,0.58101016
603,525.0,0.591683359,0.5828574
604,525.0625,0.594780003,0.582464
605,525.125,0.600072991,0.5842287
606,525.1875,0.605451063,0.5874734
607,525.25,0.609285384,0.58842075
608,525.3125,0.611003885,0.589762
609,525.375,0.609520549,0.5912464
610,525.4375,0.603551551,0.59800965
611,525.5,0.5944364289999999,0.60280126
612,525.5625,0.588449204,0.59655493
613,525.625,0.5920714260000001,0.5918863
614,525.6875,0.604397485,0.5943164
615,525.75,0.61945052,0.6039439
616,525.8125,0.6330734,0.6172352
617,525.875,0.643075305,0.63587743
618,525.9375,0.653087318,0.64327484
619,526.0,0.67070862,0.64961314
620,526.0625,0.693524809,0.6641962
621,526.125,0.713498706,0.6815625
622,526.1875,0.727575452,0.69497484
623,526.25,0.736465068,0.7041145
624,526.3125,0.737536456,0.7101254
625,526.375,0.728424176,0.71539587
626,526.4375,0.7111727640000001,0.7179529
627,526.5,0.6947553040000001,0.7144757
628,526.5625,0.691843751,0.6996086
629,526.625,0.708659128,0.69394857
630,526.6875,0.7350894379999999,0.7085425
631,526.75,0.756849405,0.73314977
632,526.8125,0.773558773,0.7518405
633,526.875,0.7892990190000001,0.76931244
634,526.9375,0.8056123079999999,0.79101676
635,527.0,0.8315363309999999,0.81249756
636,527.0625,0.882012142,0.8321727
637,527.125,0.949319572,0.8796171
638,527.1875,1.004194318,0.932071
639,527.25,1.032188023,0.9748822
640,527.3125,1.022495929,0.991879
641,527.375,0.974979288,0.9783627
642,527.4375,0.901290667,0.93842524
643,527.5,0.8229155879999999,0.8806797
644,527.5625,0.7635450559999998,0.8100023
645,527.625,0.7340729490000001,0.7562385
646,527.6875,0.7266088200000002,0.73141617
647,527.75,0.72785009,0.7227985
648,527.8125,0.732062109,0.72001535
649,527.875,0.7337965100000001,0.72194827
650,527.9375,0.7320323879999999,0.7223945
651,528.0,0.7327880440000001,0.719369
652,528.0625,0.740358811,0.7116061
653,528.125,0.7495182129999999,0.71130896
654,528.1875,0.7497809529999999,0.71049124
655,528.25,0.7375871740000001,0.7076976
656,528.3125,0.7160452909999999,0.6941163
657,528.375,0.6898364990000001,0.6769793
658,528.4375,0.661864023,0.6656804
659,528.5,0.636916705,0.6512078
660,528.5625,0.6236981079999999,0.635475
661,528.625,0.627722971,0.626119
662,528.6875,0.645828992,0.6276906
663,528.75,0.669771873,0.64105934
664,528.8125,0.690354923,0.6601252
665,528.875,0.704851162,0.68465626
666,528.9375,0.7221508409999999,0.7017265
667,529.0,0.760451775,0.71269685
668,529.0625,0.8154625679999999,0.7374789
669,529.125,0.858550644,0.7764103
670,529.1875,0.8727446209999999,0.81015694
671,529.25,0.863462948,0.81668645
672,529.3125,0.8415235579999999,0.80460805
673,529.375,0.807613467,0.7880284
674,529.4375,0.7629159169999999,0.7643207
675,529.5,0.7178514009999999,0.73622245
676,529.5625,0.6859976729999999,0.7033449
677,529.625,0.675731194,0.6783253
678,529.6875,0.68318667,0.6694594
679,529.75,0.6965938209999999,0.6748637
680,529.8125,0.7076976859999999,0.6817848
681,529.875,0.712075152,0.6935452
682,529.9375,0.71178257,0.69620055
683,530.0,0.7158159279999999,0.6897995
684,530.0625,0.723024129,0.69433755
685,530.125,0.724860231,0.7044495
686,530.1875,0.7263454640000002,0.7085704
687,530.25,0.734247293,0.7101713
688,530.3125,0.7417129250000001,0.70928735
689,530.375,0.736062368,0.71093905
690,530.4375,0.709346668,0.71199816
691,530.5,0.6730801129999999,0.69735277
692,530.5625,0.647214931,0.67007554
693,530.625,0.6400260520000001,0.6511661
694,530.6875,0.645621424,0.6417856
695,530.75,0.6544368420000001,0.6396371
696,530.8125,0.6569889870000001,0.6475274
697,530.875,0.649584212,0.65469915
698,530.9375,0.644075293,0.65181625
699,531.0,0.650048097,0.64581215
700,531.0625,0.662561521,0.64513904
701,531.125,0.6712191190000001,0.6480523
702,531.1875,0.669501799,0.64840627
703,531.25,0.6566638020000001,0.64748377
704,531.3125,0.6381923420000001,0.63282704
705,531.375,0.6193178979999999,0.61781937
706,531.4375,0.600312369,0.6051121
707,531.5,0.581217585,0.5944476
708,531.5625,0.565300171,0.58714205
709,531.625,0.556893973,0.5727452
710,531.6875,0.557489773,0.56412816
711,531.75,0.5621806229999999,0.5673868
712,531.8125,0.565475346,0.5686065
713,531.875,0.56774686,0.5714798
714,531.9375,0.569256721,0.5730787
715,532.0,0.5708336860000001,0.5737323
716,532.0625,0.573691569,0.576817
717,532.125,0.5772722339999999,0.5800659
718,532.1875,0.581737892,0.5809958
719,532.25,0.586297167,0.5815721
720,532.3125,0.587636865,0.5853957
721,532.375,0.583398203,0.58784217
722,532.4375,0.574340915,0.59266675
723,532.5,0.564620306,0.5925966
724,532.5625,0.561309397,0.5861447
725,532.625,0.5689201660000001,0.58378196
726,532.6875,0.584066062,0.58835614
727,532.75,0.600874704,0.5992538
728,532.8125,0.615300191,0.6162323
729,532.875,0.6263452429999999,0.6287967
730,532.9375,0.640310699,0.6335043
731,533.0,0.6589135079999999,0.64173836
732,533.0625,0.674463732,0.6554921
733,533.125,0.6851974120000001,0.6645842
734,533.1875,0.6940595620000001,0.6694535
735,533.25,0.697751745,0.6719803
736,533.3125,0.6917231070000001,0.6726984
737,533.375,0.676447728,0.6672207
738,533.4375,0.655688275,0.6545777
739,533.5,0.63367591,0.64412355
740,533.5625,0.6159895470000001,0.62776
741,533.625,0.609875721,0.61387575
742,533.6875,0.615715653,0.6132486
743,533.75,0.628642971,0.6140553
744,533.8125,0.645877708,0.62442845
745,533.875,0.659759311,0.64399314
746,533.9375,0.673745525,0.65895796
747,534.0,0.702483315,0.6674616
748,534.0625,0.7465339630000001,0.6901976
749,534.125,0.78521616,0.7243414
750,534.1875,0.813020506,0.74520546
751,534.25,0.827319595,0.7574236
752,534.3125,0.816380101,0.76132065
753,534.375,0.779428008,0.7523704
754,534.4375,0.729530488,0.72798616
755,534.5,0.684304459,0.69480646
756,534.5625,0.6537719820000001,0.6593129
757,534.625,0.639777199,0.6364658
758,534.6875,0.638456169,0.63226604
759,534.75,0.6457602929999999,0.63520277
760,534.8125,0.6643368279999999,0.6414336
761,534.875,0.6905391609999999,0.6556798
762,534.9375,0.714365624,0.67712575
763,535.0,0.735125823,0.69125646
764,535.0625,0.754580888,0.70339346
765,535.125,0.7665513519999999,0.7189978
766,535.1875,0.7687995990000001,0.72222835
767,535.25,0.764001343,0.71855634
768,535.3125,0.7501482979999999,0.7112286
769,535.375,0.7256364040000001,0.70323926
770,535.4375,0.6946279740000001,0.6886665
771,535.5,0.666100834,0.67202026
772,535.5625,0.647265655,0.6507764
773,535.625,0.642456221,0.63836557
774,535.6875,0.649742939,0.6315058
775,535.75,0.663295276,0.6322335
776,535.8125,0.675479229,0.6392938
777,535.875,0.679796814,0.653647
778,535.9375,0.677610363,0.6621008
779,536.0,0.680627733,0.66810936
780,536.0625,0.6990209479999999,0.6688409
781,536.125,0.73247671,0.6816797
782,536.1875,0.762991284,0.7092474
783,536.25,0.7788711379999999,0.72751766
784,536.3125,0.780736095,0.73729897
785,536.375,0.767957128,0.735703
786,536.4375,0.7416993820000001,0.7289137
787,536.5,0.709370643,0.71869415
788,536.5625,0.682898855,0.69295686
789,536.625,0.672851237,0.67238885
790,536.6875,0.6775915840000001,0.6630564
791,536.75,0.6887437909999999,0.66679865
792,536.8125,0.6987221990000001,0.6751436
793,536.875,0.7052757609999999,0.69146115
794,536.9375,0.711266836,0.70392233
795,537.0,0.7289538280000001,0.7055391
796,537.0625,0.7602952919999999,0.71946484
797,537.125,0.7887194829999998,0.73922455
798,537.1875,0.804560367,0.7527552
799,537.25,0.8032939429999999,0.7602832
800,537.3125,0.783465222,0.7579144
801,537.375,0.75063795,0.74086696
802,537.4375,0.7130187109999999,0.7298523
803,537.5,0.680606632,0.7131778
804,537.5625,0.665625589,0.6886594
805,537.625,0.671758321,0.67323744
806,537.6875,0.6880170529999999,0.6705362
807,537.75,0.700028841,0.67999125
808,537.8125,0.6997523059999999,0.68626195
809,537.875,0.690363319,0.68069214
810,537.9375,0.677615014,0.6699092
811,538.0,0.664744904,0.6613267
812,538.0625,0.654302475,0.65002906
813,538.125,0.648287669,0.6386794
814,538.1875,0.645792798,0.6319989
815,538.25,0.643440268,0.62849563
816,538.3125,0.639114032,0.6232979
817,538.375,0.632431263,0.6186528
818,538.4375,0.622618281,0.61871207
819,538.5,0.610599175,0.61697537
820,538.5625,0.600256597,0.6046075
821,538.625,0.595329998,0.5962644
822,538.6875,0.594978385,0.597122
823,538.75,0.5965322470000001,0.6027769
824,538.8125,0.6003377010000001,0.6063742
825,538.875,0.60792306,0.6206684
826,538.9375,0.618609065,0.63782007
827,539.0,0.639585924,0.6516817
828,539.0625,0.6755496259999999,0.6735972
829,539.125,0.714534467,0.70842355
830,539.1875,0.7438220749999999,0.7426123
831,539.25,0.7619200279999999,0.7619853
832,539.3125,0.7615604670000001,0.77349335
833,539.375,0.7360309199999999,0.76941794
834,539.4375,0.6911312740000001,0.76356936
835,539.5,0.649409282,0.74245876
836,539.5625,0.639890482,0.7005742
837,539.625,0.663815885,0.6828597
838,539.6875,0.690725457,0.70123166
839,539.75,0.7035324940000001,0.71806926
840,539.8125,0.7081658259999999,0.7262111
841,539.875,0.70800124,0.7313666
842,539.9375,0.7098811070000001,0.72799
843,540.0,0.72189887,0.72364837
844,540.0625,0.7374748019999999,0.72219384
845,540.125,0.7401402659999999,0.7302137
846,540.1875,0.726826367,0.72800404
847,540.25,0.707499517,0.7067779
848,540.3125,0.6839012740000001,0.6834836
849,540.375,0.652523695,0.6615345
850,540.4375,0.615880364,0.6405307
851,540.5,0.58299706,0.6197566
852,540.5625,0.5630201770000001,0.59556043
853,540.625,0.560402676,0.58161384
854,540.6875,0.570305817,0.5754798
855,540.75,0.585017965,0.5795137
856,540.8125,0.596352498,0.5872265
857,540.875,0.601886192,0.59563017
858,540.9375,0.605078675,0.59659815
859,541.0,0.610575306,0.5972815
860,541.0625,0.618030733,0.5992424
861,541.125,0.625329851,0.60157216
862,541.1875,0.631238553,0.60267085
863,541.25,0.633899305,0.60372627
864,541.3125,0.6319040429999999,0.60253614
865,541.375,0.625476203,0.598943
866,541.4375,0.6151582560000001,0.5988077
867,541.5,0.6030003279999999,0.5951042
868,541.5625,0.593609678,0.58584565
869,541.625,0.5917159439999999,0.58100533
870,541.6875,0.597595792,0.5833747
871,541.75,0.609776488,0.5902108
872,541.8125,0.628548077,0.6031553
873,541.875,0.653634565,0.6193638
874,541.9375,0.6860842009999999,0.64150286
875,542.0,0.7253312279999999,0.67104894
876,542.0625,0.773129728,0.6989295
877,542.125,0.8290757409999999,0.73423994
878,542.1875,0.8745670400000001,0.77482367
879,542.25,0.894453956,0.80944717
880,542.3125,0.88912841,0.8223534
881,542.375,0.863595384,0.8184705
882,542.4375,0.8223061440000001,0.8060974
883,542.5,0.7772738869999999,0.7824457
884,542.5625,0.7458409659999999,0.74674565
885,542.625,0.737228741,0.721164
886,542.6875,0.744826925,0.71387124
887,542.75,0.75648112,0.7232694
888,542.8125,0.767200184,0.7315337
889,542.875,0.775524821,0.74876
890,542.9375,0.7834571459999999,0.755641
891,543.0,0.7993548830000001,0.756378
892,543.0625,0.817515841,0.7653706
893,543.125,0.8231712269999999,0.77762616
894,543.1875,0.8132223190000001,0.78154594
895,543.25,0.7939899659999999,0.7708475
896,543.3125,0.7704896240000001,0.7587885
897,543.375,0.744281585,0.7405476
898,543.4375,0.7174639070000001,0.7202645
899,543.5,0.691653573,0.7038218
900,543.5625,0.670041954,0.6885661
901,543.625,0.660895052,0.67439026
902,543.6875,0.66941287,0.67132396
903,543.75,0.6918435709999999,0.68033856
904,543.8125,0.7202830809999999,0.69931275
905,543.875,0.7466812730000001,0.7286301
906,543.9375,0.76978583,0.7598483
907,544.0,0.805484251,0.7796166
908,544.0625,0.8609278249999999,0.80939466
909,544.125,0.913719569,0.84843004
910,544.1875,0.941310596,0.8929421
911,544.25,0.934748507,0.9157771
912,544.3125,0.908636835,0.89943016
913,544.375,0.8662469440000001,0.87638617
914,544.4375,0.804420461,0.850202
915,544.5,0.74424223,0.8045252
916,544.5625,0.708636177,0.75413615
917,544.625,0.6998655979999999,0.7195847
918,544.6875,0.7036291729999999,0.70524883
919,544.75,0.7045430490000001,0.69924855
920,544.8125,0.695064178,0.6956488
921,544.875,0.675589963,0.68791384
922,544.9375,0.655183759,0.6776011
923,545.0,0.645847585,0.6624337
924,545.0625,0.650935103,0.6565143
925,545.125,0.660440314,0.6528243
926,545.1875,0.664719355,0.65467656
927,545.25,0.656699104,0.6543268
928,545.3125,0.6390110520000001,0.6421459
929,545.375,0.616746849,0.62695974
930,545.4375,0.591759258,0.61417884
931,545.5,0.5677071020000001,0.60354
932,545.5625,0.551567743,0.58741003
933,545.625,0.548052793,0.5747645
934,545.6875,0.553664276,0.57413656
935,545.75,0.560837106,0.57592064
936,545.8125,0.567272288,0.5786313
937,545.875,0.570195483,0.5835502
938,545.9375,0.5697621270000001,0.58320856
939,546.0,0.5698326220000001,0.5815612
940,546.0625,0.571022617,0.57897043
941,546.125,0.572034119,0.58012193
942,546.1875,0.572340007,0.57608354
943,546.25,0.571819159,0.5722428
944,546.3125,0.568517739,0.5689203
945,546.375,0.5611596010000001,0.5673541
946,546.4375,0.550147458,0.5673519
947,546.5,0.538751984,0.56508714
948,546.5625,0.532367217,0.5570536
949,546.625,0.5351536170000001,0.555293
950,546.6875,0.545533907,0.5610078
951,546.75,0.561156662,0.569158
952,546.8125,0.580296781,0.58151114
953,546.875,0.598201665,0.59757495
954,546.9375,0.613538844,0.61304563
955,547.0,0.630813927,0.6232607
956,547.0625,0.651906235,0.63188106
957,547.125,0.669992672,0.64268726
958,547.1875,0.677578337,0.654981
959,547.25,0.6740268290000001,0.65831095
960,547.3125,0.66481974,0.6522196
961,547.375,0.6518605120000001,0.6460026
962,547.4375,0.634155593,0.64413434
963,547.5,0.616952682,0.6384646
964,547.5625,0.610567981,0.6230596
965,547.625,0.619808084,0.61663
966,547.6875,0.636671544,0.62510973
967,547.75,0.65341337,0.6348125
968,547.8125,0.668715524,0.64904433
969,547.875,0.678552667,0.66737014
970,547.9375,0.68794565,0.67493004
971,548.0,0.7082263390000001,0.6846045
972,548.0625,0.7363238660000001,0.7064675
973,548.125,0.766701482,0.73336667
974,548.1875,0.8016612749999998,0.75274014
975,548.25,0.8319449350000001,0.77325994
976,548.3125,0.8350625279999999,0.79593116
977,548.375,0.8055867339999999,0.7947972
978,548.4375,0.7581253670000001,0.776212
979,548.5,0.7109961890000001,0.74640447
980,548.5625,0.680153853,0.7088309
981,548.625,0.673578296,0.6832865
982,548.6875,0.68418325,0.67635095
983,548.75,0.700334123,0.67927873
984,548.8125,0.712290957,0.6904096
985,548.875,0.7143625690000001,0.7008294
986,548.9375,0.711767347,0.7041975
987,549.0,0.715156052,0.7074995
988,549.0625,0.73136352,0.7064818
989,549.125,0.756456003,0.7114441
990,549.1875,0.7737965320000001,0.7255587
991,549.25,0.771575939,0.73157626
992,549.3125,0.75208527,0.7246669
993,549.375,0.722351165,0.7065211
994,549.4375,0.68766086,0.6864115
995,549.5,0.654156108,0.6699375
996,549.5625,0.630313488,0.64933753
997,549.625,0.624013009,0.6288721
998,549.6875,0.634118091,0.619965
999,549.75,0.650519437,0.6253714
1000,549.8125,0.66202924,0.6454294
1001,549.875,0.667828195,0.6565531
1002,549.9375,0.679145349,0.6650409
1003,550.0,0.701734063,0.67457116
1004,550.0625,0.7336502009999999,0.69347197
1005,550.125,0.765975602,0.7191564
1006,550.1875,0.7932931209999999,0.73686135
1007,550.25,0.8093336490000002,0.7507694
1008,550.3125,0.803553463,0.7606877
1009,550.375,0.776785148,0.7517194
1010,550.4375,0.738569358,0.73211396
1011,550.5,0.698996627,0.7127582
1012,550.5625,0.669095168,0.6861809
1013,550.625,0.658597013,0.6608823
1014,550.6875,0.666951757,0.6565654
1015,550.75,0.6829540159999999,0.6673032
1016,550.8125,0.701683196,0.67695755
1017,550.875,0.7223333909999998,0.69477046
1018,550.9375,0.736432877,0.72050816
1019,551.0,0.7534397990000001,0.7375207
1020,551.0625,0.788071038,0.7488233
1021,551.125,0.832007115,0.7719092
1022,551.1875,0.858910979,0.80175674
1023,551.25,0.856318887,0.8170852
1024,551.3125,0.8283621270000001,0.8090105
1025,551.375,0.782496959,0.79428864
1026,551.4375,0.731176576,0.768954
1027,551.5,0.6922473000000001,0.74110746
1028,551.5625,0.676702116,0.7072308
1029,551.625,0.68411315,0.69102395
1030,551.6875,0.699091426,0.69567376
1031,551.75,0.70702669,0.7089622
1032,551.8125,0.706222717,0.7156097
1033,551.875,0.7034697390000001,0.71220094
1034,551.9375,0.700159715,0.7051628
1035,552.0,0.69503415,0.69277114
1036,552.0625,0.686689903,0.68320155
1037,552.125,0.672970155,0.67511934
1038,552.1875,0.656727036,0.66279155
1039,552.25,0.642273324,0.6441402
1040,552.3125,0.629569645,0.629489
1041,552.375,0.615990119,0.62084544
1042,552.4375,0.600427729,0.61272955
1043,552.5,0.585266196,0.60556585
1044,552.5625,0.5737565570000001,0.59119606
1045,552.625,0.5683570410000001,0.5770142
1046,552.6875,0.5679388360000001,0.56845516
1047,552.75,0.568944177,0.568795
1048,552.8125,0.568455481,0.57314897
1049,552.875,0.567104367,0.57259893
1050,552.9375,0.5674044779999999,0.5731856
1051,553.0,0.5698933279999999,0.57388186
1052,553.0625,0.574249572,0.5735069
1053,553.125,0.579607019,0.57550615
1054,553.1875,0.5841053620000001,0.5778358
1055,553.25,0.586458145,0.57871443
1056,553.3125,0.586396989,0.57858986
1057,553.375,0.583776515,0.5775841
1058,553.4375,0.578340802,0.5787689
1059,553.5,0.570725113,0.57883966
1060,553.5625,0.563957696,0.5739804
1061,553.625,0.562273015,0.5699117
1062,553.6875,0.567190217,0.56813407
1063,553.75,0.577057629,0.5745043
1064,553.8125,0.588638976,0.58223295
1065,553.875,0.6009773629999999,0.5934475
1066,553.9375,0.613573892,0.6072323
1067,554.0,0.628618401,0.6162895
1068,554.0625,0.649694345,0.6227719
1069,554.125,0.6726869409999999,0.6355872
1070,554.1875,0.687236108,0.65389603
1071,554.25,0.69109479,0.66197085
1072,554.3125,0.6889545709999999,0.6641688
1073,554.375,0.682365818,0.6627698
1074,554.4375,0.670944557,0.6617907
1075,554.5,0.656863222,0.6619378
1076,554.5625,0.647882999,0.6519096
1077,554.625,0.652970795,0.6431844
1078,554.6875,0.669672212,0.6454051
1079,554.75,0.6890152740000001,0.65515834
1080,554.8125,0.7037132070000001,0.6673598
1081,554.875,0.71005969,0.6810603
1082,554.9375,0.710260852,0.69429064
1083,555.0,0.7157194090000001,0.69508475
1084,555.0625,0.738218145,0.697902
1085,555.125,0.7701920040000001,0.71328706
1086,555.1875,0.7952781040000001,0.73253596
1087,555.25,0.804935304,0.7475862
1088,555.3125,0.796193908,0.7513555
1089,555.375,0.771939225,0.74392927
1090,555.4375,0.7385269040000001,0.7283116
1091,555.5,0.7048765290000001,0.7095288
1092,555.5625,0.6791840370000001,0.68226177
1093,555.625,0.668380845,0.66612434
1094,555.6875,0.671515692,0.655397
1095,555.75,0.684274125,0.65859365
1096,555.8125,0.698579015,0.6740759
1097,555.875,0.710969029,0.6987639
1098,555.9375,0.733456765,0.7099438
1099,556.0,0.781067164,0.725817
1100,556.0625,0.837958098,0.7603062
1101,556.125,0.879935279,0.80363345
1102,556.1875,0.896074615,0.8341782
1103,556.25,0.889519006,0.8447986
1104,556.3125,0.866449087,0.84075636
1105,556.375,0.8326373060000001,0.8239443
1106,556.4375,0.794069377,0.7970662
1107,556.5,0.7553442560000001,0.7813549
1108,556.5625,0.727619377,0.760954
1109,556.625,0.73243502,0.7356689
1110,556.6875,0.7694062340000002,0.7332713
1111,556.75,0.809388295,0.7567124
1112,556.8125,0.826273186,0.7825804
1113,556.875,0.816075874,0.7932912
1114,556.9375,0.789361091,0.7937696
1115,557.0,0.7668230250000001,0.7761692
1116,557.0625,0.7667633620000002,0.7546621
1117,557.125,0.78377377,0.7493365
1118,557.1875,0.797892844,0.7549802
1119,557.25,0.795230085,0.76256293
1120,557.3125,0.774616757,0.7551921
1121,557.375,0.743151226,0.7397616
1122,557.4375,0.707802974,0.7173104
1123,557.5,0.6759701459999999,0.69731236
1124,557.5625,0.654045925,0.6703963
1125,557.625,0.646060298,0.6508022
1126,557.6875,0.648814551,0.64365834
1127,557.75,0.6554511,0.6429601
1128,557.8125,0.661723525,0.64624876
1129,557.875,0.6648043260000001,0.65501285
1130,557.9375,0.665433677,0.6641827
1131,558.0,0.6713297559999999,0.66615343
1132,558.0625,0.689066483,0.6691536
1133,558.125,0.713423425,0.6823953
1134,558.1875,0.7320763459999999,0.6997659
1135,558.25,0.74108053,0.7104837
1136,558.3125,0.740727627,0.7106556
1137,558.375,0.729247704,0.7089766
1138,558.4375,0.706746385,0.7030106
1139,558.5,0.68007058,0.68874735
1140,558.5625,0.658295986,0.6687154
1141,558.625,0.646867266,0.6502099
1142,558.6875,0.6450915070000001,0.6370485
1143,558.75,0.647950456,0.6325757
1144,558.8125,0.649794604,0.6330202
1145,558.875,0.647906742,0.6360717
1146,558.9375,0.643753225,0.63679874
1147,559.0,0.6414113889999999,0.6343468
1148,559.0625,0.643405755,0.6334452
1149,559.125,0.648825643,0.6336079
1150,559.1875,0.65517816,0.63378245
1151,559.25,0.6589053420000001,0.6358588
1152,559.3125,0.657002551,0.63487655
1153,559.375,0.6493787529999999,0.629685
1154,559.4375,0.6362692010000001,0.6281963
1155,559.5,0.619482093,0.62814695
1156,559.5625,0.604476409,0.6166231
1157,559.625,0.597900514,0.6070445
1158,559.6875,0.600032268,0.6059345
1159,559.75,0.606926299,0.6071152
1160,559.8125,0.615697476,0.6097237
1161,559.875,0.622380175,0.6215638
1162,559.9375,0.624254347,0.62625694
1163,560.0,0.625939783,0.62481785
1164,560.0625,0.62940173,0.6243689
1165,560.125,0.631624399,0.62419957
1166,560.1875,0.6309323410000001,0.62380266
1167,560.25,0.6273457060000001,0.62067395
1168,560.3125,0.621195615,0.615397
1169,560.375,0.612471188,0.6119559
1170,560.4375,0.601209478,0.6081901
1171,560.5,0.58905688,0.60531497
1172,560.5625,0.579650215,0.5960171
1173,560.625,0.576870798,0.5866462
1174,560.6875,0.58102027,0.5849988
1175,560.75,0.58850528,0.5881054
1176,560.8125,0.5964755070000001,0.5966238
1177,560.875,0.603842925,0.6078869
1178,560.9375,0.612763717,0.61501056
1179,561.0,0.6271714660000001,0.62505054
1180,561.0625,0.646790537,0.63567406
1181,561.125,0.668793595,0.64712137
1182,561.1875,0.687699262,0.6584411
1183,561.25,0.696976962,0.66732657
1184,561.3125,0.693913087,0.66943765
1185,561.375,0.680218042,0.6648407
1186,561.4375,0.659540075,0.6587723
1187,561.5,0.638002052,0.64778376
1188,561.5625,0.622502563,0.6290122
1189,561.625,0.617823349,0.61858726
1190,561.6875,0.622764494,0.61638045
1191,561.75,0.634350699,0.61753833
1192,561.8125,0.649570743,0.62848324
1193,561.875,0.6634807070000001,0.6435794
1194,561.9375,0.675838763,0.6594564
1195,562.0,0.6943480679999999,0.6710108
1196,562.0625,0.723941405,0.6871614
1197,562.125,0.7598060469999999,0.7094041
1198,562.1875,0.7924532029999999,0.73332727
1199,562.25,0.812231451,0.7534836
1200,562.3125,0.8121221409999999,0.7651155
1201,562.375,0.7899429670000001,0.7681362
1202,562.4375,0.751330287,0.7624685
1203,562.5,0.7152908040000001,0.74896973
1204,562.5625,0.703793115,0.7207129
1205,562.625,0.7253571479999998,0.70509124
1206,562.6875,0.7631459290000001,0.7165808
1207,562.75,0.791201113,0.7465562
1208,562.8125,0.798799023,0.7698643
1209,562.875,0.794407588,0.78091365
1210,562.9375,0.792074407,0.7791506
1211,563.0,0.802998679,0.7753796
1212,563.0625,0.8241007990000001,0.77887607
1213,563.125,0.843203736,0.78647596
1214,563.1875,0.8485995740000001,0.7950228
1215,563.25,0.8326145119999999,0.79611874
1216,563.3125,0.798341395,0.7900212
1217,563.375,0.758238915,0.7702233
1218,563.4375,0.725866399,0.7415067
1219,563.5,0.7060928209999999,0.72225696
1220,563.5625,0.696958702,0.7110262
1221,563.625,0.7009222009999999,0.70080143
1222,563.6875,0.718125935,0.7059547
1223,563.75,0.7383678309999999,0.714
1224,563.8125,0.753758055,0.7282931
1225,563.875,0.7557113329999999,0.7528455
1226,563.9375,0.750804156,0.76671326
1227,564.0,0.768320775,0.7546047
1228,564.0625,0.8105322090000002,0.76096314
1229,564.125,0.8428040360000001,0.7861939
1230,564.1875,0.8456967400000001,0.8026393
1231,564.25,0.8230421949999999,0.79605484
1232,564.3125,0.78526759,0.77816236
1233,564.375,0.742665247,0.74529815
1234,564.4375,0.7025907459999999,0.71734387
1235,564.5,0.670777987,0.693559
1236,564.5625,0.650846856,0.66429186
1237,564.625,0.6448708329999999,0.64375514
1238,564.6875,0.647454645,0.6347546
1239,564.75,0.651386914,0.6366137
1240,564.8125,0.652649647,0.6395037
1241,564.875,0.6520836,0.6440059
1242,564.9375,0.6522726329999999,0.64452755
1243,565.0,0.656567217,0.6398545
1244,565.0625,0.665065789,0.6408529
1245,565.125,0.6727707690000001,0.6431171
1246,565.1875,0.676721398,0.64431643
1247,565.25,0.6764970440000001,0.6438835
1248,565.3125,0.672010585,0.64174855
1249,565.375,0.663792327,0.6380908
1250,565.4375,0.653010223,0.6345411
1251,565.5,0.641568765,0.6299778
1252,565.5625,0.632196835,0.6225128
1253,565.625,0.6278483579999999,0.61526775
1254,565.6875,0.629335787,0.61393535
1255,565.75,0.634985506,0.61373234
1256,565.8125,0.642905184,0.61798483
1257,565.875,0.64993917,0.62809
1258,565.9375,0.6548885179999999,0.6364715
1259,566.0,0.66072652,0.6431867
1260,566.0625,0.670383841,0.6459182
1261,566.125,0.6832043459999999,0.65030265
1262,566.1875,0.693880568,0.6573586
1263,566.25,0.697093631,0.6660116
1264,566.3125,0.6917958890000001,0.6704183
1265,566.375,0.680848606,0.66781527
1266,566.4375,0.667405942,0.6685817
1267,566.5,0.654020811,0.66709137
1268,566.5625,0.6466383960000001,0.66388726
1269,566.625,0.651491655,0.65491515
1270,566.6875,0.666888664,0.65222263
1271,566.75,0.6810528809999999,0.66210645
1272,566.8125,0.6823889129999999,0.6771982
1273,566.875,0.672503483,0.6837533
1274,566.9375,0.6628591079999999,0.68381065
1275,567.0,0.662814604,0.6707676
1276,567.0625,0.672252904,0.6724856
1277,567.125,0.679542808,0.6796663
1278,567.1875,0.680011055,0.6846156
1279,567.25,0.675420505,0.6806625
1280,567.3125,0.665391139,0.675764
1281,567.375,0.648235241,0.66840726
1282,567.4375,0.6253005779999999,0.6639434
1283,567.5,0.603078259,0.6566343
1284,567.5625,0.5917063379999999,0.63995457
1285,567.625,0.5967850889999999,0.6291191
1286,567.6875,0.613166069,0.6306146
1287,567.75,0.62983142,0.6528453
1288,567.8125,0.642968181,0.67851377
1289,567.875,0.667293289,0.6997965
1290,567.9375,0.715425894,0.71928304
1291,568.0,0.775521448,0.76136965
1292,568.0625,0.826514785,0.805253
1293,568.125,0.8599509309999999,0.83496404
1294,568.1875,0.86391728,0.8505815
1295,568.25,0.8324053909999999,0.8531615
1296,568.3125,0.782323224,0.8215544
1297,568.375,0.7336582629999999,0.7792271
1298,568.4375,0.689325492,0.7413293
1299,568.5,0.6514800470000001,0.7123402
1300,568.5625,0.629648262,0.6771698
1301,568.625,0.630838442,0.6585139
1302,568.6875,0.646046308,0.65300447
1303,568.75,0.662682578,0.65668684
1304,568.8125,0.670225831,0.66333216
1305,568.875,0.6653230920000001,0.6662844
1306,568.9375,0.6540280079999999,0.66698563
1307,569.0,0.649272744,0.65640366
1308,569.0625,0.65790017,0.6468549
1309,569.125,0.670568859,0.65202427
1310,569.1875,0.6758890879999999,0.6565539
1311,569.25,0.6736656959999999,0.6561394
1312,569.3125,0.665231406,0.6482525
1313,569.375,0.650231242,0.63974726
1314,569.4375,0.6291275829999999,0.63333786
1315,569.5,0.607419947,0.62145805
1316,569.5625,0.5932268479999999,0.60529864
1317,569.625,0.590721826,0.59356284
1318,569.6875,0.597480708,0.59040415
1319,569.75,0.608200772,0.5948221
1320,569.8125,0.619173014,0.6009512
1321,569.875,0.628417256,0.6156704
1322,569.9375,0.6371532910000001,0.6256427
1323,570.0,0.656216476,0.63071895
1324,570.0625,0.687846831,0.6450082
1325,570.125,0.718651924,0.6678618
1326,570.1875,0.741511985,0.685656
1327,570.25,0.75456527,0.6994763
1328,570.3125,0.752152753,0.70743275
1329,570.375,0.7349307509999999,0.70468646
1330,570.4375,0.7093151529999999,0.6974506
1331,570.5,0.6830896040000001,0.6789146
1332,570.5625,0.663656056,0.65818983
1333,570.625,0.654266448,0.64337605
1334,570.6875,0.653545915,0.63559556
1335,570.75,0.658371333,0.6370347
1336,570.8125,0.665719935,0.6404201
1337,570.875,0.6739481909999999,0.64987695
1338,570.9375,0.682862803,0.6598643
1339,571.0,0.6961286520000001,0.66571796
1340,571.0625,0.7158164290000001,0.671073
1341,571.125,0.7351709380000001,0.68026584
1342,571.1875,0.7446224309999999,0.6891113
1343,571.25,0.7410199789999999,0.69122404
1344,571.3125,0.726839873,0.6848348
1345,571.375,0.7052655179999999,0.6747301
1346,571.4375,0.6798553420000001,0.66884613
1347,571.5,0.656798435,0.65517056
1348,571.5625,0.642697792,0.63626885
1349,571.625,0.640500344,0.6273551
1350,571.6875,0.646399505,0.6259617
1351,571.75,0.65629411,0.6276197
1352,571.8125,0.667510875,0.63475597
1353,571.875,0.6755920679999999,0.6452813
1354,571.9375,0.679911154,0.6500625
1355,572.0,0.684402781,0.6498882
1356,572.0625,0.6902841959999999,0.64981663
1357,572.125,0.695251673,0.6502733
1358,572.1875,0.697162251,0.65198606
1359,572.25,0.6950641540000001,0.65240353
1360,572.3125,0.689715959,0.6480064
1361,572.375,0.682035976,0.6469404
1362,572.4375,0.672122867,0.6480955
1363,572.5,0.6619896829999999,0.64300716
1364,572.5625,0.655974854,0.636508
1365,572.625,0.656030081,0.6296709
1366,572.6875,0.660844941,0.6270669
1367,572.75,0.666920803,0.6294693
1368,572.8125,0.670866075,0.63407254
1369,572.875,0.670455737,0.6492939
1370,572.9375,0.6689327979999999,0.65415514
1371,573.0,0.677493035,0.6569436
1372,573.0625,0.699564959,0.66006565
1373,573.125,0.7263924620000001,0.6721512
1374,573.1875,0.7447082770000002,0.68761075
1375,573.25,0.747434412,0.69761956
1376,573.3125,0.735427525,0.698415
1377,573.375,0.713804256,0.6911274
1378,573.4375,0.6885754740000001,0.677631
1379,573.5,0.664692654,0.66622037
1380,573.5625,0.6469064370000001,0.6555267
1381,573.625,0.640253882,0.6423197
1382,573.6875,0.646753425,0.6371055
1383,573.75,0.65983461,0.64622813
1384,573.8125,0.670199325,0.66403764
1385,573.875,0.67766395,0.6727596
1386,573.9375,0.6871428820000001,0.6770434
1387,574.0,0.695483785,0.68455315
1388,574.0625,0.698241757,0.6916446
1389,574.125,0.696045072,0.6917284
1390,574.1875,0.6905924520000001,0.6856244
1391,574.25,0.681826985,0.67530155
1392,574.3125,0.668232465,0.6636828
1393,574.375,0.649114776,0.6516793
1394,574.4375,0.625758275,0.6407559
1395,574.5,0.6029585789999999,0.6302611
1396,574.5625,0.586229996,0.61101943
1397,574.625,0.580128716,0.5998076
1398,574.6875,0.583444025,0.5940494
1399,574.75,0.592568357,0.60029304
1400,574.8125,0.603358457,0.612722
1401,574.875,0.6156705729999999,0.62308615
1402,574.9375,0.631954749,0.63840854
1403,575.0,0.653504994,0.6565722
1404,575.0625,0.682523165,0.67784554
1405,575.125,0.7196612880000001,0.6979653
1406,575.1875,0.7542842559999998,0.7215793
1407,575.25,0.7707712489999999,0.74107575
1408,575.3125,0.762060999,0.748097
1409,575.375,0.7313301170000001,0.7427799
1410,575.4375,0.690520853,0.72515506
1411,575.5,0.65582096,0.69886494
1412,575.5625,0.63862517,0.67441005
1413,575.625,0.642398281,0.655878
1414,575.6875,0.661837634,0.6541329
1415,575.75,0.68308863,0.66450256
1416,575.8125,0.6953506509999999,0.68438154
1417,575.875,0.697380702,0.7029609
1418,575.9375,0.703759076,0.70762354
1419,576.0,0.7290424379999999,0.7043979
1420,576.0625,0.7634114729999999,0.71839833
1421,576.125,0.7827955759999998,0.742323
1422,576.1875,0.7796802290000001,0.7562997
1423,576.25,0.7631717570000001,0.7552445
1424,576.3125,0.7435177470000001,0.73912567
1425,576.375,0.7237056009999998,0.72007394
1426,576.4375,0.699875433,0.7065776
1427,576.5,0.6718926340000001,0.6955794
1428,576.5625,0.649607985,0.6766562
1429,576.625,0.64427582,0.6571905
1430,576.6875,0.655986217,0.65064365
1431,576.75,0.674033228,0.6588076
1432,576.8125,0.688832674,0.67533755
1433,576.875,0.698662529,0.6958338
1434,576.9375,0.71332411,0.71034753
1435,577.0,0.7488128890000002,0.72536814
1436,577.0625,0.8035783120000001,0.7489595
1437,577.125,0.8582035920000001,0.78718936
1438,577.1875,0.887720418,0.824453
1439,577.25,0.881170228,0.847312
1440,577.3125,0.8492841840000002,0.8367313
1441,577.375,0.805673118,0.80762595
1442,577.4375,0.7566590470000002,0.781729
1443,577.5,0.7114588820000001,0.7478387
1444,577.5625,0.682769396,0.7078743
1445,577.625,0.6744946890000001,0.6816427
1446,577.6875,0.678278102,0.6699137
1447,577.75,0.684094291,0.6687005
1448,577.8125,0.685561775,0.6719079
1449,577.875,0.6818461809999999,0.6709672
1450,577.9375,0.6764100479999999,0.6706605
1451,578.0,0.6738943159999999,0.6748791
1452,578.0625,0.6809058040000001,0.6707875
1453,578.125,0.700524962,0.66880304
1454,578.1875,0.7210972580000001,0.67673147
1455,578.25,0.727708425,0.6874547
1456,578.3125,0.717219475,0.6913246
1457,578.375,0.696040276,0.6819969
1458,578.4375,0.6717789470000001,0.6693244
1459,578.5,0.650080977,0.65472925
1460,578.5625,0.63426567,0.63666165
1461,578.625,0.627595943,0.62868166
1462,578.6875,0.629679309,0.62037873
1463,578.75,0.638872607,0.6205551
1464,578.8125,0.649595653,0.6321812
1465,578.875,0.65743168,0.64590174
1466,578.9375,0.667264518,0.65353656
1467,579.0,0.6854268729999999,0.6609606
1468,579.0625,0.709067587,0.6735195
1469,579.125,0.731246796,0.6867888
1470,579.1875,0.7461427299999999,0.698287
1471,579.25,0.749219609,0.7068645
1472,579.3125,0.74007425,0.70549506
1473,579.375,0.7229044090000001,0.6940073
1474,579.4375,0.701314852,0.6824631
1475,579.5,0.678114535,0.6698696
1476,579.5625,0.65775076,0.65099627
1477,579.625,0.64482342,0.6344916
1478,579.6875,0.639817855,0.62392956
1479,579.75,0.639763097,0.6205712
1480,579.8125,0.6414756110000001,0.62274027
1481,579.875,0.643438426,0.62541366
1482,579.9375,0.645983577,0.6247669
1483,580.0,0.650266911,0.6260562
1484,580.0625,0.654715742,0.6317613
1485,580.125,0.65797233,0.6335187
1486,580.1875,0.661340928,0.63383913
1487,580.25,0.663813608,0.63237673
1488,580.3125,0.662897514,0.63021666
1489,580.375,0.6567796539999999,0.6293037
1490,580.4375,0.644966396,0.6288956
1491,580.5,0.6299594070000001,0.6228033
1492,580.5625,0.616758578,0.61266965
1493,580.625,0.608845422,0.5997942
1494,580.6875,0.606595652,0.59181994
1495,580.75,0.607370111,0.5930638
1496,580.8125,0.608134075,0.59336174
1497,580.875,0.608820225,0.5941761
1498,580.9375,0.6098495079999999,0.59517676
1499,581.0,0.6114493329999999,0.592833
1500,581.0625,0.613774611,0.5922853
1501,581.125,0.6158654920000001,0.59107953
1502,581.1875,0.6165214179999999,0.59272784
1503,581.25,0.614936601,0.5946767
1504,581.3125,0.611464772,0.5936052
1505,581.375,0.6074396870000001,0.59099233
1506,581.4375,0.6032781070000001,0.5883995
1507,581.5,0.59817884,0.58819556
1508,581.5625,0.592157874,0.5877545
1509,581.625,0.5880711279999999,0.58604044
1510,581.6875,0.589705975,0.5843502
1511,581.75,0.598047525,0.5856894
1512,581.8125,0.611101388,0.59072226
1513,581.875,0.6244285970000001,0.6089224
1514,581.9375,0.635163475,0.6224632
1515,582.0,0.651859679,0.63074315
1516,582.0625,0.6786254340000001,0.64705694
1517,582.125,0.709016395,0.6676209
1518,582.1875,0.739051846,0.69171244
1519,582.25,0.7632754359999999,0.7256416
1520,582.3125,0.77991321,0.74632335
1521,582.375,0.796739663,0.7606195
1522,582.4375,0.805834342,0.783037
1523,582.5,0.796963215,0.80527663
1524,582.5625,0.7920515320000001,0.80878997
1525,582.625,0.824509002,0.7980089
1526,582.6875,0.88995122,0.8221752
1527,582.75,0.944064055,0.87741995
1528,582.8125,0.962314857,0.9355036
1529,582.875,0.9651259230000001,0.9618331
1530,582.9375,0.9897815980000001,0.96135306
1531,583.0,1.039574074,0.97994775
1532,583.0625,1.082621912,1.010481
1533,583.125,1.096428083,1.0300026
1534,583.1875,1.068834421,1.0307959
1535,583.25,1.003330356,0.9936508
1536,583.3125,0.9173295349999999,0.9371984
1537,583.375,0.8310260410000001,0.8677977
1538,583.4375,0.756684726,0.7983737
1539,583.5,0.7016353209999999,0.7462494
1540,583.5625,0.666676536,0.69875604
1541,583.625,0.651943729,0.664825
1542,583.6875,0.650279768,0.64668006
1543,583.75,0.651326462,0.6446559
1544,583.8125,0.649131618,0.6430966
1545,583.875,0.645152045,0.643822
1546,583.9375,0.6424746729999999,0.6460685
1547,584.0,0.646309103,0.64301836
1548,584.0625,0.660867373,0.6409278
1549,584.125,0.6790349790000001,0.65092844
1550,584.1875,0.691266739,0.6591552
1551,584.25,0.6955548659999999,0.6629693
1552,584.3125,0.69169165,0.66166204
1553,584.375,0.680246847,0.6559411
1554,584.4375,0.662902896,0.6496616
1555,584.5,0.6431540729999999,0.64359987
1556,584.5625,0.627466037,0.63106024
1557,584.625,0.622466459,0.6158814
1558,584.6875,0.6290675139999999,0.60898256
1559,584.75,0.640864422,0.61488
1560,584.8125,0.650960411,0.626301
1561,584.875,0.658987137,0.64411914
1562,584.9375,0.671431496,0.6616381
1563,585.0,0.705478776,0.6767492
1564,585.0625,0.7709340809999999,0.7004153
1565,585.125,0.8464680010000001,0.7457135
1566,585.1875,0.898271741,0.79791814
1567,585.25,0.908572267,0.8330116
1568,585.3125,0.882979714,0.8349164
1569,585.375,0.837001046,0.8107775
1570,585.4375,0.7826233330000001,0.7788183
1571,585.5,0.731381298,0.7454849
1572,585.5625,0.6938884479999999,0.70991045
1573,585.625,0.6785546370000001,0.68219984
1574,585.6875,0.684623071,0.67234516
1575,585.75,0.7029563959999999,0.67576015
1576,585.8125,0.723936495,0.68802863
1577,585.875,0.7391599740000001,0.70479774
1578,585.9375,0.7442564770000001,0.72143394
1579,586.0,0.747206895,0.7318901
1580,586.0625,0.7602350899999999,0.734318
1581,586.125,0.7849760800000001,0.74081403
1582,586.1875,0.807485192,0.7545437
1583,586.25,0.813040215,0.7663256
1584,586.3125,0.7982818550000002,0.7654455
1585,586.375,0.767926242,0.7485746
1586,586.4375,0.727780441,0.7326472
1587,586.5,0.6875438690000001,0.71407926
1588,586.5625,0.660319632,0.68265307
1589,586.625,0.653049812,0.65681195
1590,586.6875,0.658780594,0.64633554
1591,586.75,0.665462875,0.6444136
1592,586.8125,0.666919594,0.64542854
1593,586.875,0.661530179,0.6471559
1594,586.9375,0.651987165,0.6432853
1595,587.0,0.643834444,0.6377029
1596,587.0625,0.640546806,0.6278563
1597,587.125,0.641680887,0.62112564
1598,587.1875,0.643477689,0.618497
1599,587.25,0.642569607,0.61529946
1600,587.3125,0.63811491,0.61090475
1601,587.375,0.630108227,0.60698134
1602,587.4375,0.618465873,0.6055775
1603,587.5,0.6050913920000001,0.6028708
1604,587.5625,0.593736954,0.59194326
1605,587.625,0.587922326,0.5817164
1606,587.6875,0.5876333,0.57884496
1607,587.75,0.589969293,0.578474
1608,587.8125,0.5929567179999999,0.5816233
1609,587.875,0.595662227,0.58695364
1610,587.9375,0.5981945129999999,0.58942956
1611,588.0,0.602146604,0.5934622
1612,588.0625,0.608056244,0.59674156
1613,588.125,0.6152364570000001,0.60071176
1614,588.1875,0.622416315,0.6043885
1615,588.25,0.6274841529999999,0.60778654
1616,588.3125,0.628654566,0.6089391
1617,588.375,0.624938224,0.6118386
1618,588.4375,0.615815931,0.61652327
1619,588.5,0.60474408,0.6140888
1620,588.5625,0.5979593529999999,0.6038715
1621,588.625,0.598900226,0.5998575
1622,588.6875,0.6058851160000001,0.60061944
1623,588.75,0.616011805,0.6113433
1624,588.8125,0.627579745,0.61953974
1625,588.875,0.641990714,0.63311213
1626,588.9375,0.658443205,0.6520796
1627,589.0,0.6803028179999999,0.66672945
1628,589.0625,0.7134556190000001,0.68194425
1629,589.125,0.750292034,0.70294875
1630,589.1875,0.7757520170000001,0.72600055
1631,589.25,0.78062667,0.7415928
1632,589.3125,0.765689319,0.7421542
1633,589.375,0.738031593,0.72933656
1634,589.4375,0.7059270609999999,0.7125264
1635,589.5,0.6768517609999999,0.6867511
1636,589.5625,0.656474116,0.6615999
1637,589.625,0.646564323,0.6433367
1638,589.6875,0.64547627,0.6391505
1639,589.75,0.650516945,0.640681
1640,589.8125,0.662298434,0.6476811
1641,589.875,0.680948898,0.6578839
1642,589.9375,0.7048420940000001,0.66998696
1643,590.0,0.7312565329999999,0.6904154
1644,590.0625,0.7569252499999999,0.7134362
1645,590.125,0.783377241,0.7327906
1646,590.1875,0.811492997,0.7478914
1647,590.25,0.831966482,0.7655395
1648,590.3125,0.8309343679999999,0.77892596
1649,590.375,0.8061956029999998,0.7772073
1650,590.4375,0.766575333,0.7701952
1651,590.5,0.7291789740000002,0.7418243
1652,590.5625,0.7095881559999999,0.7077559
1653,590.625,0.7077289609999999,0.6873393
1654,590.6875,0.712288785,0.68042505
1655,590.75,0.7143893440000001,0.6826216
1656,590.8125,0.710526195,0.6838345
1657,590.875,0.704617673,0.68382484
1658,590.9375,0.703091583,0.6786723
1659,591.0,0.710065339,0.67639804
1660,591.0625,0.722772737,0.6849823
1661,591.125,0.7373750230000001,0.69169617
1662,591.1875,0.753065743,0.69850516
1663,591.25,0.763277619,0.70481324
1664,591.3125,0.7605385910000001,0.70816743
1665,591.375,0.7435045159999998,0.70174146
1666,591.4375,0.7160011409999999,0.69199455
1667,591.5,0.6846667329999999,0.675097
1668,591.5625,0.657377112,0.65339094
1669,591.625,0.641408006,0.6391796
1670,591.6875,0.639621556,0.62854767
1671,591.75,0.650813211,0.626007
1672,591.8125,0.668438773,0.63427216
1673,591.875,0.6838559590000001,0.6489962
1674,591.9375,0.694258777,0.6655693
1675,592.0,0.705421112,0.6743476
1676,592.0625,0.72503451,0.6816121
1677,592.125,0.749776153,0.6930143
1678,592.1875,0.7694119249999999,0.7065097
1679,592.25,0.7766394,0.7157775
1680,592.3125,0.7685547629999999,0.71973383
1681,592.375,0.746787767,0.716669
1682,592.4375,0.716777435,0.7083972
1683,592.5,0.68934328,0.70432234
1684,592.5625,0.678609228,0.6860135
1685,592.625,0.6968755440000001,0.6734846
1686,592.6875,0.732783525,0.68585217
1687,592.75,0.761827102,0.7096534
1688,592.8125,0.774036187,0.73147506
1689,592.875,0.7696719449999999,0.7474868
1690,592.9375,0.7596679709999999,0.75169396
1691,593.0,0.7621239999999999,0.74410206
1692,593.0625,0.7830961059999999,0.7415519
1693,593.125,0.808424343,0.7507913
1694,593.1875,0.8193403429999999,0.7699901
1695,593.25,0.8096907459999999,0.774369
1696,593.3125,0.7876990190000001,0.76194143
1697,593.375,0.759748056,0.74040407
1698,593.4375,0.726514615,0.7251816
1699,593.5,0.6927486829999999,0.7078171
1700,593.5625,0.667779609,0.68127584
1701,593.625,0.658260498,0.6637338
1702,593.6875,0.6604945729999999,0.6564819
1703,593.75,0.668072653,0.6533753
1704,593.8125,0.6749433429999999,0.65828645
1705,593.875,0.675030586,0.66422737
1706,593.9375,0.669695776,0.66181666
1707,594.0,0.66416892,0.65830564
1708,594.0625,0.660487884,0.65046525
1709,594.125,0.658687238,0.6430317
1710,594.1875,0.6566558920000001,0.6387228
1711,594.25,0.651592208,0.63406956
1712,594.3125,0.642915858,0.63153714
1713,594.375,0.631695815,0.62425417
1714,594.4375,0.619030116,0.6193239
1715,594.5,0.60617108,0.6215896
1716,594.5625,0.596573285,0.61254233
1717,594.625,0.596091967,0.6074668
1718,594.6875,0.603306695,0.60387933
1719,594.75,0.61304981,0.60631675
1720,594.8125,0.6194755789999999,0.6143946
1721,594.875,0.61959681,0.61984396
1722,594.9375,0.615772821,0.6251943
1723,595.0,0.6132146239999999,0.6242012
1724,595.0625,0.616114795,0.6227912
1725,595.125,0.6234055310000001,0.6301579
1726,595.1875,0.630690179,0.6376314
1727,595.25,0.63748443,0.64053226
1728,595.3125,0.641360398,0.64040303
1729,595.375,0.636751296,0.6412699
1730,595.4375,0.62108371,0.6438503
1731,595.5,0.6001431660000001,0.6391723
1732,595.5625,0.585329165,0.62648565
1733,595.625,0.584322849,0.6141984
1734,595.6875,0.595380899,0.6079129
1735,595.75,0.610356097,0.6130273
1736,595.8125,0.619581676,0.6246754
1737,595.875,0.62071109,0.64180994
1738,595.9375,0.622308428,0.64525485
1739,596.0,0.636691503,0.6440242
1740,596.0625,0.659838477,0.649479
1741,596.125,0.679002288,0.6594457
1742,596.1875,0.6865074390000001,0.6663012
1743,596.25,0.680964245,0.665027
1744,596.3125,0.66532783,0.6588538
1745,596.375,0.644998703,0.6459002
1746,596.4375,0.624005509,0.62890893
1747,596.5,0.605668468,0.6216846
1748,596.5625,0.592313682,0.60867304
1749,596.625,0.5890494620000001,0.5970668
1750,596.6875,0.596916618,0.5976598
1751,596.75,0.610476293,0.6054878
1752,596.8125,0.627533916,0.61371726
1753,596.875,0.645715279,0.6287143
1754,596.9375,0.661122862,0.6434813
1755,597.0,0.6761765470000001,0.65639776
1756,597.0625,0.6953628820000001,0.6721471
1757,597.125,0.7195154599999999,0.6935941
1758,597.1875,0.7505236839999999,0.71140665
1759,597.25,0.7865467979999999,0.7342711
1760,597.3125,0.811384546,0.7606369
1761,597.375,0.8109691790000001,0.7804422
1762,597.4375,0.7853658290000002,0.78781617
1763,597.5,0.749746268,0.78356814
1764,597.5625,0.731460358,0.75633806
1765,597.625,0.749886591,0.74057055
1766,597.6875,0.792258169,0.7501108
1767,597.75,0.8302754059999999,0.78505975
1768,597.8125,0.848698959,0.8141533
1769,597.875,0.8506367340000001,0.83211297
1770,597.9375,0.846350873,0.83343023
1771,598.0,0.849853078,0.8255423
1772,598.0625,0.8607687709999998,0.8260385
1773,598.125,0.8673871949999999,0.8291924
1774,598.1875,0.8630559900000001,0.82866377
1775,598.25,0.8452069409999999,0.82331383
1776,598.3125,0.8160887949999999,0.800498
1777,598.375,0.778831816,0.7748704
1778,598.4375,0.7352148439999999,0.7483052
1779,598.5,0.692169632,0.71808046
1780,598.5625,0.659851414,0.6876742
1781,598.625,0.646284131,0.6643454
1782,598.6875,0.651555019,0.65042806
1783,598.75,0.666858204,0.64821863
1784,598.8125,0.6795691009999999,0.6586181
1785,598.875,0.681846697,0.6704232
1786,598.9375,0.678775605,0.67306995
1787,599.0,0.680440693,0.67075515
1788,599.0625,0.690257795,0.6679405
1789,599.125,0.7034399929999999,0.6704833
1790,599.1875,0.711903177,0.6741883
1791,599.25,0.711358959,0.675974
1792,599.3125,0.7012192540000001,0.67472345
1793,599.375,0.684371726,0.66545117
1794,599.4375,0.664498823,0.65769285
1795,599.5,0.645554096,0.65333045
1796,599.5625,0.633881789,0.63735515
1797,599.625,0.635424798,0.6238283
1798,599.6875,0.64642767,0.6242146
1799,599.75,0.6569839510000001,0.63455486
1800,599.8125,0.664239715,0.64273536
1801,599.875,0.670792142,0.65423876
1802,599.9375,0.67898928,0.6643635
1803,600.0,0.6949513820000001,0.6662337
1804,600.0625,0.7191107449999999,0.67819464
1805,600.125,0.7400307549999999,0.6929528
1806,600.1875,0.75077706,0.7097109
1807,600.25,0.7511381429999999,0.71540624
1808,600.3125,0.744791923,0.71052563
1809,600.375,0.732309927,0.704084
1810,600.4375,0.7120074190000001,0.6960736
1811,600.5,0.687124805,0.6863942
1812,600.5625,0.665794319,0.66675913
1813,600.625,0.653986347,0.6503892
1814,600.6875,0.6517940010000001,0.64517003
1815,600.75,0.655180345,0.6441402
1816,600.8125,0.662084393,0.64564615
1817,600.875,0.668932737,0.6502238
1818,600.9375,0.672173982,0.6540439
1819,601.0,0.6723118690000001,0.6523791
1820,601.0625,0.671116778,0.6472081
1821,601.125,0.6680433170000001,0.6428425
1822,601.1875,0.661939109,0.6379045
1823,601.25,0.653276222,0.6315545
1824,601.3125,0.643100821,0.62249845
1825,601.375,0.631651188,0.6197861
1826,601.4375,0.618710442,0.6167884
1827,601.5,0.606626025,0.614584
1828,601.5625,0.599480296,0.6071767
1829,601.625,0.59988002,0.5978562
1830,601.6875,0.606067154,0.59618586
1831,601.75,0.612608654,0.60146946
1832,601.8125,0.615279942,0.6107216
1833,601.875,0.615278467,0.61255574
1834,601.9375,0.616311167,0.61529195
1835,602.0,0.619517523,0.61573184
1836,602.0625,0.624499033,0.61707836
1837,602.125,0.629817164,0.61879784
1838,602.1875,0.6335577170000001,0.61826634
1839,602.25,0.633767537,0.6168201
1840,602.3125,0.6289404439999999,0.6148223
1841,602.375,0.618757572,0.61500937
1842,602.4375,0.605099104,0.6095828
1843,602.5,0.592100466,0.6051243
1844,602.5625,0.583344478,0.59400016
1845,602.625,0.581987774,0.58918244
1846,602.6875,0.587613716,0.59639
1847,602.75,0.599092807,0.5985842
1848,602.8125,0.617775084,0.611959
1849,602.875,0.636527441,0.6282413
1850,602.9375,0.6539279060000001,0.64420146
1851,603.0,0.672308474,0.65648633
1852,603.0625,0.6918851709999999,0.66803336
1853,603.125,0.708035387,0.679886
1854,603.1875,0.716484077,0.68668807
1855,603.25,0.7152957740000001,0.6905134
1856,603.3125,0.7044662629999999,0.68593395
1857,603.375,0.68605261,0.67926794
1858,603.4375,0.662393322,0.67502326
1859,603.5,0.64145644,0.6698079
1860,603.5625,0.636851415,0.6564392
1861,603.625,0.65780907,0.6596112
1862,603.6875,0.70085102,0.6751413
1863,603.75,0.754663404,0.7142295
1864,603.8125,0.800543625,0.75968814
1865,603.875,0.8345414040000002,0.8134963
1866,603.9375,0.873960625,0.8586657
1867,604.0,0.9522823970000001,0.91168
1868,604.0625,1.086319462,0.97129947
1869,604.125,1.229193959,1.081546
1870,604.1875,1.288631789,1.2073005
1871,604.25,1.25365853,1.2518721
1872,604.3125,1.170004889,1.2028615
1873,604.375,1.058288194,1.1202227
1874,604.4375,0.931190744,1.0299237
1875,604.5,0.8203989220000001,0.92442626
1876,604.5625,0.7526709290000001,0.8229914
1877,604.625,0.7278487390000001,0.75849193
1878,604.6875,0.725303093,0.7379661
1879,604.75,0.726143196,0.73659664
1880,604.8125,0.729400261,0.7445809
1881,604.875,0.7405578719999999,0.74899083
1882,604.9375,0.7645764890000001,0.7543126
1883,605.0,0.792645917,0.76509964
1884,605.0625,0.8091954300000002,0.7817813
1885,605.125,0.8070944990000001,0.7824392
1886,605.1875,0.7892518840000001,0.769634
1887,605.25,0.7577108479999999,0.7499786
1888,605.3125,0.718315923,0.7194269
1889,605.375,0.67819544,0.6884484
1890,605.4375,0.641037796,0.6621615
1891,605.5,0.610700342,0.64355236
1892,605.5625,0.593827283,0.62727267
1893,605.625,0.599012985,0.6208421
1894,605.6875,0.627759973,0.6240595
1895,605.75,0.670522367,0.6452554
1896,605.8125,0.7087696090000001,0.6846564
1897,605.875,0.734448434,0.72267133
1898,605.9375,0.76776257,0.747162
1899,606.0,0.821917387,0.77560544
1900,606.0625,0.880109644,0.8245654
1901,606.125,0.931462478,0.8688018
1902,606.1875,0.967348842,0.90745103
1903,606.25,0.967728704,0.93437684
1904,606.3125,0.931704736,0.9300441
1905,606.375,0.8708997719999999,0.90496475
1906,606.4375,0.802298299,0.86026245
1907,606.5,0.745588829,0.8123884
1908,606.5625,0.719146317,0.7635946
1909,606.625,0.730148642,0.7374119
1910,606.6875,0.7561594119999999,0.73767537
1911,606.75,0.773011621,0.75214934
1912,606.8125,0.7716808729999999,0.75482184
1913,606.875,0.753884854,0.75384825
1914,606.9375,0.732401574,0.73499364
1915,607.0,0.721712318,0.708417
1916,607.0625,0.7145395609999999,0.69252276
1917,607.125,0.700661407,0.6778415
1918,607.1875,0.680547971,0.6605767
1919,607.25,0.6570159320000001,0.6419448
1920,607.3125,0.633031425,0.622296
1921,607.375,0.610341819,0.60613066
1922,607.4375,0.590255431,0.59279203
1923,607.5,0.573494209,0.5816697
1924,607.5625,0.562229968,0.5717972
1925,607.625,0.558077969,0.5628255
1926,607.6875,0.560666742,0.5582424
1927,607.75,0.566357782,0.55947804
1928,607.8125,0.571521321,0.5627455
1929,607.875,0.575211457,0.56620866
1930,607.9375,0.577975521,0.57059044
1931,608.0,0.581859272,0.5716561
1932,608.0625,0.588814766,0.57550377
1933,608.125,0.597379371,0.57853585
1934,608.1875,0.606088517,0.5815269
1935,608.25,0.612386179,0.585398
1936,608.3125,0.613814914,0.5871958
1937,608.375,0.6100446620000001,0.5880371
1938,608.4375,0.601746269,0.5894033
1939,608.5,0.5917462929999999,0.5850933
1940,608.5625,0.584242363,0.5764441
1941,608.625,0.581482106,0.5709496
1942,608.6875,0.58218343,0.5680989
1943,608.75,0.58445636,0.5681236
1944,608.8125,0.586855241,0.57091385
1945,608.875,0.588418465,0.57495075
1946,608.9375,0.589854499,0.5781776
1947,609.0,0.593399232,0.57730335
