,Time (d),PO4_meas_Pearson_NPC (gP/m3),PO4_pred_Pearson_NPC (gP/m3)
0,487.23958330000005,0.025794812000000004,0.24062054
1,487.2916667,0.027532745,0.24227181
2,487.34375,0.029979184,0.24307463
3,487.39583330000005,0.03302118,0.27469453
4,487.4479167,0.036479837,0.38145098
5,487.5,0.040290973,0.45942646
6,487.55208330000005,0.045406126,0.49417484
7,487.6041667,0.056043412,0.5182043
8,487.65625,0.08049453599999998,0.534315
9,487.70833330000005,0.124195134,0.5469587
10,487.7604167,0.184578187,0.5779454
11,487.8125,0.256548639,0.6437978
12,487.86458330000005,0.332283415,0.6940016
13,487.9166667,0.404300872,0.73513716
14,487.96875,0.467173588,0.76737845
15,488.02083330000005,0.517082087,0.7892949
16,488.0729167,0.557791103,0.8131294
17,488.125,0.596586004,0.8268452
18,488.17708330000005,0.640143772,0.8271233
19,488.2291667,0.691245094,0.8326433
20,488.28125,0.7483215360000001,0.84753036
21,488.33333330000005,0.809861556,0.86893713
22,488.3854167,0.877574108,0.910447
23,488.4375,0.9517824500000001,1.0078846
24,488.48958330000005,1.023012654,1.1002091
25,488.5416667,1.073123374,1.1695969
26,488.59375,1.079955317,1.209392
27,488.64583330000005,1.037455252,1.2004583
28,488.6979167,0.963427161,1.1495293
29,488.75,0.8800504790000001,1.0790203
30,488.80208330000005,0.8052613609999999,1.0138023
31,488.8541667,0.7487791359999998,0.9413241
32,488.90625,0.702720783,0.8736467
33,488.95833330000005,0.646956775,0.81982416
34,489.0104167,0.582023756,0.7633906
35,489.0625,0.525734758,0.7087108
36,489.11458330000005,0.49417237,0.65260607
37,489.1666667,0.484765229,0.6167702
38,489.21875,0.487418281,0.59432673
39,489.27083330000005,0.499823887,0.5816169
40,489.3229167,0.520487665,0.5776669
41,489.375,0.5472768579999999,0.5849948
42,489.42708330000005,0.5768722079999999,0.6463545
43,489.4791667,0.599746994,0.70678645
44,489.53125,0.599580287,0.74544436
45,489.58333330000005,0.562447983,0.7591237
46,489.6354167,0.501744203,0.7331173
47,489.6875,0.44303689,0.68228066
48,489.73958330000005,0.400721752,0.63361216
49,489.7916667,0.378109266,0.61565715
50,489.84375,0.37430622299999994,0.6052261
51,489.89583330000005,0.382561958,0.6010609
52,489.9479167,0.392387193,0.61125207
53,490.0,0.40183238400000004,0.6211401
54,490.05208330000005,0.41603672100000005,0.63799286
55,490.1041667,0.438586317,0.6588334
56,490.15625,0.47068328899999995,0.67808574
57,490.20833330000005,0.510587339,0.7042617
58,490.2604167,0.555150927,0.7377007
59,490.3125,0.603994376,0.77535343
60,490.36458330000005,0.658531813,0.8172951
61,490.4166667,0.718181918,0.91649365
62,490.46875,0.7776449559999998,1.0599034
63,490.52083330000005,0.8287938770000001,1.1653383
64,490.5729167,0.8650733179999999,1.2503173
65,490.625,0.882770486,1.3150295
66,490.67708330000005,0.884036936,1.3507035
67,490.7291667,0.8756876090000001,1.3654413
68,490.78125,0.864770415,1.3877784
69,490.83333330000005,0.8558642390000001,1.4199414
70,490.8854167,0.8525107540000001,1.4221748
71,490.9375,0.854965505,1.4258907
72,490.98958330000005,0.8598543229999999,1.4424536
73,491.0416667,0.864659265,1.4622662
74,491.09375,0.871382498,1.4866381
75,491.14583330000005,0.8841313209999999,1.5068027
76,491.1979167,0.90523409,1.5236648
77,491.25,0.935141208,1.545418
78,491.30208330000005,0.973049595,1.5706067
79,491.3541667,1.017711061,1.6017791
80,491.40625,1.070983674,1.6719005
81,491.45833330000005,1.133393914,1.7946072
82,491.5104167,1.201970182,1.8917305
83,491.5625,1.27087449,1.9653847
84,491.61458330000005,1.331641616,2.032319
85,491.6666667,1.376554159,2.082463
86,491.71875,1.4041733790000002,2.1093204
87,491.77083330000005,1.417790118,2.120313
88,491.8229167,1.423501801,2.1258392
89,491.875,1.426612339,2.1116307
90,491.92708330000005,1.4291873119999998,2.0901926
91,491.9791667,1.429672346,2.0709207
92,492.03125,1.4263693380000002,2.0595176
93,492.08333330000005,1.421631383,2.057034
94,492.1354167,1.422454164,2.0470755
95,492.1875,1.434102987,2.0360818
96,492.23958330000005,1.456553899,2.029841
97,492.2916667,1.489915548,2.0283384
98,492.34375,1.5362509850000001,2.0311403
99,492.39583330000005,1.598048963,2.056129
100,492.4479167,1.674289975,2.1300337
101,492.5,1.755814011,2.2089162
102,492.55208330000005,1.8296556349999997,2.2816336
103,492.6041667,1.8754593020000003,2.337588
104,492.65625,1.881711134,2.3597963
105,492.70833330000005,1.850366485,2.3399577
106,492.7604167,1.792863883,2.2854464
107,492.8125,1.723131107,2.213823
108,492.86458330000005,1.656083159,2.1138403
109,492.9166667,1.5845271080000003,2.0121522
110,492.96875,1.4776750280000002,1.9078947
111,493.02083330000005,1.323443258,1.7755567
112,493.0729167,1.146938554,1.6096448
113,493.125,0.9783301249999999,1.4260191
114,493.17708330000005,0.82881543,1.2512436
115,493.2291667,0.701147895,1.0922809
116,493.28125,0.60290728,0.95061094
117,493.33333330000005,0.539097273,0.83886963
118,493.3854167,0.511427501,0.7685924
119,493.4375,0.523940242,0.7751146
120,493.48958330000005,0.559545824,0.8279242
121,493.5416667,0.571584411,0.9190988
122,493.59375,0.5257834779999999,1.016104
123,493.64583330000005,0.43860522400000007,1.0514802
124,493.6979167,0.357120715,1.0278713
125,493.75,0.316756952,0.9983927
126,493.80208330000005,0.339100512,1.0181088
127,493.8541667,0.444804409,1.1013397
128,493.90625,0.650560214,1.2263626
129,493.95833330000005,0.9949907250000001,1.4188142
130,494.0104167,1.438817809,1.745218
131,494.0625,1.885434994,2.17033
132,494.11458330000005,2.302625541,2.5928216
133,494.1666667,2.654793854,2.9817817
134,494.21875,2.8651165960000005,3.277249
135,494.27083330000005,2.903636944,3.398994
136,494.3229167,2.728108702,3.3134735
137,494.375,2.318338148,2.9915736
138,494.42708330000005,1.775016844,2.4905782
139,494.4791667,1.262936607,1.943397
140,494.53125,0.846342047,1.4759198
141,494.58333330000005,0.527336983,1.1062058
142,494.6354167,0.308314845,0.8158958
143,494.6875,0.17736486899999998,0.5977922
144,494.73958330000005,0.108815499,0.46070108
145,494.7916667,0.07440983899999999,0.39578092
146,494.84375,0.056775162,0.35326385
147,494.89583330000005,0.047522234,0.31704375
148,494.9479167,0.04242774,0.2971401
149,495.0,0.039901687000000005,0.28390986
150,495.05208330000005,0.039915981,0.280139
151,495.1041667,0.044004045,0.28208312
152,495.15625,0.057143305,0.27916914
153,495.20833330000005,0.088262804,0.2807955
154,495.2604167,0.145014872,0.29982018
155,495.3125,0.23400754700000004,0.34203443
156,495.36458330000005,0.361227577,0.41332012
157,495.4166667,0.527703524,0.5589595
158,495.46875,0.71459584,0.75769436
159,495.52083330000005,0.893252245,0.9418081
160,495.5729167,1.046786377,1.1089842
161,495.625,1.163672385,1.2411602
162,495.67708330000005,1.243300256,1.3370682
163,495.7291667,1.2981557259999998,1.406847
164,495.78125,1.34099014,1.464657
165,495.83333330000005,1.38362396,1.5168612
166,495.8854167,1.4303424319999998,1.5525873
167,495.9375,1.47716942,1.5925084
168,495.98958330000005,1.5197742210000003,1.6382099
169,496.0416667,1.559193855,1.6824647
170,496.09375,1.599899294,1.7254854
171,496.14583330000005,1.64737038,1.7686273
172,496.1979167,1.705407941,1.812805
173,496.25,1.7730770180000002,1.8578511
174,496.30208330000005,1.848586397,1.911348
175,496.3541667,1.9316439189999999,1.9740558
176,496.40625,2.020945347,2.0674698
177,496.45833330000005,2.118031872,2.2121005
178,496.5104167,2.215006429,2.3393686
179,496.5625,2.303975331,2.4465194
180,496.61458330000005,2.375581939,2.5377588
181,496.6666667,2.42584415,2.6056201
182,496.71875,2.456005918,2.644069
183,496.77083330000005,2.47364572,2.6665688
184,496.8229167,2.486055553,2.6847088
185,496.875,2.498739337,2.6888206
186,496.92708330000005,2.513880556,2.6878023
187,496.9791667,2.529686902,2.6899352
188,497.03125,2.543902207,2.6977165
189,497.08333330000005,2.557221298,2.716309
190,497.1354167,2.572845101,2.7341833
191,497.1875,2.595227983,2.7511947
192,497.23958330000005,2.628423208,2.7722611
193,497.2916667,2.675556876,2.8011608
194,497.34375,2.7369617660000003,2.8370821
195,497.39583330000005,2.812112957,2.8953109
196,497.4479167,2.899820625,3.0044754
197,497.5,2.991227423,3.12881
198,497.55208330000005,3.0788814710000003,3.2384644
199,497.6041667,3.1520738660000007,3.3320415
200,497.65625,3.2026405239999995,3.4006133
201,497.70833330000005,3.2294961750000004,3.438507
202,497.7604167,3.237179177,3.4476135
203,497.8125,3.234113134,3.4372635
204,497.86458330000005,3.22784398,3.4184282
205,497.9166667,3.22325622,3.3945918
206,497.96875,3.221893444,3.3742793
207,498.02083330000005,3.223708443,3.3694484
208,498.0729167,3.230193856,3.389165
209,498.125,3.243905634,3.4135506
210,498.17708330000005,3.2658616759999997,3.4356804
211,498.2291667,3.2960038200000006,3.45958
212,498.28125,3.3352555389999994,3.4913633
213,498.33333330000005,3.3848312330000003,3.528891
214,498.3854167,3.448298278,3.5717316
215,498.4375,3.5281825670000004,3.6473114
216,498.48958330000005,3.6203184779999997,3.757203
217,498.5416667,3.716662484,3.8782973
218,498.59375,3.8036168610000005,3.9890406
219,498.64583330000005,3.871409202,4.075171
220,498.6979167,3.9163363340000004,4.138681
221,498.75,3.941822058,4.169492
222,498.80208330000005,3.955948064,4.170697
223,498.8541667,3.9657380159999995,4.1601
224,498.90625,3.9747247989999996,4.153294
225,498.95833330000005,3.982764162,4.14407
226,499.0104167,3.987640383,4.135997
227,499.0625,3.988705164,4.1474223
228,499.11458330000005,3.9896318410000005,4.1812997
229,499.1666667,3.997414372,4.20178
230,499.21875,4.016118006,4.21598
231,499.27083330000005,4.0450208860000005,4.235714
232,499.3229167,4.083546595,4.261054
233,499.375,4.134493095,4.292592
234,499.42708330000005,4.2014469960000005,4.3370066
235,499.4791667,4.281869807,4.412464
236,499.53125,4.3658055860000005,4.5224395
237,499.58333330000005,4.436229743999999,4.6218543
238,499.6354167,4.482377045,4.6869516
239,499.6875,4.501338005,4.727868
240,499.73958330000005,4.500163897,4.7335525
241,499.7916667,4.489918726,4.706906
242,499.84375,4.479263195,4.679309
243,499.89583330000005,4.471278779,4.6528606
244,499.9479167,4.462894077,4.637913
245,500.0,4.448336386,4.6193438
246,500.05208330000005,4.424456912,4.601855
247,500.1041667,4.393311094,4.597649
248,500.15625,4.363320826,4.5951076
249,500.20833330000005,4.346022095,4.5922437
250,500.2604167,4.347994764,4.5903063
251,500.3125,4.369177201,4.60033
252,500.36458330000005,4.406363796,4.6220303
253,500.4166667,4.458173365,4.644231
254,500.46875,4.521116323999999,4.693629
255,500.52083330000005,4.588774462,4.7845964
256,500.5729167,4.651507606,4.875535
257,500.625,4.700609144,4.948099
258,500.67708330000005,4.7305969160000005,5.0073767
259,500.7291667,4.74379274,5.0321975
260,500.78125,4.745815929,5.024809
261,500.83333330000005,4.741644279,5.004294
262,500.8854167,4.734210018,4.9803915
263,500.9375,4.722090486,4.951157
264,500.98958330000005,4.701383334,4.9120903
265,501.0416667,4.672502751000001,4.8949714
266,501.09375,4.643761039,4.8887362
267,501.14583330000005,4.625600775,4.877252
268,501.1979167,4.625061144,4.876776
269,501.25,4.644687086,4.8872285
270,501.30208330000005,4.683988315,4.908261
271,501.3541667,4.743196127,4.946244
272,501.40625,4.820751498,4.994855
273,501.45833330000005,4.910798898,5.046568
274,501.5104167,5.001580147,5.1511755
275,501.5625,5.080675882,5.2640877
276,501.61458330000005,5.138077687,5.3549657
277,501.6666667,5.16937809,5.417183
278,501.71875,5.178413088,5.436701
279,501.77083330000005,5.172208546,5.4198966
280,501.8229167,5.158667531,5.3802075
281,501.875,5.1451986430000005,5.346327
282,501.92708330000005,5.134167144,5.3091984
283,501.9791667,5.122616739,5.2741294
284,502.03125,5.109018967,5.2591863
285,502.08333330000005,5.097551061,5.268893
286,502.1354167,5.095379868999999,5.281552
287,502.1875,5.106589613,5.2914596
288,502.23958330000005,5.130509457,5.3039937
289,502.2916667,5.164498313,5.3263865
290,502.34375,5.207234466,5.3479466
291,502.39583330000005,5.260218315,5.3710794
292,502.4479167,5.320309784,5.401251
293,502.5,5.380463442999999,5.46442
294,502.55208330000005,5.429448235,5.5463085
295,502.6041667,5.454173346,5.6083336
296,502.65625,5.448950057999999,5.6303797
297,502.70833330000005,5.417174879,5.6069064
298,502.7604167,5.366744785,5.551927
299,502.8125,5.308930531000001,5.4760184
300,502.86458330000005,5.256216387,5.4100723
301,502.9166667,5.215055729,5.3481593
302,502.96875,5.180083466,5.2923827
303,503.02083330000005,5.143948838,5.257166
304,503.0729167,5.10725045,5.243819
305,503.125,5.074845337,5.2228456
306,503.17708330000005,5.0508677230000005,5.204111
307,503.2291667,5.03820688,5.193064
308,503.28125,5.038687047,5.1874366
309,503.33333330000005,5.0529642,5.188677
310,503.3854167,5.081088653,5.198874
311,503.4375,5.123514467,5.2181306
312,503.48958330000005,5.176589307,5.2818146
313,503.5416667,5.232497916,5.364246
314,503.59375,5.281245011,5.4357967
315,503.64583330000005,5.315162025,5.4893837
316,503.6979167,5.332174294,5.528236
317,503.75,5.335614574,5.5372014
318,503.80208330000005,5.331092756,5.513725
319,503.8541667,5.322833773999999,5.485282
320,503.90625,5.313381524,5.465948
321,503.95833330000005,5.303974232,5.46039
322,504.0104167,5.2938687280000005,5.452999
323,504.0625,5.280477268,5.4466715
324,504.11458330000005,5.262404908,5.4449425
325,504.1666667,5.242357285,5.4429517
326,504.21875,5.227611155,5.451749
327,504.27083330000005,5.225289033999999,5.452257
328,504.3229167,5.2365251,5.447367
329,504.375,5.258493986,5.445041
330,504.42708330000005,5.288751171,5.437774
331,504.4791667,5.324979381,5.4658484
332,504.53125,5.363046102,5.536758
333,504.58333330000005,5.39357378,5.603177
334,504.6354167,5.40524846,5.6462126
335,504.6875,5.392640532000001,5.6577325
336,504.73958330000005,5.35787643,5.6420918
337,504.7916667,5.307628643999999,5.5841
338,504.84375,5.251319377,5.5191045
339,504.89583330000005,5.1938029000000006,5.452045
340,504.9479167,5.134476635,5.39412
341,505.0,5.067697798999999,5.3347597
342,505.05208330000005,4.990874626,5.288022
343,505.1041667,4.907912961,5.232836
344,505.15625,4.8246137010000005,5.1598883
345,505.20833330000005,4.748377501,5.0891786
346,505.2604167,4.688118285,5.0212617
347,505.3125,4.65028854,4.9676356
348,505.36458330000005,4.638407041000001,4.9332924
349,505.4166667,4.647393342,4.891866
350,505.46875,4.666160023,4.885991
351,505.52083330000005,4.68208075,4.9406276
352,505.5729167,4.683877363,4.982588
353,505.625,4.660029182,4.982797
354,505.67708330000005,4.602989684,4.963935
355,505.7291667,4.522463503,4.9012127
356,505.78125,4.435194667,4.799822
357,505.83333330000005,4.353091319,4.692203
358,505.8854167,4.2835557280000005,4.5964966
359,505.9375,4.2259335139999985,4.509052
360,505.98958330000005,4.175312173,4.4455066
361,506.0416667,4.131099904,4.414101
362,506.09375,4.097466956,4.401819
363,506.14583330000005,4.076517083,4.3897896
364,506.1979167,4.067782362,4.3883133
365,506.25,4.070924275,4.39019
366,506.30208330000005,4.086063664,4.3925724
367,506.3541667,4.1132818539999985,4.4025965
368,506.40625,4.152511706,4.4165034
369,506.45833330000005,4.20437186,4.44339
370,506.5104167,4.265492616,4.5236554
371,506.5625,4.330119469,4.6148925
372,506.61458330000005,4.389062123,4.698279
373,506.6666667,4.435037265,4.7606816
374,506.71875,4.465877741,4.8004136
375,506.77083330000005,4.484149111,4.8165383
376,506.8229167,4.493921631,4.816825
377,506.875,4.498411528,4.8048472
378,506.92708330000005,4.496311888999999,4.787136
379,506.9791667,4.483962864,4.7729206
380,507.03125,4.460395406,4.7602353
381,507.08333330000005,4.429069869,4.7735076
382,507.1354167,4.397276013,4.780715
383,507.1875,4.37071879,4.7656693
384,507.23958330000005,4.350632659,4.7462707
385,507.2916667,4.337804303,4.732909
386,507.34375,4.335718195,4.7243357
387,507.39583330000005,4.3494450910000015,4.7220244
388,507.4479167,4.380678245,4.7045107
389,507.5,4.425479363,4.743536
390,507.55208330000005,4.47541122,4.822034
391,507.6041667,4.523001768,4.8924847
392,507.65625,4.56148436,4.959988
393,507.70833330000005,4.587982448,5.0075088
394,507.7604167,4.603489505,5.0256085
395,507.8125,4.610203881,5.012266
396,507.86458330000005,4.610953086,4.98951
397,507.9166667,4.608152265,4.959366
398,507.96875,4.603384763999999,4.937037
399,508.02083330000005,4.599066827,4.9248652
400,508.0729167,4.599209356999999,4.945789
401,508.125,4.608369538,4.9881954
402,508.17708330000005,4.630001871,5.0257263
403,508.2291667,4.664956294,5.0655103
404,508.28125,4.713462991,5.1149383
405,508.33333330000005,4.774174516,5.173938
406,508.3854167,4.84847837,5.21614
407,508.4375,4.938483607,5.2441497
408,508.48958330000005,5.041132493,5.323033
409,508.5416667,5.15123233,5.4552884
410,508.59375,5.2591015610000005,5.586528
411,508.64583330000005,5.352770762,5.6971993
412,508.6979167,5.426197454,5.7761173
413,508.75,5.479941117,5.8230286
414,508.80208330000005,5.519137284,5.828545
415,508.8541667,5.552082225,5.817734
416,508.90625,5.584896452000001,5.841324
417,508.95833330000005,5.618167903,5.8629646
418,509.0104167,5.64938118,5.8661914
419,509.0625,5.674917317999999,5.905269
420,509.11458330000005,5.69577982,5.9608364
421,509.1666667,5.717627247999999,6.0279946
422,509.21875,5.746206947999999,6.0727277
423,509.27083330000005,5.783046689,6.102545
424,509.3229167,5.826114037000001,6.1282287
425,509.375,5.875644743,6.1510243
426,509.42708330000005,5.935475674999999,6.1551127
427,509.4791667,6.005229474,6.1976333
428,509.53125,6.0797093979999985,6.2797785
429,509.58333330000005,6.1464063929999995,6.3631926
430,509.6354167,6.192681355,6.4204698
431,509.6875,6.214293925000001,6.4553175
432,509.73958330000005,6.214425108000001,6.46498
433,509.7916667,6.201353155,6.421971
434,509.84375,6.182006952999999,6.3703103
435,509.89583330000005,6.161005656,6.3433642
436,509.9479167,6.139753292999999,6.3069124
437,510.0,6.11480089,6.2669673
438,510.05208330000005,6.083504882000001,6.260623
439,510.1041667,6.048175729,6.248644
440,510.15625,6.013613179,6.2269125
441,510.20833330000005,5.984489032000001,6.2068057
442,510.2604167,5.964843458,6.190643
443,510.3125,5.957874695,6.183497
444,510.36458330000005,5.965068532999999,6.1789007
445,510.4166667,5.986066154,6.1567774
446,510.46875,6.017733590000001,6.133451
447,510.52083330000005,6.05467887,6.1734195
448,510.5729167,6.090900165999999,6.2321815
449,510.625,6.1214387110000015,6.282168
450,510.67708330000005,6.1427272660000005,6.3298273
451,510.7291667,6.153134995000001,6.3614206
452,510.78125,6.152562075,6.3564796
453,510.83333330000005,6.140460649000001,6.318269
454,510.8854167,6.114926907,6.291249
455,510.9375,6.077154275000001,6.272484
456,510.98958330000005,6.029551199,6.2054534
457,511.0416667,5.971859809,6.1465425
458,511.09375,5.90702176,6.1151333
459,511.14583330000005,5.844702387000001,6.082191
460,511.1979167,5.79388222,6.041957
461,511.25,5.758468271,6.008518
462,511.30208330000005,5.737911613,5.98445
463,511.3541667,5.73033099,5.968531
464,511.40625,5.733607472999999,5.934335
465,511.45833330000005,5.745123341,5.901566
466,511.5104167,5.758396287,5.9387746
467,511.5625,5.762842162999999,5.9788113
468,511.61458330000005,5.74535182,5.998254
469,511.6666667,5.69933687,5.988126
470,511.71875,5.62752517,5.947401
471,511.77083330000005,5.541557749,5.867647
472,511.8229167,5.449396215,5.745637
473,511.875,5.357330098,5.646685
474,511.92708330000005,5.26963466,5.5420103
475,511.9791667,5.185297509,5.438384
476,512.03125,5.1030550560000005,5.3591304
477,512.0833333,5.02602468,5.306785
478,512.1354167,4.959075065,5.2679315
479,512.1875,4.908909024,5.2521567
480,512.2395833,4.879732776,5.2338424
481,512.2916667,4.866279655,5.2042193
482,512.34375,4.86033684,5.1866264
483,512.3958333,4.858373185,5.1618814
484,512.4479167,4.863152911999999,5.1309104
485,512.5,4.876380672,5.144864
486,512.5520833,4.89334285,5.183599
487,512.6041667,4.904066932,5.2266726
488,512.65625,4.901203287,5.248625
489,512.7083333,4.883711148,5.247855
490,512.7604167,4.855379163,5.21612
491,512.8125,4.821809416000001,5.146182
492,512.8645833,4.787310528,5.0830746
493,512.9166667,4.755987681000001,5.057004
494,512.96875,4.73231792,5.045425
495,513.0208333,4.711686102,5.0102577
496,513.0729167,4.683627686,5.0027833
497,513.125,4.645412405,5.0075893
498,513.1770833,4.605676114,4.9890084
499,513.2291667,4.575032998999999,4.9657
500,513.28125,4.559282127,4.944682
501,513.3333333,4.560587225,4.9319096
502,513.3854167,4.581083225,4.9401746
503,513.4375,4.620359015,4.9410925
504,513.4895833,4.670425071,4.971848
505,513.5416667,4.717670555,5.0370755
506,513.59375,4.750040787,5.0966034
507,513.6458333,4.761955035,5.138293
508,513.6979167,4.755813375,5.1557393
509,513.75,4.737837685,5.125997
510,513.8020833,4.7119522730000005,5.0783987
511,513.8541667,4.681297708,5.0255446
512,513.90625,4.649316786,4.976378
513,513.9583333,4.6154662680000005,4.925499
514,514.0104167,4.578374779,4.899131
515,514.0625,4.539187337,4.8855567
516,514.1145833,4.500762437,4.874235
517,514.1666667,4.4660354280000005,4.8633513
518,514.21875,4.439007532,4.852866
519,514.2708333,4.423908068999999,4.843901
520,514.3229167,4.423825914,4.841541
521,514.375,4.441767839,4.8544426
522,514.4270833,4.479789251000001,4.8653507
523,514.4791667,4.533308282,4.8958273
524,514.53125,4.59034951,4.973077
525,514.5833333,4.6345525830000005,5.0494614
526,514.6354167,4.656974797,5.0935483
527,514.6875,4.656537021,5.1242924
528,514.7395833,4.640848047,5.113141
529,514.7916667,4.619636323,5.061091
530,514.84375,4.599122789,5.0045733
531,514.8958333,4.584029156000001,4.973383
532,514.9479167,4.575472048,4.935033
533,515.0,4.569933661,4.912547
534,515.0520833,4.563621985,4.9188957
535,515.1041667,4.557822492,4.9470673
536,515.15625,4.557253474,4.9636517
537,515.2083333,4.566540442,4.983854
538,515.2604167,4.588371338,5.0149
539,515.3125,4.623250364,5.0361648
540,515.3645833,4.671554744,5.059284
541,515.4166667,4.733342765,5.080221
542,515.46875,4.806652247,5.120164
543,515.5208333,4.883105902,5.211229
544,515.5729167,4.950754466999999,5.2970247
545,515.625,4.999703574,5.3661094
546,515.6770833,5.026012173,5.4237003
547,515.7291667,5.036017379,5.4415574
548,515.78125,5.037931426,5.428365
549,515.8333333,5.036711904,5.387372
550,515.8854167,5.0331721730000005,5.3558702
551,515.9375,5.026122871,5.327886
552,515.9895833,5.015191528,5.2929196
553,516.0416667,5.001886065,5.271755
554,516.09375,4.991016876000001,5.2744217
555,516.1458333,4.99013136,5.285859
556,516.1979167,5.005996198,5.3109064
557,516.25,5.04049422,5.335589
558,516.3020833,5.090950165,5.375094
559,516.3541667,5.154234642,5.420109
560,516.40625,5.22937861,5.464557
561,516.4583333,5.31134262,5.505035
562,516.5104167,5.394263231,5.586922
563,516.5625,5.470420463,5.681722
564,516.6145833,5.534749818,5.7554827
565,516.6666667,5.586369435,5.8157215
566,516.71875,5.628122023,5.868311
567,516.7708333,5.6625683539999985,5.9033136
568,516.8229167,5.693047381,5.884179
569,516.875,5.720555956,5.8750916
570,516.9270833,5.743921355,5.879146
571,516.9791667,5.764095212999999,5.8830595
572,517.03125,5.7815419860000015,5.920514
573,517.0833333,5.797296789,5.9599705
574,517.1354167,5.812138419,6.0013223
575,517.1875,5.8267460789999985,6.034721
576,517.2395833,5.842960545,6.058187
577,517.2916667,5.863161292999999,6.0805397
578,517.34375,5.889932145,6.1007514
579,517.3958333,5.926351498,6.1135573
580,517.4479167,5.974684393,6.1087523
581,517.5,6.032084995,6.161274
582,517.5520833,6.091953012,6.2425847
583,517.6041667,6.145100287999999,6.312623
584,517.65625,6.183364759,6.36652
585,517.7083333,6.203834683,6.4001102
586,517.7604167,6.208734126,6.40026
587,517.8125,6.202848528999999,6.3602986
588,517.8645833,6.190742055,6.3367567
589,517.9166667,6.176183694000001,6.3199577
590,517.96875,6.159457302000001,6.284113
591,518.0208333,6.137342332999999,6.2712994
592,518.0729167,6.108640422000001,6.2919984
593,518.125,6.075431772000001,6.2940035
594,518.1770833,6.040715765,6.2980146
595,518.2291667,6.008133488,6.292755
596,518.28125,5.979572846,6.264516
597,518.3333333,5.9553202989999985,6.245512
598,518.3854167,5.937010178,6.225542
599,518.4375,5.926340781,6.158645
600,518.4895833,5.919645644,6.1398726
601,518.5416667,5.905184457000001,6.148833
602,518.59375,5.869234449,6.1382465
603,518.6458333,5.805221501,6.1203017
604,518.6979167,5.721012049,6.0674987
605,518.75,5.62709583,5.9742184
606,518.8020833,5.5294922920000005,5.8530703
607,518.8541667,5.431104782,5.7375045
608,518.90625,5.33680831,5.634754
609,518.9583333,5.244504506,5.5230446
610,519.0104167,5.147765739,5.4329944
611,519.0625,5.049652424,5.3738036
612,519.1145833,4.957614466,5.301859
613,519.1666667,4.876420681,5.230974
614,519.21875,4.808437887,5.1679316
615,519.2708333,4.756538515,5.1158953
616,519.3229167,4.725159218,5.078535
617,519.375,4.714924917,5.0436344
618,519.4270833,4.724025006000001,5.0118537
619,519.4791667,4.746296431,5.026328
620,519.53125,4.770040281,5.072771
621,519.5833333,4.780798998,5.1069613
622,519.6354167,4.767344454,5.1267605
623,519.6875,4.730193335,5.1299233
624,519.7395833,4.679842732,5.082334
625,519.7916667,4.623948116,5.0028653
626,519.84375,4.564116665,4.9118195
627,519.8958333,4.502336821,4.8414063
628,519.9479167,4.444907008,4.773038
629,520.0,4.39021424,4.695528
630,520.0520833,4.333584731,4.6614823
631,520.1041667,4.278644316,4.6378164
632,520.15625,4.232344934,4.599959
633,520.2083333,4.198438789,4.5681386
634,520.2604167,4.17797239,4.5416865
635,520.3125,4.172673662,4.52633
636,520.3645833,4.1850468360000015,4.5263906
637,520.4166667,4.21659774,4.524087
638,520.46875,4.264978703,4.5561366
639,520.5208333,4.316414755,4.637738
640,520.5729167,4.35594055,4.6993003
641,520.625,4.368597112,4.7476563
642,520.6770833,4.351027568999998,4.7587075
643,520.7291667,4.312798437,4.731439
644,520.78125,4.265770217,4.669804
645,520.8333333,4.217745087,4.5942664
646,520.8854167,4.172557159,4.531919
647,520.9375,4.131011363,4.4745026
648,520.9895833,4.08961004,4.4226074
649,521.0416667,4.044862727,4.393484
650,521.09375,3.997697002,4.3775034
651,521.1458333,3.953764648,4.3540206
652,521.1979167,3.91673329,4.3190722
653,521.25,3.888588651,4.291545
654,521.3020833,3.8726631959999995,4.269314
655,521.3541667,3.872266013,4.2470927
656,521.40625,3.88804158,4.2321115
657,521.4583333,3.917564099,4.237201
658,521.5104167,3.9566911200000003,4.2879643
659,521.5625,3.999585999,4.361611
660,521.6145833,4.03809014,4.426985
661,521.6666667,4.066715742,4.474708
662,521.71875,4.083842167,4.5056477
663,521.7708333,4.092393681,4.513386
664,521.8229167,4.097418507,4.5003777
665,521.875,4.102440197,4.476792
666,521.9270833,4.106873108,4.4637766
667,521.9791667,4.109321923,4.4516025
668,522.03125,4.110541792,4.4542847
669,522.0833333,4.113460662,4.474333
670,522.1354167,4.122399692,4.4995594
671,522.1875,4.142181455,4.5227747
672,522.2395833,4.177481778,4.562919
673,522.2916667,4.228664707,4.6079884
674,522.34375,4.295482314,4.644517
675,522.3958333,4.3781653480000005,4.6964335
676,522.4479167,4.469812688999999,4.7553463
677,522.5,4.563333097,4.8386073
678,522.5520833,4.650212531,4.9501424
679,522.6041667,4.721487512,5.0472903
680,522.65625,4.774099416,5.123832
681,522.7083333,4.810534074,5.1767282
682,522.7604167,4.83486717,5.2003446
683,522.8125,4.851854705,5.183389
684,522.8645833,4.863901296,5.168938
685,522.9166667,4.872362043,5.1620693
686,522.96875,4.877985245,5.158503
687,523.0208333,4.880899148999999,5.150408
688,523.0729167,4.881603748,5.1713448
689,523.125,4.883914583,5.198735
690,523.1770833,4.893657277,5.2137723
691,523.2291667,4.914361882,5.2269697
692,523.28125,4.946577437,5.249306
693,523.3333333,4.990540132,5.2734222
694,523.3854167,5.048447642,5.3019056
695,523.4375,5.122434775,5.3328433
696,523.4895833,5.205967393,5.409512
697,523.5416667,5.288415211,5.5070767
698,523.59375,5.3573094480000005,5.5907598
699,523.6458333,5.406393422000001,5.654026
700,523.6979167,5.435499455,5.700598
701,523.75,5.45139806,5.704678
702,523.8020833,5.46136064,5.6765018
703,523.8541667,5.470988561,5.6553774
704,523.90625,5.484172999,5.665027
705,523.9583333,5.501188117000001,5.6705933
706,524.0104167,5.517942382,5.680989
707,524.0625,5.528914584,5.7149673
708,524.1145833,5.533138492999999,5.7421436
709,524.1666667,5.533890164,5.7641997
710,524.21875,5.536346442999999,5.781483
711,524.2708333,5.545355527999999,5.7945933
712,524.3229167,5.5642157710000015,5.8059006
713,524.375,5.595942559,5.8268576
714,524.4270833,5.641613818,5.8420453
715,524.4791667,5.6971798620000005,5.868211
716,524.53125,5.753345677,5.9346504
717,524.5833333,5.801205477999999,5.990732
718,524.6354167,5.835057284,6.0390263
719,524.6875,5.854334144,6.0784593
720,524.7395833,5.86294013,6.0952168
721,524.7916667,5.865896097,6.0685506
722,524.84375,5.865856786,6.036997
723,524.8958333,5.863656456,6.0243664
724,524.9479167,5.8590437920000005,6.0096016
725,525.0,5.850615267,6.0017796
726,525.0520833,5.836888129,6.00182
727,525.1041667,5.817829457999999,6.016622
728,525.15625,5.796738399,6.039772
729,525.2083333,5.778385372000001,6.039208
730,525.2604167,5.765832203,6.03128
731,525.3125,5.760508035,6.030919
732,525.3645833,5.763911794,6.0284376
733,525.4166667,5.778583861,6.0088673
734,525.46875,5.803880307000001,6.000426
735,525.5208333,5.831986177,6.0392933
736,525.5729167,5.850334093,6.081536
737,525.625,5.847204333,6.1075253
738,525.6770833,5.819876347999999,6.109464
739,525.7291667,5.774798992999999,6.085835
740,525.78125,5.719593098,6.0126047
741,525.8333333,5.659754388,5.9359975
742,525.8854167,5.600844684,5.8688793
743,525.9375,5.5415907839999985,5.782512
744,525.9895833,5.47651098,5.708957
745,526.0416667,5.403285625,5.6631308
746,526.09375,5.327995635,5.632854
747,526.1458333,5.259761725,5.6030617
748,526.1979167,5.2028463810000005,5.5596037
749,526.25,5.157078445,5.5281744
750,526.3020833,5.122635177,5.5009723
751,526.3541667,5.099563385,5.4735155
752,526.40625,5.088374725,5.4374943
753,526.4583333,5.086439566,5.389711
754,526.5104167,5.086095519,5.4004483
755,526.5625,5.076605006,5.417308
756,526.6145833,5.048592264,5.4181004
757,526.6666667,4.999335558,5.405367
758,526.71875,4.935342904,5.363771
759,526.7708333,4.865034486,5.281718
760,526.8229167,4.79115636,5.176265
761,526.875,4.713599322,5.0823355
762,526.9270833,4.633144688,4.9984956
763,526.9791667,4.551625798,4.9158883
764,527.03125,4.467021247,4.833993
765,527.0833333,4.374533078,4.77123
766,527.1354167,4.279516869,4.7052937
767,527.1875,4.191202785,4.6181602
768,527.2395833,4.115983278,4.5358286
769,527.2916667,4.057588227,4.458719
770,527.34375,4.018193424,4.389029
771,527.3958333,3.998824516,4.3322644
772,527.4479167,3.99862487,4.296845
773,527.5,4.012942365,4.3159003
774,527.5520833,4.031248859,4.357012
775,527.6041667,4.040441999,4.3918996
776,527.65625,4.031115413,4.4125547
777,527.7083333,4.003850342,4.403756
778,527.7604167,3.964551006,4.3593583
779,527.8125,3.917441352,4.298649
780,527.8645833,3.867249055,4.2365985
781,527.9166667,3.817726366,4.175122
782,527.96875,3.7706091129999995,4.1227016
783,528.0208333,3.72520691,4.0742526
784,528.0729167,3.680592482,4.048317
785,528.125,3.640168318,4.032624
786,528.1770833,3.609861978,4.0138745
787,528.2291667,3.5951610880000002,4.0047526
788,528.28125,3.598141282,4.0015545
789,528.3333333,3.6177146770000004,4.0035534
790,528.3854167,3.6525880749999997,4.0214324
791,528.4375,3.70089545,4.054867
792,528.4895833,3.757108006,4.1148515
793,528.5416667,3.811382011,4.1941786
794,528.59375,3.8505795149999997,4.2635255
795,528.6458333,3.867161977,4.3086443
796,528.6979167,3.86242731,4.320298
797,528.75,3.8430374559999994,4.303649
798,528.8020833,3.817677326,4.2614284
799,528.8541667,3.7936878100000007,4.217846
800,528.90625,3.774460264,4.179055
801,528.9583333,3.75588146,4.1345053
802,529.0104167,3.730621813,4.098734
803,529.0625,3.698577544,4.0820475
804,529.1145833,3.670195911,4.0692067
805,529.1666667,3.657904421,4.056426
806,529.21875,3.667305833,4.0480356
807,529.2708333,3.695938361,4.0510125
808,529.3229167,3.739420171,4.067967
809,529.375,3.796492179,4.0980883
810,529.4270833,3.8667847629999996,4.1347184
811,529.4791667,3.9489590529999994,4.209014
812,529.53125,4.033502229,4.3204527
813,529.5833333,4.110260572,4.4199038
814,529.6354167,4.168503384,4.506369
815,529.6875,4.204124881,4.562154
816,529.7395833,4.221447914,4.584045
817,529.7916667,4.22825557,4.571641
818,529.84375,4.232015267,4.552507
819,529.8958333,4.238259315,4.537891
820,529.9479167,4.248364778,4.5210085
821,530.0,4.26018042,4.5130515
822,530.0520833,4.273771917,4.542193
823,530.1041667,4.29412158,4.584486
824,530.15625,4.324663457,4.6188207
825,530.2083333,4.362006647,4.647223
826,530.2604167,4.3997739010000005,4.6704965
827,530.3125,4.4366010110000005,4.6849766
828,530.3645833,4.476811177,4.700209
829,530.4166667,4.526537706,4.719381
830,530.46875,4.587167277,4.762647
831,530.5208333,4.650928344,4.8416314
832,530.5729167,4.704450461,4.921561
833,530.625,4.73536843,4.9821997
834,530.6770833,4.740874251,5.009401
835,530.7291667,4.726083301,5.0024023
836,530.78125,4.698580956,4.9696727
837,530.8333333,4.668189538,4.933465
838,530.8854167,4.641712365,4.889773
839,530.9375,4.615718213,4.8490634
840,530.9895833,4.582730535,4.809764
841,531.0416667,4.542257806,4.7771516
842,531.09375,4.500909809,4.7515564
843,531.1458333,4.467010779,4.7238526
844,531.1979167,4.44687793,4.7061696
845,531.25,4.444587754,4.6967688
846,531.3020833,4.457967048,4.68612
847,531.3541667,4.482518007,4.689398
848,531.40625,4.515324636,4.7024317
849,531.4583333,4.556330257,4.7313585
850,531.5104167,4.604574504,4.799153
851,531.5625,4.651456933,4.8795805
852,531.6145833,4.686168389,4.9294214
853,531.6666667,4.701696416,4.960189
854,531.71875,4.696547527,4.9790177
855,531.7708333,4.678989564,4.9632072
856,531.8229167,4.65741127,4.9178805
857,531.875,4.634498702,4.882134
858,531.9270833,4.611426563999999,4.84911
859,531.9791667,4.589265666,4.81932
860,532.03125,4.567203287,4.803061
861,532.0833333,4.545911317,4.8114715
862,532.1354167,4.5274408710000005,4.807336
863,532.1875,4.512554094,4.7953887
864,532.2395833,4.50143111,4.7821717
865,532.2916667,4.496573335,4.7727084
866,532.34375,4.501832216,4.761355
867,532.3958333,4.519544625,4.753454
868,532.4479167,4.546769895,4.7568436
869,532.5,4.574605469,4.7991214
870,532.5520833,4.591138515,4.850272
871,532.6041667,4.586325017,4.8803873
872,532.65625,4.557103565,4.886571
873,532.7083333,4.50887107,4.858407
874,532.7604167,4.448606243,4.7988286
875,532.8125,4.383318186,4.7244105
876,532.8645833,4.319223324,4.6418214
877,532.9166667,4.256985791,4.55952
878,532.96875,4.192535681,4.4855556
879,533.0208333,4.127406388,4.4321213
880,533.0729167,4.069196669,4.395638
881,533.125,4.023011474,4.36196
882,533.1770833,3.9886954500000003,4.334588
883,533.2291667,3.965424258,4.311162
884,533.28125,3.954203705,4.294151
885,533.3333333,3.956297733,4.2815137
886,533.3854167,3.971314752,4.2705493
887,533.4375,3.998005676000001,4.2738247
888,533.4895833,4.032924601,4.323124
889,533.5416667,4.071450294,4.3896837
890,533.59375,4.104567328,4.450137
891,533.6458333,4.122607784,4.4982147
892,533.6979167,4.121256669,4.5230823
893,533.75,4.103816779,4.5040593
894,533.8020833,4.0733185160000005,4.4662485
895,533.8541667,4.035973138,4.4254518
896,533.90625,3.999358668,4.37465
897,533.9583333,3.9627347689999994,4.3217115
898,534.0104167,3.91875479,4.271593
899,534.0625,3.865970249,4.248359
900,534.1145833,3.815250631,4.219017
901,534.1666667,3.7755677799999994,4.1732254
902,534.21875,3.748145752,4.137648
903,534.2708333,3.733831524,4.1140027
904,534.3229167,3.736850588,4.1002016
905,534.375,3.7614091900000006,4.102072
906,534.4270833,3.807212324,4.117937
907,534.4791667,3.8666396810000006,4.1730156
908,534.53125,3.928596553,4.257933
909,534.5833333,3.98356939,4.342191
910,534.6354167,4.025148579,4.4154143
911,534.6875,4.0498311330000005,4.4715614
912,534.7395833,4.057660109,4.4874477
913,534.7916667,4.048862662,4.463055
914,534.84375,4.022590579,4.426356
915,534.8958333,3.983639909,4.38153
916,534.9479167,3.940773688,4.3272862
917,535.0,3.898260684,4.2720685
918,535.0520833,3.857118903,4.241856
919,535.1041667,3.8215154650000005,4.2352915
920,535.15625,3.796923479,4.218999
921,535.2083333,3.785009008,4.204475
922,535.2604167,3.785072954,4.2005587
923,535.3125,3.7980474089999996,4.2054877
924,535.3645833,3.8267974240000004,4.2213216
925,535.4166667,3.872237426,4.2371154
926,535.46875,3.9307342209999994,4.2770286
927,535.5208333,3.992820864,4.3575444
928,535.5729167,4.049796738,4.443375
929,535.625,4.0919378910000015,4.5160346
930,535.6770833,4.116349275,4.5581784
931,535.7291667,4.125541258,4.572522
932,535.78125,4.125926357,4.5569663
933,535.8333333,4.125743394,4.5358596
934,535.8854167,4.1330946210000015,4.531283
935,535.9375,4.151126318,4.530687
936,535.9895833,4.173168097,4.5483727
937,536.0416667,4.189947947,4.566301
938,536.09375,4.19785723,4.5942616
939,536.1458333,4.200727454,4.6306806
940,536.1979167,4.208622396,4.6473083
941,536.25,4.229402819,4.6503596
942,536.3020833,4.265046928,4.669111
943,536.3541667,4.315079037,4.6945915
944,536.40625,4.382060155,4.7142763
945,536.4583333,4.466422667,4.7592454
946,536.5104167,4.56022907,4.8609996
947,536.5625,4.654766204,4.9719424
948,536.6145833,4.737331632,5.078863
949,536.6666667,4.800695716,5.163566
950,536.71875,4.845601371,5.2198453
951,536.7708333,4.876784592,5.2452784
952,536.8229167,4.901607301,5.233423
953,536.875,4.924836001,5.2447968
954,536.9270832999998,4.946795192,5.2552643
955,536.9791667000002,4.964667488,5.2432923
956,537.03125,4.9740052530000005,5.2583847
957,537.0833332999998,4.976590236,5.2903037
958,537.1354167000002,4.980470451,5.305837
959,537.1875,4.9925860680000005,5.3167806
960,537.2395832999998,5.017880237,5.3413053
961,537.2916667000002,5.058855988,5.3805766
962,537.34375,5.116796047,5.413387
963,537.3958332999998,5.19324377,5.457342
964,537.4479167000002,5.282340082,5.507129
965,537.5,5.371514789,5.5908995
966,537.5520832999998,5.446852268,5.685608
967,537.6041667000002,5.49626841,5.756444
968,537.65625,5.517305584,5.792624
969,537.7083332999998,5.516259377999999,5.798741
970,537.7604167000002,5.503009099,5.780822
971,537.8125,5.487492156,5.7282524
972,537.8645832999998,5.474879697,5.6733203
973,537.9166667000002,5.466199621,5.6389003
974,537.96875,5.461154894,5.623831
975,538.0208332999998,5.459394464,5.632438
976,538.0729167000002,5.459828718,5.653313
977,538.125,5.461008325,5.678365
978,538.1770832999998,5.462857727,5.705873
979,538.2291667000002,5.467498957999999,5.73199
980,538.28125,5.4774816710000005,5.745821
981,538.3333332999998,5.494225029,5.754077
982,538.3854167000002,5.518794944,5.7621818
983,538.4375,5.552335255,5.757978
984,538.4895832999998,5.591504126,5.787669
985,538.5416667000002,5.630396736000002,5.834676
986,538.59375,5.661372524,5.8815722
987,538.6458332999998,5.6784258670000005,5.928245
988,538.6979167000002,5.680478474,5.962596
989,538.75,5.6698111110000005,5.9614143
990,538.8020832999998,5.646216184,5.9115934
991,538.8541667000002,5.605064352,5.8625636
992,538.90625,5.545862923,5.818027
993,538.9583332999998,5.4714999120000005,5.7421045
994,539.0104167000002,5.3796431170000005,5.6509604
995,539.0625,5.26956988,5.569886
996,539.1145832999998,5.148800992,5.4773707
997,539.1666667000002,5.032868463,5.3666873
998,539.21875,4.92761726,5.243819
999,539.2708332999998,4.832244265,5.1298504
1000,539.3229167000002,4.748553296,5.0222044
1001,539.375,4.6780692,4.918071
1002,539.4270832999998,4.62177329,4.830046
1003,539.4791667000002,4.57806706,4.783081
1004,539.53125,4.531574224,4.7626867
1005,539.5833332999998,4.460049735,4.7317495
1006,539.6354167000002,4.353825231,4.6741414
1007,539.6875,4.22698615,4.579096
1008,539.7395832999998,4.097612459,4.447093
1009,539.7916667000002,3.973583578,4.3054266
1010,539.84375,3.855723486,4.1701856
1011,539.8958332999998,3.747693533,4.0452633
1012,539.9479167000002,3.6482297539999995,3.9289608
1013,540.0,3.5559466140000002,3.8262851
1014,540.0520832999998,3.4696654710000003,3.7468748
1015,540.1041667000002,3.39680547,3.6858613
1016,540.15625,3.3460671470000003,3.628242
1017,540.2083332999998,3.319038819,3.5819044
1018,540.2604167000002,3.3096307019999998,3.5531874
1019,540.3125,3.3140328909999996,3.5411863
1020,540.3645832999998,3.333609482,3.5418854
1021,540.4166667000002,3.371384488999999,3.5705197
1022,540.46875,3.4256270659999997,3.6406057
1023,540.5208332999998,3.4855231090000003,3.7316194
1024,540.5729167000002,3.5371397939999993,3.8176773
1025,540.625,3.5669337720000005,3.886989
1026,540.6770832999998,3.572640883,3.923439
1027,540.7291667000002,3.560782607,3.928577
1028,540.78125,3.5412151700000005,3.913273
1029,540.8333332999998,3.523749069,3.8859093
1030,540.8854167000002,3.5140613,3.862895
1031,540.9375,3.5115546760000003,3.8422139
1032,540.9895832999998,3.512908507,3.8370833
1033,541.0416667000002,3.51667737,3.85285
1034,541.09375,3.5249089069999995,3.8831437
1035,541.1458332999998,3.540050116,3.913371
1036,541.1979167000002,3.563959853,3.9457672
1037,541.25,3.598001575,3.9832277
1038,541.3020832999998,3.643255644,4.023608
1039,541.3541667000002,3.7006831650000005,4.0684857
1040,541.40625,3.773700685,4.124008
1041,541.4583332999998,3.85967783,4.205016
1042,541.5104167000002,3.951004405,4.309059
1043,541.5625,4.040317689,4.4175873
1044,541.6145832999998,4.118798081,4.524012
1045,541.6666667000002,4.179866262,4.61527
1046,541.71875,4.222261414,4.672374
1047,541.7708332999998,4.246935241,4.6923575
1048,541.8229167000002,4.253899782,4.6846466
1049,541.875,4.244511602,4.659433
1050,541.9270832999998,4.220385892,4.628597
1051,541.9791667000002,4.183886455,4.5963197
1052,542.03125,4.139246292,4.556615
1053,542.0833332999998,4.088114548,4.5218472
1054,542.1354167000002,4.0335429430000005,4.495824
1055,542.1875,3.982550409,4.4578924
1056,542.2395832999998,3.943837908,4.4190965
1057,542.2916667000002,3.92098124,4.381563
1058,542.34375,3.9137942389999996,4.3535585
1059,542.3958332999998,3.9218076069999994,4.335423
1060,542.4479167000002,3.9447415610000003,4.3268704
1061,542.5,3.978442827,4.363205
1062,542.5520832999998,4.013449706,4.4204593
1063,542.6041667000002,4.039034973,4.470831
1064,542.65625,4.047872373,4.51072
1065,542.7083332999998,4.041282715,4.5234413
1066,542.7604167000002,4.025339845,4.5045137
1067,542.8125,4.004869351,4.4572515
1068,542.8645832999998,3.9839548290000004,4.4202666
1069,542.9166667000002,3.9658569660000005,4.374577
1070,542.96875,3.950071542,4.330288
1071,543.0208332999998,3.9345195670000006,4.3031225
1072,543.0729167000002,3.9226471889999996,4.3075967
1073,543.125,3.922424828,4.320523
1074,543.1770832999998,3.9396027260000004,4.338261
1075,543.2291667000002,3.974837737,4.3610654
1076,543.28125,4.026171796,4.3966956
1077,543.3333332999998,4.089471435,4.44152
1078,543.3854167000002,4.162022315,4.4781556
1079,543.4375,4.242529257,4.5136757
1080,543.4895832999998,4.3278943860000005,4.594649
1081,543.5416667000002,4.415585047,4.7098875
1082,543.59375,4.4974867860000005,4.818034
1083,543.6458332999998,4.563055929,4.907696
1084,543.6979167000002,4.603965809,4.970212
1085,543.75,4.619998131,4.9905095
1086,543.8020832999998,4.617230558999999,4.968107
1087,543.8541667000002,4.603357097,4.9349413
1088,543.90625,4.585742609,4.905054
1089,543.9583332999998,4.567120692,4.8682804
1090,544.0104167000002,4.543441693,4.8304462
1091,544.0625,4.512585401,4.815634
1092,544.1145832999998,4.480305985,4.793835
1093,544.1666667000002,4.4557088160000005,4.7716403
1094,544.21875,4.446423544,4.751516
1095,544.2708332999998,4.4529937760000005,4.726445
1096,544.3229167000002,4.470532045,4.712247
1097,544.375,4.496419633,4.710035
1098,544.4270832999998,4.531880029,4.709378
1099,544.4791667000002,4.573544975,4.740086
1100,544.53125,4.610598927,4.7998786
1101,544.5833332999998,4.629607393,4.848709
1102,544.6354167000002,4.62332367,4.8711276
1103,544.6875,4.594255316,4.861853
1104,544.7395832999998,4.551560488,4.8211656
1105,544.7916667000002,4.504484893,4.761643
1106,544.84375,4.460447745,4.699943
1107,544.8958332999998,4.423346512,4.6515055
1108,544.9479167000002,4.39123371,4.6085224
1109,545.0,4.356999649,4.566356
1110,545.0520832999998,4.315413393,4.539987
1111,545.1041667000002,4.27012164,4.5064926
1112,545.15625,4.2280696,4.466169
1113,545.2083332999998,4.196382967,4.429507
1114,545.2604167000002,4.180511232,4.3942494
1115,545.3125,4.180261302,4.3667073
1116,545.3645832999998,4.19298259,4.3547754
1117,545.4166667000002,4.217445915,4.360933
1118,545.46875,4.252142917,4.3980966
1119,545.5208332999998,4.288305108,4.4608483
1120,545.5729167000002,4.312750939,4.511621
1121,545.625,4.313571641,4.5422583
1122,545.6770832999998,4.288020232,4.5470986
1123,545.7291667000002,4.2454063610000015,4.513934
1124,545.78125,4.194667503,4.454102
1125,545.8333332999998,4.141274711,4.393121
1126,545.8854167000002,4.092317583,4.333039
1127,545.9375,4.0510112010000014,4.275732
1128,545.9895832999998,4.015519225,4.233155
1129,546.0416667000002,3.984380845,4.2073493
1130,546.09375,3.959604642,4.201095
1131,546.1458332999998,3.9441250470000004,4.190213
1132,546.1979167000002,3.9384657370000005,4.180519
1133,546.25,3.942362165,4.179726
1134,546.3020832999998,3.9574675289999997,4.185674
1135,546.3541667000002,3.987169399,4.200557
1136,546.40625,4.033670881,4.2301383
1137,546.4583332999998,4.0931489989999985,4.288422
1138,546.5104167000002,4.153456914,4.376472
1139,546.5625,4.202175531,4.4593263
1140,546.6145832999998,4.228967885,4.525607
1141,546.6666667000002,4.2299454989999985,4.5627985
1142,546.71875,4.209886799,4.556571
1143,546.7708332999998,4.17370023,4.5165
1144,546.8229167000002,4.126261878,4.457787
1145,546.875,4.074920359,4.394099
1146,546.9270832999998,4.026091731,4.330336
1147,546.9791667000002,3.98126818,4.2709384
1148,547.03125,3.9386276169999994,4.2249146
1149,547.0833332999998,3.8993031649999996,4.2027583
1150,547.1354167000002,3.868157394,4.1863546
1151,547.1875,3.851676195,4.1784806
1152,547.2395832999998,3.852567829,4.1733947
1153,547.2916667000002,3.8681920620000003,4.17559
1154,547.34375,3.89496772,4.1890945
1155,547.3958332999998,3.932292764,4.2139683
1156,547.4479167000002,3.9796629240000003,4.249561
1157,547.5,4.03011523,4.317168
1158,547.5520832999998,4.072001574,4.389499
1159,547.6041667000002,4.095573312,4.4468117
1160,547.65625,4.096848561,4.4869876
1161,547.7083332999998,4.081830924,4.4895916
1162,547.7604167000002,4.057477728,4.4581857
1163,547.8125,4.027416727,4.4153357
1164,547.8645832999998,3.9966942700000003,4.3715234
1165,547.9166667000002,3.968872022,4.3211617
1166,547.96875,3.9398135360000004,4.276288
1167,548.0208332999998,3.904837236,4.249322
1168,548.0729167000002,3.867015649,4.2371225
1169,548.125,3.8326651960000007,4.2144504
1170,548.1770832999998,3.803240299,4.1798067
1171,548.2291667000002,3.777934557,4.147181
1172,548.28125,3.760104586,4.12073
1173,548.3333332999998,3.7573605460000006,4.096679
1174,548.3854167000002,3.774183077,4.078905
1175,548.4375,3.8092566670000005,4.0872626
1176,548.4895832999998,3.8550709240000005,4.138798
1177,548.5416667000002,3.9009496319999997,4.211147
1178,548.59375,3.9336954989999997,4.2754283
1179,548.6458332999998,3.9438246849999996,4.318875
1180,548.6979167000002,3.932037581,4.326815
1181,548.75,3.904897319,4.301635
1182,548.8020832999998,3.8700750280000005,4.257988
1183,548.8541667000002,3.835129189,4.2081256
1184,548.90625,3.804221009,4.162992
1185,548.9583332999998,3.775500734,4.1284037
1186,549.0104167000002,3.745123698,4.097762
1187,549.0625,3.710489814,4.077242
1188,549.1145832999998,3.6725646800000002,4.060498
1189,549.1666667000002,3.6375372790000005,4.042925
1190,549.21875,3.6147116099999996,4.02284
1191,549.2708332999998,3.609939431,4.006951
1192,549.3229167000002,3.624314172,4.005485
1193,549.375,3.656755392,4.0158405
1194,549.4270832999998,3.70703076,4.041333
1195,549.4791667000002,3.772352912,4.1083565
1196,549.53125,3.843969383,4.205819
1197,549.5833332999998,3.9075707530000003,4.29449
1198,549.6354167000002,3.9506580779999996,4.3612165
1199,549.6875,3.969819969,4.402182
1200,549.7395832999998,3.971566272,4.413745
1201,549.7916667000002,3.9670845419999994,4.4071207
1202,549.84375,3.966341794,4.3805223
1203,549.8958332999998,3.970433643,4.355659
1204,549.9479167000002,3.972767624,4.3428683
1205,550.0,3.969009783,4.3322067
1206,550.0520832999998,3.960524275,4.339552
1207,550.1041667000002,3.95291138,4.356547
1208,550.15625,3.9520251879999995,4.355087
1209,550.2083332999998,3.960858821,4.3561893
1210,550.2604167000002,3.982235869,4.368001
1211,550.3125,4.02009263,4.391778
1212,550.3645832999998,4.076640184,4.417047
1213,550.4166667000002,4.15310378,4.448456
1214,550.46875,4.2468913210000006,4.5212398
1215,550.5208332999998,4.349047475,4.6461444
1216,550.5729167000002,4.446827921000001,4.7687483
1217,550.625,4.529614099,4.872638
1218,550.6770832999998,4.589328122,4.965085
1219,550.7291667000002,4.626516606,5.0202336
1220,550.78125,4.647291006000001,5.024279
1221,550.8333332999998,4.657714587,4.9951377
1222,550.8854167000002,4.66216497,4.9920745
1223,550.9375,4.666605689,4.984829
1224,550.9895832999998,4.67226331,4.9721613
1225,551.0416667000002,4.6734551710000005,4.973146
1226,551.09375,4.668213721,4.9786134
1227,551.1458332999998,4.662212037,4.988585
1228,551.1979167000002,4.665149077,4.9849935
1229,551.25,4.683688902,4.9866056
1230,551.3020832999998,4.719903654,4.9981775
1231,551.3541667000002,4.774198439,5.0306525
1232,551.40625,4.843630584,5.0625496
1233,551.4583332999998,4.920691306,5.1029305
1234,551.5104167000002,4.989991339,5.1899166
1235,551.5625,5.039873925,5.265123
1236,551.6145832999998,5.062518121,5.317136
1237,551.6666667000002,5.058321563,5.340714
1238,551.71875,5.034601293,5.3312225
1239,551.7708332999998,5.000989231,5.2933292
1240,551.8229167000002,4.963438175,5.224471
1241,551.875,4.923168854,5.162194
1242,551.9270832999998,4.882077738,5.1038327
1243,551.9791667000002,4.842897123,5.0438356
1244,552.03125,4.807772125,5.0051866
1245,552.0833332999998,4.7806256430000005,4.999045
1246,552.1354167000002,4.766029125,5.0021152
1247,552.1875,4.764740178,5.005141
1248,552.2395832999998,4.773323592,5.0062056
1249,552.2916667000002,4.788815038,5.0145555
1250,552.34375,4.810861725,5.0351458
1251,552.3958332999998,4.841211288999999,5.0414586
1252,552.4479167000002,4.879935935,5.053048
1253,552.5,4.921856963,5.1076136
1254,552.5520832999998,4.959655926,5.169204
1255,552.6041667000002,4.987269928,5.211731
1256,552.65625,5.001730298,5.24235
1257,552.7083332999998,5.00538323,5.258863
1258,552.7604167000002,5.003576242,5.2658057
1259,552.8125,5.001468215,5.2502193
1260,552.8645832999998,4.999556377,5.220649
1261,552.9166667000002,4.993842789,5.2047915
1262,552.96875,4.981199087,5.1891932
1263,553.0208332999998,4.962506323,5.1749396
1264,553.0729167000002,4.940218359,5.1709566
1265,553.125,4.91818332,5.1748986
1266,553.1770832999998,4.900995153,5.1746936
1267,553.2291667000002,4.892352403,5.171727
1268,553.28125,4.893638278,5.170381
1269,553.3333332999998,4.904856835,5.173436
1270,553.3854167000002,4.926172151,5.1749063
1271,553.4375,4.957707259,5.1697054
1272,553.4895832999998,4.996646037,5.204928
1273,553.5416667000002,5.03691164,5.274998
1274,553.59375,5.069771296,5.3380256
1275,553.6458332999998,5.086909734,5.386688
1276,553.6979167000002,5.08559061,5.4079556
1277,553.75,5.067864607,5.4057746
1278,553.8020832999998,5.038992361,5.357643
1279,553.8541667000002,5.002649225,5.298433
1280,553.90625,4.961259463999999,5.256221
1281,553.9583332999998,4.917546817,5.2085
1282,554.0104167000002,4.871905803,5.1531067
1283,554.0625,4.822998125,5.117584
1284,554.1145832999998,4.772601454,5.1021376
1285,554.1666667000002,4.729277372,5.096709
1286,554.21875,4.701084844,5.077916
1287,554.2708332999998,4.688998925,5.0627594
1288,554.3229167000002,4.689322451000001,5.0596333
1289,554.375,4.699301922,5.052912
1290,554.4270832999998,4.7183943710000005,5.03046
1291,554.4791667000002,4.744436701000001,5.047861
1292,554.53125,4.772290513,5.0970936
1293,554.5833332999998,4.792277667,5.1420054
1294,554.6354167000002,4.794550042,5.1736903
1295,554.6875,4.777107778,5.1802406
1296,554.7395832999998,4.745153075,5.152228
1297,554.7916667000002,4.705969914,5.0937243
1298,554.84375,4.665595669,5.0270343
1299,554.8958332999998,4.628570797,4.981211
1300,554.9479167000002,4.597196862,4.948097
1301,555.0,4.567083964,4.9037776
1302,555.0520832999998,4.530887239,4.8832483
1303,555.1041667000002,4.487527205,4.877753
1304,555.15625,4.444457329,4.856915
1305,555.2083332999998,4.409873126,4.8287873
1306,555.2604167000002,4.389329305,4.810047
1307,555.3125,4.38562445,4.796237
1308,555.3645832999998,4.399592005,4.7910604
1309,555.4166667000002,4.430169548,4.7805815
1310,555.46875,4.473893183,4.79536
1311,555.5208332999998,4.523381725,4.8575897
1312,555.5729167000002,4.570966771,4.9300904
1313,555.625,4.605293487,4.996387
1314,555.6770832999998,4.621516113999999,5.024656
1315,555.7291667000002,4.619276612,5.0297074
1316,555.78125,4.60133262,5.0096326
1317,555.8333332999998,4.573073696,4.9733634
1318,555.8854167000002,4.539023538,4.933061
1319,555.9375,4.496071497,4.865146
1320,555.9895832999998,4.436000699,4.7998075
1321,556.0416667000002,4.360264356,4.749565
1322,556.09375,4.27908773,4.6970506
1323,556.1458332999998,4.206725405,4.652594
1324,556.1979167000002,4.151117226,4.601316
1325,556.25,4.114210859,4.561576
1326,556.3020832999998,4.094326628999998,4.5355225
1327,556.3541667000002,4.089483957,4.5134926
1328,556.40625,4.096953929,4.4813237
1329,556.4583332999998,4.114353522,4.471767
1330,556.5104167000002,4.138763376,4.520125
1331,556.5625,4.162578807,4.5713105
1332,556.6145832999998,4.170820063,4.5974255
1333,556.6666667000002,4.151553168,4.603332
1334,556.71875,4.107748815,4.572737
1335,556.7708332999998,4.054185623,4.5115695
1336,556.8229167000002,4.006045239,4.4282374
1337,556.875,3.972380113,4.3630443
1338,556.9270832999998,3.957053889,4.3301024
1339,556.9791667000002,3.95659433,4.3103476
1340,557.03125,3.961033907,4.304085
1341,557.0833332999998,3.9622854490000003,4.3243546
1342,557.1354167000002,3.961640315,4.3404202
1343,557.1875,3.9673388659999995,4.35122
1344,557.2395832999998,3.987532176,4.369804
1345,557.2916667000002,4.026921429,4.390693
1346,557.34375,4.08639975,4.428111
1347,557.3958332999998,4.163129152,4.472535
1348,557.4479167000002,4.254669527,4.5230412
1349,557.5,4.351898688,4.6272135
1350,557.5520832999998,4.445764382,4.7458296
1351,557.6041667000002,4.529231505,4.8507233
1352,557.65625,4.595946049,4.9440136
1353,557.7083332999998,4.645875762,5.0063725
1354,557.7604167000002,4.683649418,5.033827
1355,557.8125,4.715145988,5.032683
1356,557.8645832999998,4.745756387,5.039771
1357,557.9166667000002,4.778609122,5.0603275
1358,557.96875,4.811794407,5.0788527
1359,558.0208332999998,4.840430909,5.0981264
1360,558.0729167000002,4.861715503,5.139934
1361,558.125,4.879094877,5.1894846
1362,558.1770832999998,4.899477028,5.2248235
1363,558.2291667000002,4.928100798,5.2485657
1364,558.28125,4.965696262,5.2722363
1365,558.3333332999998,5.0129790210000005,5.3004336
1366,558.3854167000002,5.0713633510000005,5.336652
1367,558.4375,5.141318957,5.3562255
1368,558.4895832999998,5.219253868,5.414561
1369,558.5416667000002,5.298177544,5.515314
1370,558.59375,5.368629875,5.609239
1371,558.6458332999998,5.423315166,5.679124
1372,558.6979167000002,5.460164832999999,5.7250605
1373,558.75,5.481671347000001,5.744309
1374,558.8020832999998,5.493612549,5.7289643
1375,558.8541667000002,5.501422036,5.7155647
1376,558.90625,5.508697721,5.706284
1377,558.9583332999998,5.515240222999999,5.703921
1378,559.0104167000002,5.518273657000001,5.7080145
1379,559.0625,5.515620717999999,5.7330246
1380,559.1145832999998,5.507951529,5.7572374
1381,559.1666667000002,5.4981572970000006,5.763075
1382,559.21875,5.489922991,5.7679386
1383,559.2708332999998,5.487168794,5.770437
1384,559.3229167000002,5.492885035,5.7646055
1385,559.375,5.508618041,5.7554045
1386,559.4270832999998,5.536633202999999,5.7415714
1387,559.4791667000002,5.575670212,5.773025
1388,559.53125,5.619719461,5.8291874
1389,559.5833332999998,5.657012752000001,5.884687
1390,559.6354167000002,5.675157632,5.9312615
1391,559.6875,5.669054546,5.9556994
1392,559.7395832999998,5.642613227999999,5.933559
1393,559.7916667000002,5.601514296,5.8670897
1394,559.84375,5.549512269,5.7955127
1395,559.8958332999998,5.495336775,5.7413435
1396,559.9479167000002,5.444036102999999,5.6646686
1397,560.0,5.393887874,5.600596
1398,560.0520832999998,5.342888395,5.567465
1399,560.1041667000002,5.294020115,5.5458236
1400,560.15625,5.252094172,5.5251627
1401,560.2083332999998,5.220262374,5.504166
1402,560.2604167000002,5.199410144,5.4869046
1403,560.3125,5.189043535,5.4709845
1404,560.3645832999998,5.188690393,5.4605293
1405,560.4166667000002,5.198084932,5.432537
1406,560.46875,5.21572616,5.4174986
1407,560.5208332999998,5.236268346,5.461434
1408,560.5729167000002,5.251961651,5.506902
1409,560.625,5.255183839,5.5341115
1410,560.6770832999998,5.242108143,5.5505157
1411,560.7291667000002,5.214990681000001,5.5401635
1412,560.78125,5.178611126,5.49356
1413,560.8333332999998,5.136843181000001,5.432698
1414,560.8854167000002,5.092546105,5.3759413
1415,560.9375,5.04479087,5.3130245
1416,560.9895832999998,4.991312837,5.2619953
1417,561.0416667000002,4.932906705,5.220621
1418,561.09375,4.873851455,5.1867647
1419,561.1458332999998,4.818997971,5.149088
1420,561.1979167000002,4.7732497480000005,5.112682
1421,561.25,4.741071235,5.0818925
1422,561.3020832999998,4.7254045510000005,5.0596666
1423,561.3541667000002,4.727175964,5.047486
1424,561.40625,4.746431235,5.0391917
1425,561.4583332999998,4.780983465,5.038771
1426,561.5104167000002,4.823491317,5.08984
1427,561.5625,4.864700175,5.1554337
1428,561.6145832999998,4.894756613,5.222017
1429,561.6666667000002,4.907485209,5.27431
1430,561.71875,4.904054194,5.2826376
1431,561.7708332999998,4.887024283,5.258522
1432,561.8229167000002,4.859889139,5.213984
1433,561.875,4.8277692960000005,5.17055
1434,561.9270832999998,4.795172248,5.133459
1435,561.9791667000002,4.7605313460000005,5.08784
1436,562.03125,4.720176361,5.0647855
1437,562.0833332999998,4.673750135,5.050684
1438,562.1354167000002,4.6259945,5.0318365
1439,562.1875,4.582919555,4.99993
1440,562.2395832999998,4.549570051,4.966673
1441,562.2916667000002,4.52966411,4.9401517
1442,562.34375,4.526621101,4.925636
1443,562.3958332999998,4.543395597,4.916291
1444,562.4479167000002,4.578931249,4.9094553
1445,562.5,4.620610307,4.951007
1446,562.5520832999998,4.651508918999999,5.0046687
1447,562.6041667000002,4.65634949,5.0380054
1448,562.65625,4.63155863,5.037897
1449,562.7083332999998,4.58463327,5.013261
1450,562.7604167000002,4.529240116,4.9560795
1451,562.8125,4.475637636,4.875695
1452,562.8645832999998,4.426696139,4.806848
1453,562.9166667000002,4.380222441,4.746207
1454,562.96875,4.330558421,4.6829824
1455,563.0208332999998,4.274722915,4.636988
1456,563.0729167000002,4.215521835,4.598698
1457,563.125,4.159098883,4.5635624
1458,563.1770832999998,4.112041771,4.5363126
1459,563.2291667000002,4.081263744,4.5174537
1460,563.28125,4.071217769,4.510447
1461,563.3333332999998,4.082493983,4.515621
1462,563.3854167000002,4.108952974,4.5169616
1463,563.4375,4.141093671,4.5028253
1464,563.4895832999998,4.170488054,4.532584
1465,563.5416667000002,4.193296013,4.590637
1466,563.59375,4.206921225,4.627506
1467,563.6458332999998,4.206748374,4.646776
1468,563.6979167000002,4.190742963,4.646869
1469,563.75,4.163689633,4.607438
1470,563.8020832999998,4.1315775110000015,4.549497
1471,563.8541667000002,4.101014054,4.5009427
1472,563.90625,4.080828287,4.4683423
1473,563.9583332999998,4.068275513,4.4178805
1474,564.0104167000002,4.051011088,4.3789234
1475,564.0625,4.024332516,4.370992
1476,564.1145832999998,3.998656873,4.3652287
1477,564.1666667000002,3.9881054080000005,4.358322
1478,564.21875,4.000312658,4.3636193
1479,564.2708332999998,4.037361939,4.3910193
1480,564.3229167000002,4.096227447,4.442484
1481,564.375,4.173662364,4.493031
1482,564.4270832999998,4.266743163,4.5500035
1483,564.4791667000002,4.366261375,4.6422396
1484,564.53125,4.462841011,4.761063
1485,564.5833332999998,4.549622947,4.86984
1486,564.6354167000002,4.621273125,4.963526
1487,564.6875,4.679100224,5.0365357
1488,564.7395832999998,4.727473973,5.089824
1489,564.7916667000002,4.771612745,5.109441
1490,564.84375,4.81598538,5.1149135
1491,564.8958332999998,4.860308306,5.141007
1492,564.9479167000002,4.902435635,5.155331
1493,565.0,4.941171357,5.166998
1494,565.0520832999998,4.97660586,5.215646
1495,565.1041667000002,5.011907133999999,5.2784743
1496,565.15625,5.051950449,5.3344145
1497,565.2083332999998,5.100432887,5.3898673
1498,565.2604167000002,5.159353373,5.4554296
1499,565.3125,5.229505763,5.5250664
1500,565.3645832999998,5.311342938999999,5.594807
1501,565.4166667000002,5.404593648,5.642469
1502,565.46875,5.504695467,5.6955595
1503,565.5208332999998,5.606118472,5.7992263
1504,565.5729167000002,5.702254411,5.9193735
1505,565.625,5.788896115,6.022671
1506,565.6770832999998,5.859562321,6.1180205
1507,565.7291667000002,5.913452637000001,6.170173
1508,565.78125,5.9522879889999984,6.1835947
1509,565.8333332999998,5.978973524,6.1783614
1510,565.8854167000002,5.9966968839999995,6.18304
1511,565.9375,6.008338877999999,6.1835446
1512,565.9895832999998,6.013250264,6.1875424
1513,566.0416667000002,6.009725531,6.1908445
1514,566.09375,5.997747672000001,6.1992545
1515,566.1458332999998,5.980392437,6.212239
1516,566.1979167000002,5.963325006,6.2189636
1517,566.25,5.952764265000001,6.2294188
1518,566.3020832999998,5.952192618999999,6.238239
1519,566.3541667000002,5.960886559,6.2384605
1520,566.40625,5.975643093,6.219473
1521,566.4583332999998,5.9914957200000005,6.1928263
1522,566.5104167000002,6.003099273999998,6.216697
1523,566.5625,6.002782459,6.2535515
1524,566.6145832999998,5.983159214,6.249257
1525,566.6666667000002,5.941204096000001,6.2175317
1526,566.71875,5.879648467000001,6.1680417
1527,566.7708332999998,5.807676204,6.09991
1528,566.8229167000002,5.736747843,6.0086427
1529,566.875,5.6707157110000015,5.9277124
1530,566.9270832999998,5.607677529,5.861402
1531,566.9791667000002,5.5407993310000005,5.776416
1532,567.03125,5.4627499760000005,5.707832
1533,567.0833332999998,5.3773580810000015,5.661944
1534,567.1354167000002,5.295017943,5.602383
1535,567.1875,5.224295015,5.5350933
1536,567.2395832999998,5.165481744,5.467464
1537,567.2916667000002,5.11780669,5.4111485
1538,567.34375,5.080961042,5.3549376
1539,567.3958332999998,5.055421948,5.300539
1540,567.4479167000002,5.040238785,5.248206
1541,567.5,5.029665282,5.246732
1542,567.5520832999998,5.011142804,5.261241
1543,567.6041667000002,4.971853678,5.257507
1544,567.65625,4.906657552,5.222727
1545,567.7083332999998,4.817604155,5.1626005
1546,567.7604167000002,4.715270947,5.071458
1547,567.8125,4.608565733,4.9457526
1548,567.8645832999998,4.498059744,4.8160024
1549,567.9166667000002,4.376116574,4.6809125
1550,567.96875,4.24172941,4.547476
1551,568.0208332999998,4.106858046,4.4126163
1552,568.0729167000002,3.984553632,4.2917356
1553,568.125,3.88082611,4.186659
1554,568.1770832999998,3.797933036,4.098761
1555,568.2291667000002,3.740547718,4.0305357
1556,568.28125,3.7099405630000004,3.9742591
1557,568.3333332999998,3.699261707,3.9348514
1558,568.3854167000002,3.69985674,3.9108536
1559,568.4375,3.707758002,3.909931
1560,568.4895832999998,3.720709147,3.9440596
1561,568.5416667000002,3.732362506,3.9873552
1562,568.59375,3.730389647,4.0221777
1563,568.6458332999998,3.706595161,4.032734
1564,568.6979167000002,3.6642772539999995,4.011755
1565,568.75,3.6121047679999996,3.9638805
1566,568.8020832999998,3.5600778010000003,3.9039662
1567,568.8541667000002,3.516165666,3.8455014
1568,568.90625,3.4853599039999996,3.801724
1569,568.9583332999998,3.4666752789999995,3.7674716
1570,569.0104167000002,3.45264796,3.744275
1571,569.0625,3.437013757,3.7439356
1572,569.1145832999998,3.4221679409999997,3.7553208
1573,569.1666667000002,3.416453105,3.7572017
1574,569.21875,3.4247818769999996,3.7604942
1575,569.2708332999998,3.446287214,3.7712753
1576,569.3229167000002,3.4797529220000003,3.7899482
1577,569.375,3.5266141,3.8213089
1578,569.4270832999998,3.588139747,3.871753
1579,569.4791667000002,3.660208065,3.9506876
1580,569.53125,3.733404297,4.0501018
1581,569.5833332999998,3.7964575579999997,4.1433854
1582,569.6354167000002,3.84150585,4.2196145
1583,569.6875,3.867333426,4.267272
1584,569.7395832999998,3.878205055,4.2859216
1585,569.7916667000002,3.879745539,4.2768106
1586,569.84375,3.8762719780000006,4.262599
1587,569.8958332999998,3.870578131,4.2567887
1588,569.9479167000002,3.861953162,4.2308645
1589,570.0,3.84423258,4.206696
1590,570.0520832999998,3.8137172899999996,4.2034807
1591,570.1041667000002,3.777620747,4.2016306
1592,570.15625,3.746754147,4.182978
1593,570.2083332999998,3.7259340799999996,4.1613235
1594,570.2604167000002,3.7171157099999994,4.1542
1595,570.3125,3.72260565,4.148243
1596,570.3645832999998,3.744180076,4.146833
1597,570.4166667000002,3.781036575,4.1578054
1598,570.46875,3.828688339,4.189199
1599,570.5208332999998,3.8816776200000005,4.255715
1600,570.5729167000002,3.93300362,4.3348403
1601,570.625,3.976550012,4.405168
1602,570.6770832999998,4.009739878,4.45714
1603,570.7291667000002,4.032653336,4.4911118
1604,570.78125,4.047556203,4.4928565
1605,570.8333332999998,4.057724158,4.4789085
1606,570.8854167000002,4.065871595,4.4702373
1607,570.9375,4.074008577,4.462854
1608,570.9895832999998,4.081580324,4.4533253
1609,571.0416667000002,4.08754075,4.4551377
1610,571.09375,4.093599781,4.4795647
1611,571.1458332999998,4.105345312,4.506208
1612,571.1979167000002,4.129466107,4.535737
1613,571.25,4.169812333,4.573644
1614,571.3020832999998,4.227776775,4.6226172
1615,571.3541667000002,4.305521188,4.6842594
1616,571.40625,4.405302342,4.7591343
1617,571.4583332999998,4.51950626,4.837233
1618,571.5104167000002,4.635897589,4.948265
1619,571.5625,4.745187852,5.0741053
1620,571.6145832999998,4.840709082,5.197568
1621,571.6666667000002,4.917062238,5.303192
1622,571.71875,4.977225933,5.362709
1623,571.7708332999998,5.025944002,5.3876047
1624,571.8229167000002,5.0674451110000005,5.3924603
1625,571.875,5.105958901,5.4034677
1626,571.9270832999998,5.144302604,5.4098787
1627,571.9791667000002,5.182858563,5.414385
1628,572.03125,5.220657944,5.446081
1629,572.0833332999998,5.258715293,5.505752
1630,572.1354167000002,5.30053952,5.5725827
1631,572.1875,5.350146591000001,5.6489305
1632,572.2395832999998,5.408925709,5.728737
1633,572.2916667000002,5.477378572,5.7944536
1634,572.34375,5.557631013,5.8681016
1635,572.3958332999998,5.649041064,5.9508543
1636,572.4479167000002,5.7465731789999985,5.98522
1637,572.5,5.844281131,6.0460835
1638,572.5520832999998,5.935517535,6.154439
1639,572.6041667000002,6.013006104,6.247397
1640,572.65625,6.075516301,6.309063
1641,572.7083332999998,6.12388849,6.363031
1642,572.7604167000002,6.161142731,6.3840456
1643,572.8125,6.1934418939999984,6.3743973
1644,572.8645832999998,6.222400393,6.418013
1645,572.9166667000002,6.247197787,6.43425
1646,572.96875,6.261205885,6.4381275
1647,573.0208332999998,6.255883748,6.429782
1648,573.0729167000002,6.2303028309999995,6.420988
1649,573.125,6.191685822,6.4089746
1650,573.1770832999998,6.151254705,6.388716
1651,573.2291667000002,6.118929024,6.3671894
1652,573.28125,6.100739454,6.35683
1653,573.3333332999998,6.098331161,6.35471
1654,573.3854167000002,6.109843658,6.352414
1655,573.4375,6.131027895,6.3086233
1656,573.4895832999998,6.156026464000001,6.3169074
1657,573.5416667000002,6.177253648999999,6.3849506
1658,573.59375,6.186254762,6.4251204
1659,573.6458332999998,6.174949357999999,6.431375
1660,573.6979167000002,6.138166891999999,6.421729
1661,573.75,6.078157525,6.3853407
1662,573.8020832999998,6.004680437999999,6.3061514
1663,573.8541667000002,5.926887029,6.2016835
1664,573.90625,5.844200908,6.0927396
1665,573.9583332999998,5.75553415,6.0015607
1666,574.0104167000002,5.664458581,5.9122953
1667,574.0625,5.577484267000001,5.8461995
1668,574.1145832999998,5.498885788,5.78597
1669,574.1666667000002,5.431267823,5.7259707
1670,574.21875,5.374761686,5.6653137
1671,574.2708332999998,5.329650858,5.612969
1672,574.3229167000002,5.296906202,5.568447
1673,574.375,5.277914838,5.529134
1674,574.4270832999998,5.2731205910000005,5.4788127
1675,574.4791667000002,5.280146956,5.4716516
1676,574.53125,5.291142536000001,5.5063953
1677,574.5833332999998,5.294844682,5.5437517
1678,574.6354167000002,5.281294867,5.5698414
1679,574.6875,5.247663568,5.5646563
1680,574.7395832999998,5.196257429,5.53586
1681,574.7916667000002,5.1327554730000005,5.4677825
1682,574.84375,5.062872863,5.3760157
1683,574.8958332999998,4.986938319,5.287926
1684,574.9479167000002,4.905301014,5.2068386
1685,575.0,4.819161156,5.1265855
1686,575.0520832999998,4.732738065,5.0586715
1687,575.1041667000002,4.6476965880000005,4.9884686
1688,575.15625,4.567694822,4.9194694
1689,575.2083332999998,4.497952386000001,4.8462286
1690,575.2604167000002,4.44429857,4.781777
1691,575.3125,4.4106921880000005,4.7312565
1692,575.3645832999998,4.399210419,4.6985626
1693,575.4166667000002,4.40881049,4.6723104
1694,575.46875,4.431896163,4.6759953
1695,575.5208332999998,4.456096702,4.7240934
1696,575.5729167000002,4.46786475,4.7796035
1697,575.625,4.458825269,4.8022213
1698,575.6770832999998,4.427470566,4.800577
1699,575.7291667000002,4.379798561,4.7701983
1700,575.78125,4.324315398,4.709549
1701,575.8333332999998,4.270298734,4.646236
1702,575.8854167000002,4.22333258,4.58529
1703,575.9375,4.180348116,4.5202956
1704,575.9895832999998,4.132417356,4.45524
1705,576.0416667000002,4.076948542,4.4132824
1706,576.09375,4.022542747,4.388047
1707,576.1458332999998,3.9822180670000003,4.3641844
1708,576.1979167000002,3.963217806,4.3451576
1709,576.25,3.96454434,4.337655
1710,576.3020832999998,3.979730067,4.333579
1711,576.3541667000002,4.003279831,4.3333263
1712,576.40625,4.033646878,4.3378367
1713,576.4583332999998,4.072688846,4.3603587
1714,576.5104167000002,4.11939297,4.4207745
1715,576.5625,4.16548159,4.495429
1716,576.6145832999998,4.197024473,4.5525756
1717,576.6666667000002,4.205896387,4.5836277
1718,576.71875,4.192269249,4.589881
1719,576.7708332999998,4.163600261,4.558203
1720,576.8229167000002,4.1276071010000015,4.511481
1721,576.875,4.089054765,4.4656243
1722,576.9270832999998,4.0472408380000005,4.4134994
1723,576.9791667000002,3.995613466,4.358273
1724,577.03125,3.931119738,4.3050237
1725,577.0833332999998,3.8575883159999997,4.253553
1726,577.1354167000002,3.7851409,4.202097
1727,577.1875,3.724278333,4.148227
1728,577.2395832999998,3.6850250130000006,4.103283
1729,577.2916667000002,3.669164458,4.065043
1730,577.34375,3.67287757,4.0426025
1731,577.3958332999998,3.692490277,4.037635
1732,577.4479167000002,3.72583527,4.05071
1733,577.5,3.767912041,4.0993547
1734,577.5520832999998,3.808729172,4.163902
1735,577.6041667000002,3.838168537,4.220643
1736,577.65625,3.85132911,4.2609887
1737,577.7083332999998,3.851848212,4.272055
1738,577.7604167000002,3.846352287,4.2637324
1739,577.8125,3.84171052,4.237936
1740,577.8645832999998,3.8428872139999997,4.2103305
1741,577.9166667000002,3.851674104,4.201096
1742,577.96875,3.8674218130000004,4.211096
1743,578.0208332999998,3.886343456,4.2326555
1744,578.0729167000002,3.903923456,4.2552867
1745,578.125,3.918238368,4.283578
1746,578.1770832999998,3.9336278499999997,4.3114586
1747,578.2291667000002,3.959414578,4.340047
1748,578.28125,4.003838406,4.3773394
1749,578.3333332999998,4.069077126,4.4242005
1750,578.3854167000002,4.1538167160000015,4.4775567
1751,578.4375,4.253428239,4.5363007
1752,578.4895832999998,4.358360871,4.634696
1753,578.5416667000002,4.464112167,4.759119
1754,578.59375,4.563895533,4.8935003
1755,578.6458332999998,4.648773576,5.0020676
1756,578.6979167000002,4.71716904,5.0766907
1757,578.75,4.770783486,5.128657
1758,578.8020832999998,4.813910917,5.1566854
1759,578.8541667000002,4.851718786,5.173236
1760,578.90625,4.886508054,5.183171
1761,578.9583332999998,4.91600446,5.190496
1762,579.0104167000002,4.937707902,5.2082343
1763,579.0625,4.953463636,5.243278
1764,579.1145832999998,4.968728276,5.2775683
1765,579.1666667000002,4.988962787,5.310016
1766,579.21875,5.019012764,5.3444686
1767,579.2708332999998,5.061248051000001,5.3895383
1768,579.3229167000002,5.11544442,5.4275217
1769,579.375,5.18108316,5.463727
1770,579.4270832999998,5.25750749,5.4900365
1771,579.4791667000002,5.342027658,5.5433726
1772,579.53125,5.429346767999999,5.6466365
1773,579.5833332999998,5.513980902,5.7464504
1774,579.6354167000002,5.588888506,5.834803
1775,579.6875,5.650591295,5.911253
1776,579.7395832999998,5.6975472489999985,5.967051
1777,579.7916667000002,5.732779591,5.97856
1778,579.84375,5.75801284,5.977994
1779,579.8958332999998,5.774799813,5.972705
1780,579.9479167000002,5.784267936,5.9532895
1781,580.0,5.787012132,5.953511
1782,580.0520832999998,5.785079875,5.9879413
1783,580.1041667000002,5.782264116,6.0168824
1784,580.15625,5.780545011,6.0312653
1785,580.2083332999998,5.780216624,6.0465097
1786,580.2604167000002,5.78253472,6.0507784
1787,580.3125,5.789870159,6.051899
1788,580.3645832999998,5.805491804,6.058965
1789,580.4166667000002,5.831810043,6.053215
1790,580.46875,5.868285853,6.034089
1791,580.5208332999998,5.909634624,6.081362
1792,580.5729167000002,5.947125416000001,6.14006
1793,580.625,5.974200490000001,6.172753
1794,580.6770832999998,5.988254493000001,6.1955667
1795,580.7291667000002,5.989599451999999,6.226806
1796,580.78125,5.982606599,6.2059197
1797,580.8333332999998,5.970757076,6.158866
1798,580.8854167000002,5.954460568999999,6.1217184
1799,580.9375,5.933891138,6.092137
1800,580.9895832999998,5.909893639,6.052406
1801,581.0416667000002,5.8835709660000015,6.033589
1802,581.09375,5.857468446,6.0405364
1803,581.1458332999998,5.83456514,6.048778
1804,581.1979167000002,5.818486113,6.072896
1805,581.25,5.811725945,6.098174
1806,581.3020832999998,5.814166422,6.1098123
1807,581.3541667000002,5.822945144,6.1077633
1808,581.40625,5.834737213,6.0749683
1809,581.4583332999998,5.848325046,6.017385
1810,581.5104167000002,5.8641406510000005,6.0353293
1811,581.5625,5.881738464,6.0958557
1812,581.6145832999998,5.89649828,6.1416845
1813,581.6666667000002,5.900731352999999,6.167683
1814,581.71875,5.888196242,6.1704254
1815,581.7708332999998,5.85793659,6.1254945
1816,581.8229167000002,5.81116407,6.0484123
1817,581.875,5.754744968,6.0086
1818,581.9270832999998,5.69776773,5.946846
1819,581.9791667000002,5.638691477,5.867919
1820,582.03125,5.570404338,5.8266673
1821,582.0833332999998,5.4931589710000015,5.8008513
1822,582.1354167000002,5.413400715,5.7638116
1823,582.1875,5.335448715,5.721606
1824,582.2395832999998,5.264721855,5.6922317
1825,582.2916667000002,5.205372886,5.6354337
1826,582.34375,5.152898847,5.563551
1827,582.3958332999998,5.100628694,5.4862323
1828,582.4479167000002,5.049206496,5.394208
1829,582.5,5.00399616,5.356697
1830,582.5520832999998,4.962207219,5.3461146
1831,582.6041667000002,4.908222085,5.307909
1832,582.65625,4.826562358,5.256292
1833,582.7083332999998,4.7174203960000005,5.177828
1834,582.7604167000002,4.594038413,5.0614243
1835,582.8125,4.47373833,4.920738
1836,582.8645832999998,4.3645994880000005,4.780736
1837,582.9166667000002,4.261204589,4.6490073
1838,582.96875,4.153728496,4.5303154
1839,583.0208332999998,4.044145876,4.42251
1840,583.0729167000002,3.9420330559999996,4.327398
1841,583.125,3.855880457,4.2472506
1842,583.1770832999998,3.793410142,4.1858673
1843,583.2291667000002,3.759282148,4.1371284
1844,583.28125,3.7530811500000003,4.112626
1845,583.3333332999998,3.7714725979999995,4.112335
1846,583.3854167000002,3.808459528,4.117086
1847,583.4375,3.857964692,4.136567
1848,583.4895832999998,3.911304664,4.199753
1849,583.5416667000002,3.9614911030000006,4.276334
1850,583.59375,4.001046116,4.340053
1851,583.6458332999998,4.024213249,4.3839607
1852,583.6979167000002,4.032068508,4.405573
1853,583.75,4.03056638,4.4088326
1854,583.8020832999998,4.026720224,4.38493
1855,583.8541667000002,4.023584132,4.358168
1856,583.90625,4.020163621,4.3525763
1857,583.9583332999998,4.014119293,4.338597
1858,584.0104167000002,4.001695555,4.319038
1859,584.0625,3.979924654,4.318414
1860,584.1145832999998,3.953247397,4.33215
1861,584.1666667000002,3.930929668,4.326889
1862,584.21875,3.9194688200000005,4.320566
1863,584.2708332999998,3.920968408,4.3223734
1864,584.3229167000002,3.9361886300000006,4.3325377
1865,584.375,3.965857406,4.34854
1866,584.4270832999998,4.011113555,4.367314
1867,584.4791667000002,4.07071227,4.421727
1868,584.53125,4.137159231,4.5183883
1869,584.5833332999998,4.198962564,4.603463
1870,584.6354167000002,4.245972276,4.6690288
1871,584.6875,4.274658305,4.7183466
1872,584.7395832999998,4.288974701,4.7487354
1873,584.7916667000002,4.297716821,4.7455454
1874,584.84375,4.308173783,4.7312346
1875,584.8958332999998,4.3209838,4.74483
1876,584.9479167000002,4.32998024,4.7410097
1877,585.0,4.3253902680000005,4.726462
1878,585.0520832999998,4.301950724,4.7134886
1879,585.1041667000002,4.265648162,4.701107
1880,585.15625,4.230396466,4.6765385
1881,585.2083332999998,4.210578298,4.654396
1882,585.2604167000002,4.215056482,4.643044
1883,585.3125,4.245455857,4.647772
1884,585.3645832999998,4.299248111,4.670288
1885,585.4166667000002,4.374428431,4.6993785
1886,585.46875,4.465943234,4.761718
1887,585.5208332999998,4.565887914,4.8763638
1888,585.5729167000002,4.662861987,5.00359
1889,585.625,4.744789856000001,5.112023
1890,585.6770832999998,4.803591457,5.1983514
1891,585.7291667000002,4.838537583,5.2456656
1892,585.78125,4.855963707,5.2425275
1893,585.8333332999998,4.863638646,5.214999
1894,585.8854167000002,4.869526853,5.2023377
1895,585.9375,4.879684921,5.197316
1896,585.9895832999998,4.8946224460000005,5.2024894
1897,586.0416667000002,4.909573236,5.22124
1898,586.09375,4.920914407,5.246501
1899,586.1458332999998,4.929668278,5.2714458
1900,586.1979167000002,4.941696629,5.284362
1901,586.25,4.963592162,5.296613
1902,586.3020832999998,4.999076289,5.314235
1903,586.3541667000002,5.049186073,5.3354177
1904,586.40625,5.11627606,5.3587036
1905,586.4583332999998,5.198260641,5.404451
1906,586.5104167000002,5.284863416,5.5013766
1907,586.5625,5.362246612,5.5946293
1908,586.6145832999998,5.41956252,5.6665955
1909,586.6666667000002,5.451291319,5.722129
1910,586.71875,5.462790807,5.738203
1911,586.7708332999998,5.46291621,5.722151
1912,586.8229167000002,5.459457932,5.6853867
1913,586.875,5.458171487,5.6656127
1914,586.9270832999998,5.46144768,5.6526604
1915,586.9791667000002,5.467356054,5.653597
1916,587.03125,5.47175368,5.661196
1917,587.0833332999998,5.472311129,5.6781034
1918,587.1354167000002,5.469980402000001,5.703799
1919,587.1875,5.468832483,5.725218
1920,587.2395832999998,5.473656517999999,5.7365847
1921,587.2916667000002,5.48760831,5.7485685
1922,587.34375,5.512401218,5.76869
1923,587.3958332999998,5.549800381,5.785873
1924,587.4479167000002,5.600009638,5.7957373
1925,587.5,5.656341852000001,5.848093
1926,587.5520832999998,5.710390641,5.9141192
1927,587.6041667000002,5.754051039,5.968423
1928,587.65625,5.7823565210000005,6.0196624
1929,587.7083332999998,5.795419174,6.054831
1930,587.7604167000002,5.797618922000001,6.0504613
1931,587.8125,5.792364413,6.01835
1932,587.8645832999998,5.781285098,5.9901357
1933,587.9166667000002,5.765163200000001,5.960203
1934,587.96875,5.74312206,5.9288335
1935,588.0208332999998,5.7143521370000006,5.913055
1936,588.0729167000002,5.679950418,5.9083147
1937,588.125,5.643210009,5.902137
1938,588.1770832999998,5.60731951,5.8870735
1939,588.2291667000002,5.57590765,5.8702836
1940,588.28125,5.551946042000001,5.848136
1941,588.3333332999998,5.5369797720000005,5.8257856
1942,588.3854167000002,5.532661087,5.814895
1943,588.4375,5.53973688,5.7727966
1944,588.4895832999998,5.553543989,5.7623754
1945,588.5416667000002,5.564588578,5.792254
1946,588.59375,5.563040432999999,5.826903
1947,588.6458332999998,5.544458015,5.8440857
1948,588.6979167000002,5.509756733,5.838312
1949,588.75,5.463300892,5.81142
1950,588.8020832999998,5.4083466310000015,5.728817
1951,588.8541667000002,5.344325523,5.6452155
1952,588.90625,5.270850475,5.576511
1953,588.9583332999998,5.192153481,5.5009785
1954,589.0104167000002,5.109655915,5.4154496
1955,589.0625,5.023059082,5.349441
1956,589.1145832999998,4.9357340910000005,5.2885733
1957,589.1666667000002,4.855294791,5.2252574
1958,589.21875,4.7891619930000005,5.165613
1959,589.2708332999998,4.742636724,5.118331
1960,589.3229167000002,4.716467413,5.077957
1961,589.375,4.708135949,5.0483017
1962,589.4270832999998,4.713925196,5.0145097
1963,589.4791667000002,4.728505703,5.002795
1964,589.53125,4.745413623999999,5.0401864
1965,589.5833332999998,4.757738387,5.0864153
1966,589.6354167000002,4.76060676,5.1176033
1967,589.6875,4.751356445,5.1454463
1968,589.7395832999998,4.730065279,5.1396623
1969,589.7916667000002,4.6970034080000005,5.095543
1970,589.84375,4.652069555,5.032924
1971,589.8958332999998,4.597470004,4.9658475
1972,589.9479167000002,4.53543155,4.8951015
1973,590.0,4.470175781,4.8381124
1974,590.0520832999998,4.406620858,4.7987514
1975,590.1041667000002,4.348988322,4.7661257
1976,590.15625,4.298159537,4.7260957
1977,590.2083332999998,4.25350497,4.684746
1978,590.2604167000002,4.217496399,4.649854
1979,590.3125,4.195218238,4.614676
1980,590.3645832999998,4.189960605,4.582681
1981,590.4166667000002,4.202428627,4.5627055
1982,590.46875,4.2273432930000014,4.5599947
1983,590.5208332999998,4.254307449,4.5950665
1984,590.5729167000002,4.271532893,4.6401014
1985,590.625,4.272944027,4.6693044
1986,590.6770832999998,4.260542507,4.675266
1987,590.7291667000002,4.239455476,4.660839
1988,590.78125,4.215719905,4.632543
1989,590.8333332999998,4.1927226310000005,4.586566
1990,590.8854167000002,4.170258839,4.55138
1991,590.9375,4.145306734,4.512844
1992,590.9895832999998,4.114245229,4.479907
1993,591.0416667000002,4.077554227,4.475383
1994,591.09375,4.040264312,4.46674
1995,591.1458332999998,4.006592038,4.4537063
1996,591.1979167000002,3.978399744,4.435181
1997,591.25,3.958220288,4.417404
1998,591.3020832999998,3.9500147190000003,4.4041314
1999,591.3541667000002,3.957026027,4.392113
2000,591.40625,3.981624076,4.3861194
2001,591.4583332999998,4.023666859,4.4002814
2002,591.5104167000002,4.07944536,4.464256
2003,591.5625,4.142407333,4.548656
2004,591.6145832999998,4.201193299,4.6380653
2005,591.6666667000002,4.244334566,4.7042875
2006,591.71875,4.268144982,4.7316575
2007,591.7708332999998,4.273564252,4.7310705
2008,591.8229167000002,4.267005141,4.699373
2009,591.875,4.257540793,4.6678724
2010,591.9270832999998,4.252071409,4.64895
2011,591.9791667000002,4.251716626,4.630698
2012,592.03125,4.25282185,4.6261144
2013,592.0833332999998,4.252534286,4.6485176
2014,592.1354167000002,4.253191669,4.6704473
2015,592.1875,4.260466893,4.6873074
2016,592.2395832999998,4.279739995,4.7066774
2017,592.2916667000002,4.3155483860000015,4.738624
2018,592.34375,4.37042229,4.787476
2019,592.3958332999998,4.445893228,4.827651
2020,592.4479167000002,4.54178057,4.876551
2021,592.5,4.643263626,4.9869933
2022,592.5520832999998,4.733272391,5.097811
2023,592.6041667000002,4.798860573,5.179695
2024,592.65625,4.833983844,5.2421274
2025,592.7083332999998,4.845055202,5.270077
2026,592.7604167000002,4.845561597,5.2541037
2027,592.8125,4.846056329,5.2174563
2028,592.8645832999998,4.852769219,5.1967964
2029,592.9166667000002,4.866870769,5.189555
2030,592.96875,4.882799547,5.185154
2031,593.0208332999998,4.893316863,5.1816063
2032,593.0729167000002,4.896214732,5.201887
2033,593.125,4.896879735,5.220427
2034,593.1770832999998,4.904673691,5.246711
2035,593.2291667000002,4.9265816430000005,5.267249
2036,593.28125,4.963726753,5.2881126
2037,593.3333332999998,5.0129897880000005,5.3166943
2038,593.3854167000002,5.073510533,5.3486443
2039,593.4375,5.145530524,5.3798146
2040,593.4895832999998,5.223614522,5.449
2041,593.5416667000002,5.300965197,5.5413156
2042,593.59375,5.367479741,5.631057
2043,593.6458332999998,5.413663674,5.7045856
2044,593.6979167000002,5.437375762,5.740789
2045,593.75,5.442414184,5.7347627
2046,593.8020832999998,5.434143685,5.7014217
2047,593.8541667000002,5.419826475,5.6634
2048,593.90625,5.405672799,5.6229644
2049,593.9583332999998,5.392921877999999,5.588486
2050,594.0104167000002,5.38051554,5.576139
2051,594.0625,5.368115362,5.5729713
2052,594.1145832999998,5.356553822,5.579576
2053,594.1666667000002,5.347867085,5.5915594
2054,594.21875,5.345391207,5.6023097
2055,594.2708332999998,5.352065641,5.6170673
2056,594.3229167000002,5.368656782,5.6372414
2057,594.375,5.394108155,5.6445227
2058,594.4270832999998,5.427165671,5.6357946
2059,594.4791667000002,5.463326494,5.6712065
2060,594.53125,5.496150042999999,5.7284317
2061,594.5833332999998,5.51699931,5.771004
2062,594.6354167000002,5.516170114,5.800155
2063,594.6875,5.493304945,5.7903543
2064,594.7395832999998,5.454007954,5.7517056
2065,594.7916667000002,5.406000265,5.6891494
2066,594.84375,5.357239412,5.6139016
2067,594.8958332999998,5.312038686,5.5557365
2068,594.9479167000002,5.270777127,5.5068364
2069,595.0,5.229173676,5.460001
2070,595.0520832999998,5.18248373,5.429839
2071,595.1041667000002,5.128777101,5.4113045
2072,595.15625,5.074240911,5.385806
2073,595.2083332999998,5.024169866,5.333341
2074,595.2604167000002,4.979650819,5.277835
2075,595.3125,4.940898192,5.222899
2076,595.3645832999998,4.9107042530000005,5.172317
2077,595.4166667000002,4.894077282,5.1216307
2078,595.46875,4.893277399,5.099886
2079,595.5208332999998,4.900894906,5.1260543
2080,595.5729167000002,4.901702708,5.1647835
2081,595.625,4.882680083,5.177785
2082,595.6770832999998,4.840959634,5.1590576
2083,595.7291667000002,4.780780892,5.1113534
2084,595.78125,4.71223307,5.037793
2085,595.8333332999998,4.644615969,4.952757
2086,595.8854167000002,4.585789313,4.884546
2087,595.9375,4.533040636,4.808229
2088,595.9895832999998,4.476379436,4.7407813
2089,596.0416667000002,4.413026311,4.691778
2090,596.09375,4.350296489,4.649763
2091,596.1458332999998,4.298063857,4.6114583
2092,596.1979167000002,4.263302472,4.581101
2093,596.25,4.248979886,4.5637684
2094,596.3020832999998,4.255509264,4.566945
2095,596.3541667000002,4.28031277,4.5813217
2096,596.40625,4.31954747,4.5866723
2097,596.4583332999998,4.36983957,4.6194625
2098,596.5104167000002,4.42408095,4.701687
2099,596.5625,4.476115137,4.7846236
2100,596.6145832999998,4.515951627,4.85171
2101,596.6666667000002,4.536286508,4.9038706
2102,596.71875,4.535659959,4.934971
2103,596.7708332999998,4.52015468,4.9073515
2104,596.8229167000002,4.493865208,4.8554225
2105,596.875,4.46077487,4.809609
2106,596.9270832999998,4.426288535,4.7603574
2107,596.9791667000002,4.393586849,4.720321
2108,597.03125,4.361553016,4.697784
2109,597.0833332999998,4.329618675,4.7059493
2110,597.1354167000002,4.299456064,4.7056584
2111,597.1875,4.271201007,4.682496
2112,597.2395832999998,4.2439259080000005,4.6581106
2113,597.2916667000002,4.219327882,4.6280828
2114,597.34375,4.203348172,4.597079
2115,597.3958332999998,4.201299539,4.5617933
2116,597.4479167000002,4.215530148,4.5409894
2117,597.5,4.240502462,4.572482
2118,597.5520832999998,4.262423154,4.616885
2119,597.6041667000002,4.263407815,4.6492357
2120,597.65625,4.2340034000000015,4.6500382
2121,597.7083332999998,4.178470833,4.6181865
2122,597.7604167000002,4.110108031,4.548015
2123,597.8125,4.040023188,4.455282
2124,597.8645832999998,3.973478825,4.3697777
2125,597.9166667000002,3.912530188,4.2906313
2126,597.96875,3.854450753,4.216143
2127,598.0208332999998,3.79518247,4.158824
2128,598.0729167000002,3.7366999,4.1235433
2129,598.125,3.684865443,4.0894637
2130,598.1770832999998,3.644681725,4.0566764
2131,598.2291667000002,3.619712091,4.0320034
2132,598.28125,3.610595782,4.006503
2133,598.3333332999998,3.6159778290000006,3.9910958
2134,598.3854167000002,3.635233021,3.9899697
2135,598.4375,3.6691141009999995,3.9991932
2136,598.4895832999998,3.7159535699999995,4.047191
2137,598.5416667000002,3.768686391,4.1253653
2138,598.59375,3.8149839980000007,4.2005496
2139,598.6458332999998,3.844036089,4.2503633
2140,598.6979167000002,3.851954815,4.27435
2141,598.75,3.84319617,4.2653074
2142,598.8020832999998,3.8273989030000006,4.2357817
2143,598.8541667000002,3.815672513,4.203546
2144,598.90625,3.814410334,4.174944
2145,598.9583332999998,3.821632198,4.1623063
2146,599.0104167000002,3.831463778,4.160728
2147,599.0625,3.841197205,4.1820984
2148,599.1145832999998,3.852764755,4.2148356
2149,599.1666667000002,3.871344763,4.2447333
2150,599.21875,3.9024013800000006,4.277022
2151,599.2708332999998,3.949623466,4.3242755
2152,599.3229167000002,4.013251978,4.3783474
2153,599.375,4.093396667,4.433722
2154,599.4270832999998,4.190204295,4.494687
2155,599.4791667000002,4.296480603,4.5958395
2156,599.53125,4.400213526,4.7223787
2157,599.5833332999998,4.491967238,4.83202
2158,599.6354167000002,4.565957995,4.92626
2159,599.6875,4.622621894,5.007656
2160,599.7395832999998,4.66676703,5.0617933
2161,599.7916667000002,4.705563355,5.070888
2162,599.84375,4.742089354,5.076859
2163,599.8958332999998,4.775883314,5.094855
2164,599.9479167000002,4.804952662,5.103916
2165,600.0,4.827738386,5.100939
2166,600.0520832999998,4.843948567,5.1341076
2167,600.1041667000002,4.8586602910000005,5.172793
2168,600.15625,4.879810853,5.209952
2169,600.2083332999998,4.9116285999999985,5.250973
2170,600.2604167000002,4.954036728,5.2819443
2171,600.3125,5.005047008,5.3148746
2172,600.3645832999998,5.064283755,5.3555517
2173,600.4166667000002,5.131764817,5.38396
2174,600.46875,5.208535204,5.4194603
2175,600.5208332999998,5.288577807,5.517707
2176,600.5729167000002,5.36519323,5.608775
2177,600.625,5.432342107999999,5.69641
2178,600.6770832999998,5.482086927,5.776913
2179,600.7291667000002,5.513374584,5.8143654
2180,600.78125,5.527578824,5.809987
2181,600.8333332999998,5.528015636,5.7755637
2182,600.8854167000002,5.5191859270000005,5.7476
2183,600.9375,5.50650028,5.715342
2184,600.9895832999998,5.493562307,5.6810174
2185,601.0416667000002,5.4818430839999985,5.665248
2186,601.09375,5.472932881,5.6751943
2187,601.1458332999998,5.469708165,5.6996136
2188,601.1979167000002,5.475021701,5.722995
2189,601.25,5.489925675,5.747946
2190,601.3020832999998,5.514185457999999,5.7695136
2191,601.3541667000002,5.547583049,5.8085694
2192,601.40625,5.58851339,5.833679
2193,601.4583332999998,5.633976367000001,5.8360686
2194,601.5104167000002,5.675559435,5.8855658
2195,601.5625,5.704136339,5.9416375
2196,601.6145832999998,5.7138592689999985,5.9650917
2197,601.6666667000002,5.70403648,5.970834
2198,601.71875,5.678878632000001,5.9631624
2199,601.7708332999998,5.645604154,5.93141
2200,601.8229167000002,5.611214996,5.874355
2201,601.875,5.575809882000001,5.8102784
2202,601.9270832999998,5.536142142,5.7642384
2203,601.9791667000002,5.489594358,5.7115045
2204,602.03125,5.437931385,5.673317
2205,602.0833332999998,5.384439782,5.6429725
2206,602.1354167000002,5.333809667,5.611774
2207,602.1875,5.289654731000001,5.575719
2208,602.2395832999998,5.254915057,5.543741
2209,602.2916667000002,5.231397367,5.5192714
2210,602.34375,5.221460944,5.51245
2211,602.3958332999998,5.225744725,5.492046
2212,602.4479167000002,5.240811957,5.454066
2213,602.5,5.258705487,5.4809504
2214,602.5520832999998,5.27142121,5.526465
2215,602.6041667000002,5.272233152,5.558002
2216,602.65625,5.255025544,5.594749
2217,602.7083332999998,5.221592086,5.586195
2218,602.7604167000002,5.172549881,5.5245867
2219,602.8125,5.107106913,5.449769
2220,602.8645832999998,5.031876565,5.359132
2221,602.9166667000002,4.954151737,5.263695
2222,602.96875,4.878109323,5.177086
2223,603.0208332999998,4.804368376,5.0964274
2224,603.0729167000002,4.734867262,5.0487795
2225,603.125,4.674248246,5.008726
2226,603.1770832999998,4.625876627,4.968218
2227,603.2291667000002,4.592443221,4.942612
2228,603.28125,4.574843394,4.9209857
2229,603.3333332999998,4.572517222,4.9067645
2230,603.3854167000002,4.584723227,4.907749
2231,603.4375,4.610285471,4.902133
2232,603.4895832999998,4.641707044,4.936688
2233,603.5416667000002,4.666163163,4.989321
2234,603.59375,4.666932079,5.039597
2235,603.6458332999998,4.636208068999999,5.04551
2236,603.6979167000002,4.575694823,5.0100565
2237,603.75,4.492969643,4.9415126
2238,603.8020832999998,4.398423934,4.827806
2239,603.8541667000002,4.301440416,4.7166815
2240,603.90625,4.2049816610000015,4.6043234
2241,603.9583332999998,4.106024878,4.4975963
2242,604.0104167000002,3.9996996989999998,4.3791814
2243,604.0625,3.8801393999999996,4.2656603
2244,604.1145832999998,3.749152232,4.157059
2245,604.1666667000002,3.62593447,4.038012
2246,604.21875,3.532982929,3.9170077
2247,604.2708332999998,3.4758189129999995,3.8172348
2248,604.3229167000002,3.4470056840000005,3.7494185
2249,604.375,3.440539084,3.7102733
2250,604.4270832999998,3.455393743,3.6998432
2251,604.4791667000002,3.4868597330000006,3.7309444
2252,604.53125,3.521329074,3.791659
2253,604.5833332999998,3.543319473,3.847101
2254,604.6354167000002,3.542719293,3.8824925
2255,604.6875,3.51998003,3.8892574
2256,604.7395832999998,3.4833108130000006,3.8592565
2257,604.7916667000002,3.438902167,3.8084638
2258,604.84375,3.389251075,3.745059
2259,604.8958332999998,3.3338284090000005,3.6749334
2260,604.9479167000002,3.271928346,3.604521
2261,605.0,3.206695955,3.535185
2262,605.0520832999998,3.146950016000001,3.4833767
2263,605.1041667000002,3.101855198,3.44196
2264,605.15625,3.075268355,3.4124734
2265,605.2083332999998,3.068044077,3.4005654
2266,605.2604167000002,3.080400156,3.4007041
2267,605.3125,3.1108876929999996,3.4132602
2268,605.3645832999998,3.157134447,3.441556
2269,605.4166667000002,3.2169270189999994,3.4917097
2270,605.46875,3.287469263,3.5739543
2271,605.5208332999998,3.3603357230000004,3.674702
2272,605.5729167000002,3.422056672,3.768148
2273,605.625,3.4561911620000005,3.8365264
2274,605.6770832999998,3.4566425739999995,3.8639097
2275,605.7291667000002,3.4286438620000004,3.8507102
2276,605.78125,3.384079462,3.804158
2277,605.8333332999998,3.339005654,3.7409227
2278,605.8854167000002,3.3027517440000005,3.672095
2279,605.9375,3.271300246,3.6123168
2280,605.9895832999998,3.236320095,3.5636182
2281,606.0416667000002,3.199366099,3.5265772
2282,606.09375,3.168717918,3.4914072
2283,606.1458332999998,3.149041366,3.458755
2284,606.1979167000002,3.142621779,3.4325686
2285,606.25,3.1526733730000003,3.4118807
2286,606.3020832999998,3.180686379,3.4021337
2287,606.3541667000002,3.224804009,3.405985
2288,606.40625,3.282032006,3.4294736
2289,606.4583332999998,3.34664579,3.492758
2290,606.5104167000002,3.408556823,3.5808785
2291,606.5625,3.455053204,3.66088
2292,606.6145832999998,3.4733809020000006,3.7172406
2293,606.6666667000002,3.4622343129999997,3.7363648
2294,606.71875,3.433078686,3.7173054
2295,606.7708332999998,3.4001496010000003,3.6734626
2296,606.8229167000002,3.373126765,3.628764
2297,606.875,3.358405908,3.5921907
2298,606.9270832999998,3.356614071,3.5647004
2299,606.9791667000002,3.3621098099999998,3.5527825
2300,607.03125,3.372080808,3.562341
2301,607.0833332999998,3.390647233,3.5908813
2302,607.1354167000002,3.423325078,3.626279
2303,607.1875,3.471854362,3.6723769
2304,607.2395832999998,3.5360404300000003,3.7303529
2305,607.2916667000002,3.613112027,3.7982812
2306,607.34375,3.703107456,3.8732204
2307,607.3958332999998,3.803531369,3.963651
2308,607.4479167000002,3.9110223240000006,4.072543
2309,607.5,4.021689732,4.209349
2310,607.5520832999998,4.124819497,4.3483367
2311,607.6041667000002,4.213951667,4.462011
2312,607.65625,4.2838026189999985,4.5569406
2313,607.7083332999998,4.3357347110000015,4.625458
2314,607.7604167000002,4.3743916160000005,4.6687956
2315,607.8125,4.406026794,4.6893325
2316,607.8645832999998,4.435450379,4.7033405
2317,607.9166667000002,4.463485497,4.726144
2318,607.96875,4.488909388,4.740111
2319,608.0208332999998,4.509782082,4.762223
2320,608.0729167000002,4.524596009,4.802919
2321,608.125,4.535939341000001,4.8307133
2322,608.1770832999998,4.547624496,4.848944
2323,608.2291667000002,4.56319501,4.8680925
2324,608.28125,4.586118409,4.8857193
2325,608.3333332999998,4.619428915,4.9050703
2326,608.3854167000002,4.665407991,4.934117
2327,608.4375,4.722664885,4.96848
2328,608.4895832999998,4.784155014,5.0258746
2329,608.5416667000002,4.84321558,5.099715
2330,608.59375,4.893285207,5.1752887
2331,608.6458332999998,4.93147786,5.2342725
2332,608.6979167000002,4.959184189,5.277208
2333,608.75,4.979043179,5.2983203
2334,608.8020832999998,4.994146835,5.2980413
2335,608.8541667000002,5.006078349,5.29865
2336,608.90625,5.015051002,5.2962685
2337,608.9583332999998,5.018884539,5.2869887
