,Time (d),meas_Q_gas_norm (m3/d),pred_Q_gas_norm (m3/d)
0,487.23958330000005,17457.900719999998,17465.65
1,487.2916667,17299.81914,17294.06
2,487.34375,17143.45267,17129.732
3,487.39583330000005,16988.089340000002,16990.027
4,487.4479167,16837.67318,16879.578
5,487.5,16691.05645,16743.059
6,487.55208330000005,16548.72367,16600.902
7,487.6041667,16409.889069999994,16459.791
8,487.65625,16274.269699999999,16320.354
9,487.70833330000005,16143.70955,16186.725
10,487.7604167,16017.432680000002,16062.057
11,487.8125,15897.288369999998,15946.827
12,487.86458330000005,15783.4343,15831.694
13,487.9166667,15675.58003,15716.427
14,487.96875,15574.12466,15611.19
15,488.02083330000005,15477.8431,15508.807
16,488.0729167,15386.71346,15408.133
17,488.125,15301.83699,15315.592
18,488.17708330000005,15220.9988,15235.803
19,488.2291667,15144.13922,15153.749
20,488.28125,15070.23952,15077.256
21,488.33333330000005,14998.57599,15006.256
22,488.3854167,14930.01946,14943.492
23,488.4375,14864.74523,14898.926
24,488.48958330000005,14802.51653,14849.603
25,488.5416667,14743.429369999998,14795.558
26,488.59375,14687.00554,14745.112
27,488.64583330000005,14632.58464,14695.843
28,488.6979167,14580.55876,14645.414
29,488.75,14531.28085,14598.189
30,488.80208330000005,14485.51894,14560.543
31,488.8541667,14442.6374,14527.854
32,488.90625,14402.03059,14494.583
33,488.95833330000005,14363.89466,14462.852
34,489.0104167,14328.42195,14427.971
35,489.0625,14295.14513,14399.464
36,489.11458330000005,14262.89351,14372.963
37,489.1666667,14231.17903,14342.04
38,489.21875,14199.49134,14313.5
39,489.27083330000005,14166.84534,14282.293
40,489.3229167,14132.96911,14249.477
41,489.375,14097.26552,14218.697
42,489.42708330000005,14061.17128,14191.489
43,489.4791667,14024.91102,14173.516
44,489.53125,13988.22942,14146.765
45,489.58333330000005,13951.21957,14118.015
46,489.6354167,13913.80261,14088.907
47,489.6875,13876.03676,14056.103
48,489.73958330000005,13838.02039,14021.8545
49,489.7916667,13800.6903,13986.183
50,489.84375,13763.67621,13957.877
51,489.89583330000005,13726.42623,13922.572
52,489.9479167,13689.49657,13888.345
53,490.0,13652.022619999998,13855.409
54,490.05208330000005,13614.04664,13817.87
55,490.1041667,13575.438069999998,13782.298
56,490.15625,13535.33729,13746.929
57,490.20833330000005,13493.93094,13708.392
58,490.2604167,13449.81981,13668.788
59,490.3125,13405.13079,13626.589
60,490.36458330000005,13359.6971,13587.515
61,490.4166667,13312.47005,13537.492
62,490.46875,13266.35262,13483.085
63,490.52083330000005,13221.18312,13443.811
64,490.5729167,13177.04129,13403.676
65,490.625,13133.9665,13360.47
66,490.67708330000005,13092.20102,13319.746
67,490.7291667,13051.77381,13278.9795
68,490.78125,13013.14288,13230.385
69,490.83333330000005,12978.3898,13180.785
70,490.8854167,12946.31397,13151.817
71,490.9375,12916.19289,13120.429
72,490.98958330000005,12890.09186,13088.369
73,491.0416667,12866.90652,13065.683
74,491.09375,12845.33957,13047.665
75,491.14583330000005,12826.90707,13034.618
76,491.1979167,12809.40137,13025.551
77,491.25,12793.74312,13014.324
78,491.30208330000005,12778.50236,13006.287
79,491.3541667,12764.85666,12994.292
80,491.40625,12753.06654,12966.289
81,491.45833330000005,12744.45554,12928.6875
82,491.5104167,12737.65494,12927.576
83,491.5625,12734.19608,12935.964
84,491.61458330000005,12732.7618,12939.121
85,491.6666667,12735.6252,12942.865
86,491.71875,12741.3066,12947.687
87,491.77083330000005,12749.08732,12950.607
88,491.8229167,12762.56399,12949.156
89,491.875,12779.10811,12965.959
90,491.92708330000005,12798.63661,12987.412
91,491.9791667,12820.27196,13010.33
92,492.03125,12846.9131,13037.106
93,492.08333330000005,12875.18501,13071.156
94,492.1354167,12902.88981,13105.034
95,492.1875,12934.22742,13136.212
96,492.23958330000005,12964.55886,13170.303
97,492.2916667,12994.87812,13201.9375
98,492.34375,13025.59113,13231.091
99,492.39583330000005,13058.12126,13251.415
100,492.4479167,13090.29909,13262.854
101,492.5,13122.76607,13296.747
102,492.55208330000005,13158.61295,13336.076
103,492.6041667,13193.42719,13371.879
104,492.65625,13229.77137,13403.755
105,492.70833330000005,13265.37058,13436.056
106,492.7604167,13302.8699,13463.869
107,492.8125,13344.09921,13492.629
108,492.86458330000005,13384.85454,13532.056
109,492.9166667,13428.755330000002,13572.839
110,492.96875,13473.61831,13614.659
111,493.02083330000005,13522.37117,13658.894
112,493.0729167,13568.60045,13705.671
113,493.125,13617.20979,13749.136
114,493.17708330000005,13665.29576,13793.077
115,493.2291667,13712.76226,13837.982
116,493.28125,13756.70014,13882.293
117,493.33333330000005,13798.91776,13921.262
118,493.3854167,13839.08289,13961.933
119,493.4375,13879.84734,14000.534
120,493.48958330000005,13924.66477,14048.04
121,493.5416667,13975.06088,14100.19
122,493.59375,14033.33549,14159.058
123,493.64583330000005,14094.92154,14222.032
124,493.6979167,14168.89593,14284.129
125,493.75,14251.36638,14360.419
126,493.80208330000005,14348.40411,14444.613
127,493.8541667,14458.807530000002,14540.081
128,493.90625,14579.75912,14645.828
129,493.95833330000005,14718.34161,14759.054
130,494.0104167,14866.73755,14887.655
131,494.0625,15021.78066,15029.46
132,494.11458330000005,15185.56354,15172.236
133,494.1666667,15349.42927,15320.282
134,494.21875,15520.04591,15465.893
135,494.27083330000005,15681.90969,15614.856
136,494.3229167,15836.974869999998,15755.866
137,494.375,15981.67161,15896.893
138,494.42708330000005,16115.476979999998,16046.709
139,494.4791667,16236.922399999998,16170.699
140,494.53125,16343.00913,16266.37
141,494.58333330000005,16431.500330000006,16350.78
142,494.6354167,16501.92911,16426.91
143,494.6875,16555.191069999993,16486.893
144,494.73958330000005,16589.21033,16527.73
145,494.7916667,16610.68888,16561.33
146,494.84375,16615.30519,16586.793
147,494.89583330000005,16607.54685,16585.777
148,494.9479167,16586.742319999998,16567.465
149,495.0,16554.47534,16540.258
150,495.05208330000005,16510.512919999994,16491.84
151,495.1041667,16454.177490000002,16434.45
152,495.15625,16391.69119,16371.118
153,495.20833330000005,16315.24526,16298.022
154,495.2604167,16233.792490000002,16206.423
155,495.3125,16143.84118,16115.79
156,495.36458330000005,16049.52354,16025.289
157,495.4166667,15951.67965,15951.662
158,495.46875,15851.34682,15878.257
159,495.52083330000005,15750.13846,15780.364
160,495.5729167,15647.606430000002,15684.461
161,495.625,15547.02126,15589.169
162,495.67708330000005,15447.99138,15490.343
163,495.7291667,15350.66785,15392.399
164,495.78125,15254.64153,15301.676
165,495.83333330000005,15162.72843,15214.459
166,495.8854167,15073.66735,15127.578
167,495.9375,14987.40851,15039.534
168,495.98958330000005,14903.84429,14949.654
169,496.0416667,14823.66801,14866.633
170,496.09375,14746.316519999997,14787.014
171,496.14583330000005,14669.8961,14708.874
172,496.1979167,14596.764,14635.648
173,496.25,14524.80379,14567.395
174,496.30208330000005,14453.69949,14495.836
175,496.3541667,14385.57703,14427.885
176,496.40625,14319.31426,14362.42
177,496.45833330000005,14255.67272,14295.554
178,496.5104167,14195.19178,14243.513
179,496.5625,14136.50118,14192.171
180,496.61458330000005,14080.84274,14138.156
181,496.6666667,14028.179430000002,14086.28
182,496.71875,13976.901919999998,14038.167
183,496.77083330000005,13928.5585,13985.253
184,496.8229167,13882.89435,13936.397
185,496.875,13839.5455,13896.191
186,496.92708330000005,13799.08445,13858.139
187,496.9791667,13761.005119999998,13824.669
188,497.03125,13725.41209,13791.75
189,497.08333330000005,13691.41236,13763.292
190,497.1354167,13658.71528,13736.005
191,497.1875,13626.81936,13709.256
192,497.23958330000005,13595.56149,13683.833
193,497.2916667,13564.87149,13662.311
194,497.34375,13534.24929,13639.16
195,497.39583330000005,13504.57247,13607.216
196,497.4479167,13477.39968,13558.976
197,497.5,13451.8956,13539.328
198,497.55208330000005,13429.13237,13530.538
199,497.6041667,13408.90716,13518.097
200,497.65625,13390.97872,13502.943
201,497.70833330000005,13375.6441,13490.057
202,497.7604167,13361.1495,13475.732
203,497.8125,13350.11871,13450.938
204,497.86458330000005,13340.9924,13439.057
205,497.9166667,13334.00094,13430.64
206,497.96875,13329.02175,13423.23
207,498.02083330000005,13326.13782,13420.801
208,498.0729167,13323.38544,13426.473
209,498.125,13323.45264,13433.309
210,498.17708330000005,13322.51773,13439.783
211,498.2291667,13322.38194,13442.52
212,498.28125,13322.10789,13446.2295
213,498.33333330000005,13320.59832,13448.41
214,498.3854167,13319.06526,13440.377
215,498.4375,13319.00802,13415.488
216,498.48958330000005,13319.02674,13411.955
217,498.5416667,13320.93091,13428.182
218,498.59375,13323.27702,13437.261
219,498.64583330000005,13326.31879,13439.454
220,498.6979167,13332.31473,13444.698
221,498.75,13338.29484,13448.625
222,498.80208330000005,13346.16943,13444.071
223,498.8541667,13356.36116,13446.475
224,498.90625,13368.36911,13460.288
225,498.95833330000005,13380.88772,13474.752
226,499.0104167,13395.01929,13487.323
227,499.0625,13411.78577,13503.87
228,499.11458330000005,13427.75675,13529.651
229,499.1666667,13444.94926,13551.431
230,499.21875,13460.99689,13572.43
231,499.27083330000005,13476.9371,13590.006
232,499.3229167,13491.44315,13605.879
233,499.375,13505.5471,13616.549
234,499.42708330000005,13520.24181,13611.808
235,499.4791667,13534.4265,13617.192
236,499.53125,13550.205419999998,13646.207
237,499.58333330000005,13565.25071,13667.606
238,499.6354167,13581.50924,13679.681
239,499.6875,13598.01557,13693.705
240,499.73958330000005,13614.41576,13705.341
241,499.7916667,13631.37417,13710.1
242,499.84375,13649.10855,13722.315
243,499.89583330000005,13668.208680000002,13741.218
244,499.9479167,13687.68924,13765.116
245,500.0,13708.18834,13784.765
246,500.05208330000005,13728.40168,13805.872
247,500.1041667,13748.60856,13828.178
248,500.15625,13768.96334,13850.813
249,500.20833330000005,13787.25441,13873.316
250,500.2604167,13803.5012,13892.751
251,500.3125,13818.28306,13909.762
252,500.36458330000005,13831.52409,13923.101
253,500.4166667,13844.59709,13923.529
254,500.46875,13856.621769999998,13926.166
255,500.52083330000005,13869.0696,13949.8545
256,500.5729167,13881.10384,13969.966
257,500.625,13894.24787,13984.281
258,500.67708330000005,13907.16974,13999.915
259,500.7291667,13920.79496,14012.808
260,500.78125,13935.9416,14022.984
261,500.83333330000005,13952.45676,14035.783
262,500.8854167,13970.536569999998,14054.651
263,500.9375,13989.22085,14073.968
264,500.98958330000005,14009.59392,14090.475
265,501.0416667,14031.41084,14111.474
266,501.09375,14052.99491,14134.09
267,501.14583330000005,14073.59003,14155.425
268,501.1979167,14093.547730000002,14176.019
269,501.25,14111.47064,14194.943
270,501.30208330000005,14127.661219999998,14210.964
271,501.3541667,14143.61849,14226.602
272,501.40625,14158.08592,14239.623
273,501.45833330000005,14171.91587,14248.942
274,501.5104167,14185.7351,14271.246
275,501.5625,14200.47578,14290.769
276,501.61458330000005,14215.78962,14306.75
277,501.6666667,14230.40486,14322.233
278,501.71875,14245.05546,14335.007
279,501.77083330000005,14259.99737,14346.71
280,501.8229167,14276.09002,14359.073
281,501.875,14291.92195,14374.875
282,501.92708330000005,14307.7112,14389.361
283,501.9791667,14324.11309,14401.974
284,502.03125,14340.72233,14416.608
285,502.08333330000005,14357.34876,14434.65
286,502.1354167,14372.92702,14452.665
287,502.1875,14387.00815,14468.392
288,502.23958330000005,14399.70483,14481.084
289,502.2916667,14410.94439,14493.21
290,502.34375,14420.99871,14501.844
291,502.39583330000005,14430.77637,14511.6045
292,502.4479167,14438.59049,14519.936
293,502.5,14446.16955,14529.914
294,502.55208330000005,14454.6574,14543.4795
295,502.6041667,14462.4021,14554.808
296,502.65625,14468.65235,14560.993
297,502.70833330000005,14473.93488,14562.947
298,502.7604167,14478.93721,14563.703
299,502.8125,14484.219,14564.582
300,502.86458330000005,14488.32119,14571.23
301,502.9166667,14490.87446,14573.866
302,502.96875,14492.89053,14574.892
303,503.02083330000005,14495.16281,14575.672
304,503.0729167,14495.42685,14578.711
305,503.125,14494.42805,14577.306
306,503.17708330000005,14491.93338,14574.655
307,503.2291667,14487.3231,14569.657
308,503.28125,14480.92603,14562.022
309,503.33333330000005,14470.93327,14552.811
310,503.3854167,14459.102030000002,14540.71
311,503.4375,14446.5454,14523.535
312,503.48958330000005,14432.0725,14512.409
313,503.5416667,14416.78292,14504.804
314,503.59375,14401.32384,14493.786
315,503.64583330000005,14385.65604,14478.919
316,503.6979167,14370.55562,14466.31
317,503.75,14354.917119999998,14450.476
318,503.80208330000005,14339.4634,14430.649
319,503.8541667,14325.13802,14412.982
320,503.90625,14312.94948,14401.867
321,503.95833330000005,14301.94074,14395.126
322,504.0104167,14291.11419,14386.821
323,504.0625,14281.21319,14377.332
324,504.11458330000005,14272.48752,14369.112
325,504.1666667,14265.53892,14361.958
326,504.21875,14258.67266,14359.398
327,504.27083330000005,14250.40761,14353.438
328,504.3229167,14241.73227,14344.709
329,504.375,14233.71143,14333.182
330,504.42708330000005,14226.94382,14316.284
331,504.4791667,14221.03407,14307.857
332,504.53125,14216.78934,14314.698
333,504.58333330000005,14213.99936,14318.563
334,504.6354167,14212.266280000002,14318.529
335,504.6875,14212.86309,14318.384
336,504.73958330000005,14214.60386,14319.311
337,504.7916667,14219.77417,14317.338
338,504.84375,14226.15536,14321.487
339,504.89583330000005,14236.34776,14329.983
340,504.9479167,14248.3998,14343.218
341,505.0,14263.461130000003,14357.085
342,505.05208330000005,14280.07261,14375.388
343,505.1041667,14297.45026,14393.087
344,505.15625,14316.17075,14408.653
345,505.20833330000005,14334.7069,14425.724
346,505.2604167,14352.4874,14441.238
347,505.3125,14370.32562,14458.5625
348,505.36458330000005,14386.08262,14476.967
349,505.4166667,14400.70851,14484.993
350,505.46875,14416.92975,14496.138
351,505.52083330000005,14434.20334,14523.47
352,505.5729167,14449.81374,14545.591
353,505.625,14466.34683,14559.432
354,505.67708330000005,14483.45774,14577.188
355,505.7291667,14499.75786,14592.06
356,505.78125,14516.31946,14603.242
357,505.83333330000005,14533.10373,14615.56
358,505.8854167,14548.56247,14630.291
359,505.9375,14564.14616,14641.597
360,505.98958330000005,14579.7745,14654.94
361,506.0416667,14595.22304,14670.969
362,506.09375,14609.01675,14689.072
363,506.14583330000005,14621.81892,14703.056
364,506.1979167,14633.688,14716.835
365,506.25,14643.23498,14727.499
366,506.30208330000005,14650.83411,14734.835
367,506.3541667,14656.88837,14740.109
368,506.40625,14660.64493,14740.348
369,506.45833330000005,14663.39985,14734.82
370,506.5104167,14664.9371,14742.8545
371,506.5625,14665.46286,14751.227
372,506.61458330000005,14664.58053,14755.095
373,506.6666667,14663.18511,14756.512
374,506.71875,14661.95829,14756.618
375,506.77083330000005,14662.21532,14754.657
376,506.8229167,14662.95753,14751.827
377,506.875,14664.990630000002,14751.88
378,506.92708330000005,14669.06186,14753.1
379,506.9791667,14674.6148,14755.947
380,507.03125,14682.752080000002,14760.391
381,507.08333330000005,14693.64385,14773.004
382,507.1354167,14703.9177,14787.176
383,507.1875,14714.3125,14796.58
384,507.23958330000005,14724.727030000002,14805.1455
385,507.2916667,14734.67361,14813.505
386,507.34375,14744.80069,14821.446
387,507.39583330000005,14752.90556,14829.907
388,507.4479167,14760.318830000002,14828.998
389,507.5,14767.66918,14841.661
390,507.55208330000005,14774.496180000002,14858.614
391,507.6041667,14781.76811,14869.157
392,507.65625,14788.64137,14879.506
393,507.70833330000005,14795.76698,14888.0
394,507.7604167,14803.94585,14894.14
395,507.8125,14812.67075,14898.493
396,507.86458330000005,14821.937580000002,14904.174
397,507.9166667,14832.64188,14911.036
398,507.96875,14843.33619,14918.456
399,508.02083330000005,14854.939219999998,14924.572
400,508.0729167,14867.15397,14937.007
401,508.125,14878.12144,14950.574
402,508.17708330000005,14887.839430000002,14961.803
403,508.2291667,14896.321080000003,14970.148
404,508.28125,14903.93204,14978.383
405,508.33333330000005,14909.33693,14985.326
406,508.3854167,14914.3592,14989.009
407,508.4375,14919.38205,14994.712
408,508.48958330000005,14923.931730000002,15008.665
409,508.5416667,14928.65016,15023.812
410,508.59375,14933.36541,15031.875
411,508.64583330000005,14937.7004,15036.8125
412,508.6979167,14942.45393,15040.109
413,508.75,14948.13376,15042.832
414,508.80208330000005,14954.33501,15045.168
415,508.8541667,14963.05371,15049.061
416,508.90625,14973.08614,15059.06
417,508.95833330000005,14982.35165,15065.232
418,509.0104167,14993.185,15069.112
419,509.0625,15005.07431,15079.128
420,509.11458330000005,15018.688369999998,15091.881
421,509.1666667,15031.87051,15108.1875
422,509.21875,15044.08452,15120.182
423,509.27083330000005,15055.12532,15130.855
424,509.3229167,15065.33146,15139.322
425,509.375,15075.80155,15148.748
426,509.42708330000005,15087.15561,15162.806
427,509.4791667,15096.73476,15181.154
428,509.53125,15106.16793,15196.109
429,509.58333330000005,15115.24731,15208.338
430,509.6354167,15124.116730000002,15216.739
431,509.6875,15133.35259,15227.032
432,509.73958330000005,15141.52149,15236.187
433,509.7916667,15149.518080000002,15241.959
434,509.84375,15158.14631,15249.531
435,509.89583330000005,15166.22895,15259.285
436,509.9479167,15173.07306,15264.072
437,510.0,15180.72301,15267.655
438,510.05208330000005,15187.344180000002,15274.104
439,510.1041667,15192.69145,15278.476
440,510.15625,15197.19352,15281.251
441,510.20833330000005,15198.42067,15283.136
442,510.2604167,15198.77697,15282.131
443,510.3125,15195.42198,15280.847
444,510.36458330000005,15190.882619999997,15276.586
445,510.4166667,15183.819269999998,15273.405
446,510.46875,15174.81349,15269.045
447,510.52083330000005,15165.20703,15267.362
448,510.5729167,15153.58774,15262.246
449,510.625,15140.98504,15253.053
450,510.67708330000005,15128.43821,15243.001
451,510.7291667,15116.01687,15232.122
452,510.78125,15103.3501,15219.223
453,510.83333330000005,15092.226369999997,15204.258
454,510.8854167,15083.68291,15195.019
455,510.9375,15074.19537,15186.28
456,510.98958330000005,15065.28086,15170.268
457,511.0416667,15058.261230000002,15158.516
458,511.09375,15052.01877,15151.393
459,511.14583330000005,15045.24949,15144.912
460,511.1979167,15037.999430000002,15136.649
461,511.25,15029.869019999998,15127.14
462,511.30208330000005,15021.20353,15117.982
463,511.3541667,15011.690680000003,15108.301
464,511.40625,15002.6564,15098.434
465,511.45833330000005,14994.730769999998,15092.263
466,511.5104167,14986.72498,15092.114
467,511.5625,14979.79536,15088.945
468,511.61458330000005,14974.10261,15084.745
469,511.6666667,14969.8609,15079.176
470,511.71875,14967.735819999998,15077.153
471,511.77083330000005,14965.94278,15073.19
472,511.8229167,14967.138330000002,15066.491
473,511.875,14969.265130000002,15067.837
474,511.92708330000005,14971.80614,15068.692
475,511.9791667,14975.61925,15069.464
476,512.03125,14980.15205,15070.151
477,512.0833333,14984.75877,15074.35
478,512.1354167,14990.39409,15080.001
479,512.1875,14995.76799,15089.013
480,512.2395833,14998.68009,15094.006
481,512.2916667,15001.03986,15093.822
482,512.34375,15003.00294,15094.469
483,512.3958333,15005.44261,15094.134
484,512.4479167,15007.46358,15095.889
485,512.5,15008.6364,15102.405
486,512.5520833,15010.59951,15108.771
487,512.6041667,15012.30452,15114.453
488,512.65625,15013.55153,15116.61
489,512.7083333,15014.86213,15119.973
490,512.7604167,15015.24227,15117.923
491,512.8125,15015.99265,15112.775
492,512.8645833,15018.99169,15111.158
493,512.9166667,15024.57219,15117.221
494,512.96875,15028.989480000002,15122.692
495,513.0208333,15034.2215,15123.208
496,513.0729167,15041.544569999998,15129.172
497,513.125,15049.47119,15137.141
498,513.1770833,15057.86424,15144.095
499,513.2291667,15065.25459,15151.666
500,513.28125,15071.46857,15157.561
501,513.3333333,15077.89946,15162.718
502,513.3854167,15084.47234,15171.776
503,513.4375,15089.628380000002,15177.1045
504,513.4895833,15094.10402,15185.481
505,513.5416667,15099.01786,15197.106
506,513.59375,15104.81551,15205.613
507,513.6458333,15111.50511,15214.247
508,513.6979167,15117.036869999998,15223.588
509,513.75,15123.24441,15227.234
510,513.8020833,15130.165980000002,15231.563
511,513.8541667,15138.00106,15235.553
512,513.90625,15145.97999,15241.709
513,513.9583333,15155.68621,15245.986
514,514.0104167,15165.46618,15253.439
515,514.0625,15175.22214,15261.451
516,514.1145833,15184.4974,15270.175
517,514.1666667,15193.39087,15277.375
518,514.21875,15201.08052,15283.246
519,514.2708333,15206.85653,15287.223
520,514.3229167,15211.82179,15289.927
521,514.375,15216.92216,15295.42
522,514.4270833,15221.43521,15305.894
523,514.4791667,15225.21409,15319.925
524,514.53125,15229.45899,15333.272
525,514.5833333,15233.12719,15338.714
526,514.6354167,15238.36317,15341.536
527,514.6875,15243.57425,15346.863
528,514.7395833,15248.66601,15348.749
529,514.7916667,15254.33971,15351.087
530,514.84375,15262.00083,15356.988
531,514.8958333,15269.23859,15363.679
532,514.9479167,15277.06155,15365.192
533,515.0,15285.85183,15368.434
534,515.0520833,15295.60924,15374.02
535,515.1041667,15304.84231,15383.228
536,515.15625,15314.06056,15389.141
537,515.2083333,15323.72366,15395.357
538,515.2604167,15331.88759,15403.453
539,515.3125,15338.61009,15406.619
540,515.3645833,15345.66256,15411.729
541,515.4166667,15353.07462,15426.5205
542,515.46875,15360.11656,15449.283
543,515.5208333,15366.1953,15463.403
544,515.5729167,15372.20794,15468.565
545,515.625,15379.604980000002,15474.267
546,515.6770833,15386.54533,15482.678
547,515.7291667,15394.020230000002,15488.929
548,515.78125,15401.03587,15497.705
549,515.8333333,15408.50955,15503.79
550,515.8854167,15416.96851,15509.46
551,515.9375,15425.187280000002,15513.265
552,515.9895833,15433.17884,15514.617
553,516.0416667,15441.05209,15517.581
554,516.09375,15448.340080000002,15522.887
555,516.1458333,15454.847130000002,15529.359
556,516.1979167,15458.87875,15535.557
557,516.25,15460.71255,15537.071
558,516.3020833,15459.752169999998,15538.215
559,516.3541667,15457.79124,15536.229
560,516.40625,15454.66322,15540.202
561,516.4583333,15448.83839,15540.135
562,516.5104167,15442.610880000002,15539.017
563,516.5625,15434.19972,15535.476
564,516.6145833,15424.48087,15529.008
565,516.6666667,15413.4544,15521.747
566,516.71875,15402.8444,15514.463
567,516.7708333,15389.6715,15505.085
568,516.8229167,15375.93439,15487.748
569,516.875,15362.41324,15475.326
570,516.9270833,15348.6197,15459.794
571,516.9791667,15336.163019999998,15443.89
572,517.03125,15323.16933,15431.176
573,517.0833333,15310.09005,15418.123
574,517.1354167,15296.90374,15405.484
575,517.1875,15283.4384,15390.714
576,517.2395833,15269.12743,15375.423
577,517.2916667,15253.36057,15359.825
578,517.34375,15237.30109,15342.645
579,517.3958333,15221.47182,15327.399
580,517.4479167,15205.78449,15316.593
581,517.5,15189.39669,15310.34
582,517.5520833,15173.30678,15300.207
583,517.6041667,15157.36713,15285.931
584,517.65625,15142.12905,15270.556
585,517.7083333,15127.14195,15255.825
586,517.7604167,15112.89981,15239.107
587,517.8125,15100.85187,15222.787
588,517.8645833,15090.25917,15211.458
589,517.9166667,15079.849869999998,15200.218
590,517.96875,15070.94456,15186.014
591,518.0208333,15064.33915,15176.487
592,518.0729167,15057.9132,15170.616
593,518.125,15052.84451,15163.652
594,518.1770833,15048.70648,15159.376
595,518.2291667,15043.950469999998,15153.178
596,518.28125,15039.58965,15145.094
597,518.3333333,15036.75947,15140.024
598,518.3854167,15034.44889,15137.237
599,518.4375,15033.87674,15135.905
600,518.4895833,15032.7136,15141.716
601,518.5416667,15032.2823,15144.551
602,518.59375,15034.08815,15144.475
603,518.6458333,15037.19133,15148.376
604,518.6979167,15040.21519,15151.179
605,518.75,15044.17861,15153.247
606,518.8020833,15049.72796,15155.758
607,518.8541667,15056.94883,15161.804
608,518.90625,15063.78717,15168.561
609,518.9583333,15072.2241,15171.592
610,519.0104167,15082.41381,15177.973
611,519.0625,15092.34182,15188.058
612,519.1145833,15101.67221,15195.218
613,519.1666667,15110.70476,15201.3955
614,519.21875,15118.57778,15207.057
615,519.2708333,15125.5734,15212.763
616,519.3229167,15130.29677,15217.788
617,519.375,15133.72283,15220.687
618,519.4270833,15137.69718,15228.234
619,519.4791667,15140.21907,15240.601
620,519.53125,15141.82584,15248.857
621,519.5833333,15143.81957,15250.86
622,519.6354167,15147.8551,15254.744
623,519.6875,15151.14443,15261.49
624,519.7395833,15154.350880000002,15263.63
625,519.7916667,15157.64773,15265.944
626,519.84375,15162.86987,15266.854
627,519.8958333,15170.09101,15274.289
628,519.9479167,15175.93259,15278.559
629,520.0,15183.6741,15278.781
630,520.0520833,15192.64515,15286.724
631,520.1041667,15201.07516,15294.294
632,520.15625,15209.22542,15299.356
633,520.2083333,15216.27406,15303.839
634,520.2604167,15222.12449,15306.434
635,520.3125,15227.00266,15308.766
636,520.3645833,15230.30444,15313.49
637,520.4166667,15233.37169,15320.58
638,520.46875,15237.14655,15335.098
639,520.5208333,15238.83665,15346.571
640,520.5729167,15241.52859,15349.022
641,520.625,15244.85114,15354.421
642,520.6770833,15248.52517,15357.812
643,520.7291667,15252.32249,15362.767
644,520.78125,15256.19221,15365.2705
645,520.8333333,15261.23911,15368.092
646,520.8854167,15266.85539,15373.2705
647,520.9375,15272.76716,15375.777
648,520.9895833,15280.01394,15377.719
649,521.0416667,15287.49012,15382.173
650,521.09375,15295.96121,15389.034
651,521.1458333,15303.03424,15394.217
652,521.1979167,15310.2909,15395.857
653,521.25,15317.11915,15397.733
654,521.3020833,15322.14674,15399.134
655,521.3541667,15325.84074,15400.071
656,521.40625,15327.91591,15405.565
657,521.4583333,15328.650569999998,15417.634
658,521.5104167,15328.83634,15427.33
659,521.5625,15328.32318,15432.099
660,521.6145833,15325.71754,15431.81
661,521.6666667,15322.513680000002,15429.203
662,521.71875,15319.22593,15424.874
663,521.7708333,15316.531830000002,15421.908
664,521.8229167,15313.26396,15421.228
665,521.875,15311.47032,15416.576
666,521.9270833,15310.42784,15411.611
667,521.9791667,15310.92796,15404.541
668,522.03125,15311.754019999997,15400.357
669,522.0833333,15313.40781,15397.719
670,522.1354167,15314.59065,15395.083
671,522.1875,15316.3317,15391.902
672,522.2395833,15318.09346,15393.105
673,522.2916667,15316.98804,15391.653
674,522.34375,15316.234880000002,15386.597
675,522.3958333,15316.7392,15391.923
676,522.4479167,15315.40129,15406.782
677,522.5,15314.18774,15412.621
678,522.5520833,15313.87311,15415.466
679,522.6041667,15313.82195,15415.113
680,522.65625,15314.18868,15416.015
681,522.7083333,15315.17768,15417.218
682,522.7604167,15315.66396,15419.308
683,522.8125,15317.2138,15419.917
684,522.8645833,15319.99396,15420.879
685,522.9166667,15324.8969,15422.3545
686,522.96875,15329.11455,15423.7
687,523.0208333,15334.86439,15421.974
688,523.0729167,15341.763680000002,15425.78
689,523.125,15348.330430000002,15431.917
690,523.1770833,15353.72751,15434.926
691,523.2291667,15358.512030000002,15437.242
692,523.28125,15360.91667,15439.333
693,523.3333333,15361.67147,15439.1
694,523.3854167,15361.88585,15441.322
695,523.4375,15361.204569999998,15451.346
696,523.4895833,15358.075819999998,15457.95
697,523.5416667,15353.11357,15457.109
698,523.59375,15347.76015,15451.433
699,523.6458333,15341.99454,15446.87
700,523.6979167,15334.45685,15442.56
701,523.75,15325.63934,15434.204
702,523.8020833,15315.16769,15424.355
703,523.8541667,15306.1529,15414.663
704,523.90625,15296.32205,15408.144
705,523.9583333,15285.38896,15396.338
706,524.0104167,15275.129,15383.764
707,524.0625,15264.27815,15372.108
708,524.1145833,15253.91314,15360.126
709,524.1666667,15243.09696,15348.762
710,524.21875,15232.164030000002,15336.683
711,524.2708333,15219.07866,15324.148
712,524.3229167,15204.73537,15309.678
713,524.375,15191.39595,15296.832
714,524.4270833,15177.32199,15286.185
715,524.4791667,15161.917980000002,15274.466
716,524.53125,15145.60125,15264.454
717,524.5833333,15129.46063,15250.009
718,524.6354167,15113.764680000002,15235.759
719,524.6875,15098.19204,15222.336
720,524.7395833,15082.12087,15207.615
721,524.7916667,15066.70324,15188.662
722,524.84375,15052.63967,15172.5625
723,524.8958333,15039.06282,15159.189
724,524.9479167,15026.81619,15144.3955
725,525.0,15014.85039,15129.431
726,525.0520833,15003.83309,15117.294
727,525.1041667,14994.46451,15107.978
728,525.15625,14984.8533,15100.671
729,525.2083333,14974.86416,15089.783
730,525.2604167,14965.12287,15078.85
731,525.3125,14954.99767,15068.3955
732,525.3645833,14945.89026,15057.362
733,525.4166667,14938.43325,15048.015
734,525.46875,14930.639619999998,15043.059
735,525.5208333,14923.09115,15042.753
736,525.5729167,14917.48433,15039.222
737,525.625,14912.723780000002,15033.832
738,525.6770833,14909.59262,15030.769
739,525.7291667,14907.28615,15028.187
740,525.78125,14907.518369999998,15023.065
741,525.8333333,14910.16769,15023.463
742,525.8854167,14913.18552,15025.409
743,525.9375,14917.75745,15025.714
744,525.9895833,14924.58701,15027.143
745,526.0416667,14932.86629,15033.624
746,526.09375,14942.42046,15042.142
747,526.1458333,14951.56057,15052.205
748,526.1979167,14961.12945,15058.32
749,526.25,14971.15686,15066.88
750,526.3020833,14980.85615,15073.65
751,526.3541667,14991.143280000002,15082.227
752,526.40625,15001.069769999998,15093.751
753,526.4583333,15011.39352,15108.427
754,526.5104167,15022.01424,15126.961
755,526.5625,15032.80269,15139.981
756,526.6145833,15044.947230000002,15151.703
757,526.6666667,15057.60336,15165.14
758,526.71875,15069.8717,15178.696
759,526.7708333,15082.079130000002,15189.385
760,526.8229167,15095.31234,15200.177
761,526.875,15110.55592,15213.147
762,526.9270833,15127.19166,15228.57
763,526.9791667,15144.3713,15243.35
764,527.03125,15162.02058,15256.548
765,527.0833333,15182.25157,15274.626
766,527.1354167,15200.98974,15293.841
767,527.1875,15219.56436,15308.797
768,527.2395833,15237.59321,15324.194
769,527.2916667,15253.5399,15337.613
770,527.34375,15267.93948,15349.511
771,527.3958333,15280.30435,15363.326
772,527.4479167,15291.46114,15381.338
773,527.5,15300.86739,15399.303
774,527.5520833,15308.40792,15410.916
775,527.6041667,15315.26721,15419.498
776,527.65625,15320.69345,15428.373
777,527.7083333,15324.41769,15435.132
778,527.7604167,15327.1863,15436.817
779,527.8125,15330.30974,15440.526
780,527.8645833,15333.25494,15442.123
781,527.9166667,15337.05531,15441.677
782,527.96875,15340.04835,15442.155
783,528.0208333,15342.47593,15438.422
784,528.0729167,15345.2066,15436.817
785,528.125,15346.63995,15434.657
786,528.1770833,15347.83412,15429.026
787,528.2291667,15347.26906,15425.284
788,528.28125,15344.32504,15418.902
789,528.3333333,15340.32944,15409.929
790,528.3854167,15336.62285,15406.2295
791,528.4375,15331.68361,15418.812
792,528.4895833,15326.27097,15426.44
793,528.5416667,15322.02438,15426.151
794,528.59375,15318.33163,15422.125
795,528.6458333,15314.87574,15417.195
796,528.6979167,15312.35538,15411.141
797,528.75,15310.80976,15407.646
798,528.8020833,15311.0006,15409.25
799,528.8541667,15313.95037,15413.658
800,528.90625,15317.25163,15415.7295
801,528.9583333,15321.366719999998,15413.957
802,529.0104167,15327.60349,15412.056
803,529.0625,15335.20318,15412.392
804,529.1145833,15343.60647,15413.514
805,529.1666667,15351.64804,15416.648
806,529.21875,15358.33365,15416.575
807,529.2708333,15363.71496,15416.067
808,529.3229167,15368.37439,15416.212
809,529.375,15371.48997,15421.729
810,529.4270833,15373.09516,15436.707
811,529.4791667,15374.78964,15455.084
812,529.53125,15374.91135,15462.651
813,529.5833333,15374.83253,15461.4375
814,529.6354167,15374.0092,15462.5
815,529.6875,15372.45736,15460.686
816,529.7395833,15370.30174,15459.921
817,529.7916667,15368.31721,15459.394
818,529.84375,15367.27276,15460.54
819,529.8958333,15365.91687,15458.233
820,529.9479167,15363.91695,15451.404
821,530.0,15363.6686,15443.617
822,530.0520833,15364.480780000002,15443.642
823,530.1041667,15365.40446,15444.922
824,530.15625,15365.87249,15444.334
825,530.2083333,15366.15424,15439.427
826,530.2604167,15365.57958,15431.007
827,530.3125,15364.16062,15423.545
828,530.3645833,15363.333530000002,15420.009
829,530.4166667,15361.61525,15430.962
830,530.46875,15358.12564,15444.605
831,530.5208333,15354.12057,15445.067
832,530.5729167,15349.69302,15441.126
833,530.625,15344.01637,15437.956
834,530.6770833,15337.04642,15431.839
835,530.7291667,15329.39444,15422.144
836,530.78125,15323.15681,15417.6455
837,530.8333333,15316.35114,15419.825
838,530.8854167,15309.26775,15413.358
839,530.9375,15302.29216,15405.458
840,530.9895833,15295.67077,15394.497
841,531.0416667,15289.12879,15382.716
842,531.09375,15282.35951,15370.628
843,531.1458333,15274.34593,15357.724
844,531.1979167,15266.35749,15347.818
845,531.25,15255.0711,15335.366
846,531.3020833,15241.10223,15316.407
847,531.3541667,15226.33444,15298.017
848,531.40625,15209.793419999998,15286.584
849,531.4583333,15191.66624,15281.003
850,531.5104167,15173.883069999998,15271.341
851,531.5625,15153.96526,15259.816
852,531.6145833,15132.58831,15237.9375
853,531.6666667,15112.86889,15216.101
854,531.71875,15093.43473,15200.011
855,531.7708333,15072.65446,15180.984
856,531.8229167,15052.86205,15160.135
857,531.875,15034.0907,15142.772
858,531.9270833,15016.21117,15124.642
859,531.9791667,14998.70601,15106.596
860,532.03125,14983.44886,15088.928
861,532.0833333,14968.49171,15075.901
862,532.1354167,14953.6556,15059.2295
863,532.1875,14939.3102,15041.724
864,532.2395833,14925.69836,15023.807
865,532.2916667,14911.9868,15008.6
866,532.34375,14898.70388,14991.835
867,532.3958333,14885.93638,14981.993
868,532.4479167,14873.57175,14973.617
869,532.5,14862.25452,14967.59
870,532.5520833,14852.247,14961.245
871,532.6041667,14844.100219999998,14953.95
872,532.65625,14836.70332,14947.515
873,532.7083333,14830.341219999998,14941.71
874,532.7604167,14826.0177,14935.317
875,532.8125,14823.03193,14933.212
876,532.8645833,14820.93832,14929.883
877,532.9166667,14820.22217,14925.768
878,532.96875,14822.04736,14922.792
879,533.0208333,14825.32916,14924.664
880,533.0729167,14828.64238,14927.826
881,533.125,14832.41882,14929.125
882,533.1770833,14836.206719999998,14931.925
883,533.2291667,14839.86261,14933.141
884,533.28125,14842.97212,14934.937
885,533.3333333,14844.85468,14936.179
886,533.3854167,14845.04039,14934.18
887,533.4375,14846.05362,14934.446
888,533.4895833,14846.18539,14940.838
889,533.5416667,14846.27553,14947.5205
890,533.59375,14846.352019999998,14950.61
891,533.6458333,14847.50744,14954.393
892,533.6979167,14847.20912,14957.537
893,533.75,14848.13819,14954.976
894,533.8020833,14851.73074,14955.484
895,533.8541667,14857.15664,14961.274
896,533.90625,14864.09941,14967.551
897,533.9583333,14871.68895,14972.674
898,534.0104167,14882.24717,14976.216
899,534.0625,14895.26215,14989.187
900,534.1145833,14907.40755,15001.614
901,534.1666667,14918.99707,15009.544
902,534.21875,14930.85856,15017.234
903,534.2708333,14941.07386,15025.542
904,534.3229167,14949.89124,15032.539
905,534.375,14956.78532,15040.569
906,534.4270833,14962.0434,15046.717
907,534.4791667,14965.6847,15055.024
908,534.53125,14968.65845,15064.773
909,534.5833333,14971.547880000002,15071.477
910,534.6354167,14975.49884,15078.628
911,534.6875,14979.54303,15088.346
912,534.7395833,14982.84032,15092.677
913,534.7916667,14987.53292,15093.342
914,534.84375,14993.708530000002,15095.158
915,534.8958333,15002.85668,15101.3545
916,534.9479167,15011.35335,15107.226
917,535.0,15021.05942,15111.417
918,535.0520833,15032.28652,15118.719
919,535.1041667,15042.24634,15131.372
920,535.15625,15050.960480000002,15136.846
921,535.2083333,15058.89364,15141.161
922,535.2604167,15065.486180000002,15145.458
923,535.3125,15070.94605,15148.597
924,535.3645833,15075.09182,15153.721
925,535.4166667,15077.75588,15160.741
926,535.46875,15079.97894,15171.171
927,535.5208333,15081.96636,15181.769
928,535.5729167,15084.7437,15189.045
929,535.625,15086.45595,15192.45
930,535.6770833,15087.81905,15193.617
931,535.7291667,15088.689080000002,15192.77
932,535.78125,15090.25926,15190.776
933,535.8333333,15093.44778,15193.5625
934,535.8854167,15097.17294,15197.08
935,535.9375,15102.59179,15199.69
936,535.9895833,15108.267580000002,15203.653
937,536.0416667,15114.4118,15204.652
938,536.09375,15123.7859,15208.059
939,536.1458333,15133.68085,15218.116
940,536.1979167,15142.37914,15225.001
941,536.25,15150.93417,15228.431
942,536.3020833,15158.60553,15233.285
943,536.3541667,15164.36019,15237.6045
944,536.40625,15170.23628,15244.757
945,536.4583333,15175.58142,15262.6
946,536.5104167,15179.15835,15277.617
947,536.5625,15182.89692,15283.946
948,536.6145833,15186.14654,15288.664
949,536.6666667,15189.17568,15292.438
950,536.71875,15192.6633,15295.041
951,536.7708333,15195.57242,15298.628
952,536.8229167,15200.65507,15302.186
953,536.875,15207.32921,15310.595
954,536.9270832999998,15212.83721,15314.419
955,536.9791667000002,15220.38269,15313.362
956,537.03125,15229.68274,15317.991
957,537.0833332999998,15238.34197,15325.475
958,537.1354167000002,15246.43438,15330.822
959,537.1875,15253.83838,15335.562
960,537.2395832999998,15260.77897,15341.769
961,537.2916667000002,15264.914530000002,15348.133
962,537.34375,15268.06508,15350.1
963,537.3958332999998,15271.44157,15358.79
964,537.4479167000002,15273.69971,15372.895
965,537.5,15274.93062,15381.121
966,537.5520832999998,15276.460319999998,15383.604
967,537.6041667000002,15278.05484,15384.423
968,537.65625,15278.87435,15384.642
969,537.7083332999998,15279.644019999998,15385.046
970,537.7604167000002,15279.32226,15385.905
971,537.8125,15276.65399,15384.978
972,537.8645832999998,15273.6333,15381.015
973,537.9166667000002,15269.94005,15375.097
974,537.96875,15265.76255,15369.484
975,538.0208332999998,15260.34578,15363.076
976,538.0729167000002,15253.69357,15354.957
977,538.125,15246.546380000002,15344.555
978,538.1770832999998,15239.29856,15334.481
979,538.2291667000002,15230.4057,15324.455
980,538.28125,15220.05431,15311.262
981,538.3333332999998,15209.00977,15296.957
982,538.3854167000002,15197.79849,15286.837
983,538.4375,15186.76189,15285.801
984,538.4895832999998,15173.38078,15283.448
985,538.5416667000002,15160.25508,15273.5625
986,538.59375,15147.17142,15262.434
987,538.6458332999998,15135.47135,15251.283
988,538.6979167000002,15124.182380000002,15240.477
989,538.75,15112.73967,15229.935
990,538.8020832999998,15103.25271,15217.819
991,538.8541667000002,15097.49556,15212.441
992,538.90625,15093.224880000002,15208.392
993,538.9583332999998,15090.77813,15203.002
994,539.0104167000002,15091.25776,15197.065
995,539.0625,15093.90384,15196.8545
996,539.1145832999998,15098.62841,15197.466
997,539.1666667000002,15102.88323,15197.0
998,539.21875,15107.26276,15194.53
999,539.2708332999998,15111.40419,15193.847
1000,539.3229167000002,15113.99477,15192.993
1001,539.375,15116.78742,15193.059
1002,539.4270832999998,15119.35534,15208.695
1003,539.4791667000002,15120.18234,15221.635
1004,539.53125,15120.24786,15222.83
1005,539.5833332999998,15120.325680000002,15221.1875
1006,539.6354167000002,15121.21057,15221.001
1007,539.6875,15120.6619,15224.016
1008,539.7395832999998,15119.4425,15223.283
1009,539.7916667000002,15118.08442,15223.712
1010,539.84375,15117.59567,15224.394
1011,539.8958332999998,15116.98575,15224.652
1012,539.9479167000002,15116.705430000002,15222.842
1013,540.0,15115.83053,15217.779
1014,540.0520832999998,15116.046369999998,15213.911
1015,540.1041667000002,15115.57584,15213.418
1016,540.15625,15113.89121,15210.585
1017,540.2083332999998,15109.75992,15203.05
1018,540.2604167000002,15104.15767,15192.308
1019,540.3125,15096.92709,15181.731
1020,540.3645832999998,15087.6478,15172.329
1021,540.4166667000002,15077.12849,15164.77
1022,540.46875,15065.46902,15156.42
1023,540.5208332999998,15052.710330000002,15148.747
1024,540.5729167000002,15040.22173,15140.074
1025,540.625,15026.9451,15131.607
1026,540.6770832999998,15013.3909,15119.615
1027,540.7291667000002,15000.99569,15108.286
1028,540.78125,14988.79041,15096.113
1029,540.8333332999998,14978.03546,15083.871
1030,540.8854167000002,14967.56666,15074.192
1031,540.9375,14958.42165,15061.836
1032,540.9895832999998,14950.88156,15051.82
1033,541.0416667000002,14944.08965,15043.43
1034,541.09375,14937.69191,15037.125
1035,541.1458332999998,14931.37521,15029.51
1036,541.1979167000002,14925.29225,15021.785
1037,541.25,14918.34718,15013.737
1038,541.3020832999998,14910.415619999998,15004.735
1039,541.3541667000002,14902.02567,14994.525
1040,541.40625,14894.63666,14986.769
1041,541.4583332999998,14886.61586,14981.475
1042,541.5104167000002,14878.39115,14981.501
1043,541.5625,14872.09125,14980.012
1044,541.6145832999998,14867.6853,14978.18
1045,541.6666667000002,14864.97713,14978.356
1046,541.71875,14864.10959,14977.548
1047,541.7708332999998,14865.5957,14976.462
1048,541.8229167000002,14870.38438,14976.112
1049,541.875,14878.591019999998,14979.504
1050,541.9270832999998,14890.5558,14987.605
1051,541.9791667000002,14903.54729,14998.801
1052,542.03125,14919.75749,15008.851
1053,542.0833332999998,14937.78155,15023.464
1054,542.1354167000002,14956.797819999998,15040.7295
1055,542.1875,14975.7689,15056.195
1056,542.2395832999998,14993.68016,15071.836
1057,542.2916667000002,15011.06974,15084.611
1058,542.34375,15027.43964,15096.528
1059,542.3958332999998,15042.74932,15114.071
1060,542.4479167000002,15057.87765,15137.713
1061,542.5,15071.42236,15162.702
1062,542.5520832999998,15084.87124,15180.117
1063,542.6041667000002,15098.43484,15193.871
1064,542.65625,15110.95238,15206.952
1065,542.7083332999998,15123.37036,15219.066
1066,542.7604167000002,15134.26995,15228.809
1067,542.8125,15147.203119999998,15240.547
1068,542.8645832999998,15159.50255,15254.729
1069,542.9166667000002,15171.33076,15261.77
1070,542.96875,15182.964,15266.398
1071,543.0208332999998,15195.4306,15271.991
1072,543.0729167000002,15207.29362,15281.175
1073,543.125,15218.21642,15290.829
1074,543.1770832999998,15227.64958,15297.413
1075,543.2291667000002,15235.50308,15299.941
1076,543.28125,15242.66938,15304.865
1077,543.3333332999998,15247.16398,15308.662
1078,543.3854167000002,15249.96804,15310.647
1079,543.4375,15252.905030000002,15325.397
1080,543.4895832999998,15255.04483,15342.328
1081,543.5416667000002,15257.365069999998,15351.58
1082,543.59375,15259.19063,15355.438
1083,543.6458332999998,15261.10046,15358.718
1084,543.6979167000002,15263.26351,15360.546
1085,543.75,15265.86606,15362.696
1086,543.8020832999998,15269.96877,15367.764
1087,543.8541667000002,15276.68907,15375.171
1088,543.90625,15284.69526,15381.544
1089,543.9583332999998,15293.19493,15385.096
1090,544.0104167000002,15303.64658,15387.344
1091,544.0625,15314.32823,15393.397
1092,544.1145832999998,15325.89886,15399.1045
1093,544.1666667000002,15338.5037,15408.645
1094,544.21875,15348.97786,15417.071
1095,544.2708332999998,15357.62266,15418.976
1096,544.3229167000002,15365.461330000002,15421.85
1097,544.375,15372.495,15429.713
1098,544.4270832999998,15377.56407,15450.115
1099,544.4791667000002,15381.30323,15466.369
1100,544.53125,15383.8158,15470.509
1101,544.5833332999998,15384.90033,15471.293
1102,544.6354167000002,15384.444,15471.435
1103,544.6875,15381.5853,15467.28
1104,544.7395832999998,15377.29016,15461.949
1105,544.7916667000002,15371.76119,15463.375
1106,544.84375,15365.98524,15461.545
1107,544.8958332999998,15359.87534,15459.305
1108,544.9479167000002,15352.6409,15454.395
1109,545.0,15345.43367,15442.092
1110,545.0520832999998,15337.7951,15433.634
1111,545.1041667000002,15329.578130000002,15417.011
1112,545.15625,15321.39892,15402.837
1113,545.2083332999998,15311.298519999998,15390.98
1114,545.2604167000002,15299.38634,15374.846
1115,545.3125,15285.193630000002,15355.842
1116,545.3645832999998,15269.724080000002,15338.224
1117,545.4166667000002,15252.92905,15330.75
1118,545.46875,15234.72961,15326.49
1119,545.5208332999998,15215.37236,15313.705
1120,545.5729167000002,15195.82357,15295.109
1121,545.625,15176.10219,15274.43
1122,545.6770832999998,15156.759080000002,15256.26
1123,545.7291667000002,15136.26504,15235.062
1124,545.78125,15116.58706,15214.907
1125,545.8333332999998,15097.63199,15199.556
1126,545.8854167000002,15078.66099,15182.068
1127,545.9375,15060.17762,15162.002
1128,545.9895832999998,15042.20766,15143.391
1129,546.0416667000002,15024.66,15123.788
1130,546.09375,15006.95169,15108.617
1131,546.1458332999998,14988.36711,15087.046
1132,546.1979167000002,14969.06562,15063.572
1133,546.25,14948.576330000002,15040.196
1134,546.3020832999998,14927.51206,15017.105
1135,546.3541667000002,14906.28712,14995.738
1136,546.40625,14884.435769999998,14977.724
1137,546.4583332999998,14862.79389,14960.739
1138,546.5104167000002,14841.36432,14946.314
1139,546.5625,14822.13336,14930.0625
1140,546.6145832999998,14805.62196,14916.708
1141,546.6666667000002,14790.34335,14904.742
1142,546.71875,14776.57401,14890.943
1143,546.7708332999998,14765.12813,14877.645
1144,546.8229167000002,14756.70334,14866.12
1145,546.875,14751.0846,14859.531
1146,546.9270832999998,14748.02403,14855.153
1147,546.9791667000002,14745.93846,14850.838
1148,547.03125,14745.743869999998,14845.794
1149,547.0833332999998,14746.45963,14843.884
1150,547.1354167000002,14748.55728,14842.818
1151,547.1875,14750.536730000002,14845.5
1152,547.2395832999998,14751.33641,14845.478
1153,547.2916667000002,14751.58988,14843.011
1154,547.34375,14752.33536,14840.78
1155,547.3958332999998,14753.26676,14844.107
1156,547.4479167000002,14754.36761,14847.951
1157,547.5,14755.03911,14856.337
1158,547.5520832999998,14756.43884,14860.854
1159,547.6041667000002,14759.90123,14864.407
1160,547.65625,14763.69388,14870.983
1161,547.7083332999998,14766.7381,14875.087
1162,547.7604167000002,14771.22465,14876.728
1163,547.8125,14777.67039,14880.83
1164,547.8645832999998,14784.90615,14889.232
1165,547.9166667000002,14793.23354,14894.656
1166,547.96875,14803.74161,14902.203
1167,548.0208332999998,14816.49983,14912.851
1168,548.0729167000002,14831.19109,14928.763
1169,548.125,14845.224519999998,14944.153
1170,548.1770832999998,14859.31073,14954.304
1171,548.2291667000002,14873.47954,14964.46
1172,548.28125,14887.37676,14976.699
1173,548.3333332999998,14899.14547,14987.214
1174,548.3854167000002,14909.93015,14996.7705
1175,548.4375,14920.16986,15008.712
1176,548.4895832999998,14929.15167,15022.852
1177,548.5416667000002,14937.6346,15037.681
1178,548.59375,14946.00976,15048.2
1179,548.6458332999998,14953.29718,15058.86
1180,548.6979167000002,14959.650480000002,15065.849
1181,548.75,14966.10631,15071.252
1182,548.8020832999998,14972.9183,15075.699
1183,548.8541667000002,14980.42334,15081.845
1184,548.90625,14988.83642,15088.834
1185,548.9583332999998,14997.78514,15098.107
1186,549.0104167000002,15006.75218,15103.463
1187,549.0625,15015.77015,15109.463
1188,549.1145832999998,15024.87786,15114.218
1189,549.1666667000002,15033.638319999998,15121.015
1190,549.21875,15040.62001,15125.894
1191,549.2708332999998,15045.87022,15128.6
1192,549.3229167000002,15049.07145,15129.183
1193,549.375,15050.10043,15130.536
1194,549.4270832999998,15051.07871,15136.688
1195,549.4791667000002,15051.52749,15147.851
1196,549.53125,15051.26739,15157.71
1197,549.5833332999998,15050.3177,15159.439
1198,549.6354167000002,15049.42068,15157.979
1199,549.6875,15048.98555,15154.8955
1200,549.7395832999998,15050.44472,15152.227
1201,549.7916667000002,15052.75673,15157.584
1202,549.84375,15055.00758,15160.391
1203,549.8958332999998,15059.84176,15161.315
1204,549.9479167000002,15065.66711,15162.57
1205,550.0,15073.90111,15163.396
1206,550.0520832999998,15084.11491,15169.745
1207,550.1041667000002,15093.5697,15179.365
1208,550.15625,15103.27304,15182.512
1209,550.2083332999998,15112.65705,15187.034
1210,550.2604167000002,15121.67436,15192.091
1211,550.3125,15128.47985,15198.412
1212,550.3645832999998,15133.07199,15199.116
1213,550.4166667000002,15137.30321,15208.422
1214,550.46875,15141.20589,15227.799
1215,550.5208332999998,15143.90864,15241.372
1216,550.5729167000002,15145.55569,15245.952
1217,550.625,15148.46864,15248.219
1218,550.6770832999998,15152.09571,15252.745
1219,550.7291667000002,15155.70296,15255.863
1220,550.78125,15158.39953,15256.781
1221,550.8333332999998,15164.30464,15259.571
1222,550.8854167000002,15172.4615,15269.925
1223,550.9375,15181.02631,15277.083
1224,550.9895832999998,15190.4197,15284.245
1225,551.0416667000002,15200.16685,15289.327
1226,551.09375,15211.41803,15294.335
1227,551.1458332999998,15221.91949,15302.741
1228,551.1979167000002,15231.64838,15307.996
1229,551.25,15239.60912,15314.427
1230,551.3020832999998,15246.72233,15318.773
1231,551.3541667000002,15252.93891,15325.764
1232,551.40625,15256.94392,15338.855
1233,551.4583332999998,15260.818769999998,15355.188
1234,551.5104167000002,15263.37426,15364.769
1235,551.5625,15266.14746,15366.186
1236,551.6145832999998,15268.52288,15368.729
1237,551.6666667000002,15270.496469999998,15372.636
1238,551.71875,15272.449669999998,15374.623
1239,551.7708332999998,15272.68344,15378.676
1240,551.8229167000002,15272.0845,15377.413
1241,551.875,15271.3994,15377.226
1242,551.9270832999998,15269.7102,15373.779
1243,551.9791667000002,15266.37739,15367.7705
1244,552.03125,15263.30262,15361.964
1245,552.0833332999998,15258.14038,15359.125
1246,552.1354167000002,15251.80544,15353.582
1247,552.1875,15242.19364,15344.231
1248,552.2395832999998,15231.41199,15329.579
1249,552.2916667000002,15219.25521,15315.336
1250,552.34375,15205.04446,15303.171
1251,552.3958332999998,15189.50809,15288.071
1252,552.4479167000002,15173.28926,15276.553
1253,552.5,15155.84215,15263.176
1254,552.5520832999998,15136.576969999998,15247.081
1255,552.6041667000002,15116.36093,15228.358
1256,552.65625,15095.19036,15208.768
1257,552.7083332999998,15075.07124,15189.6
1258,552.7604167000002,15054.33051,15173.328
1259,552.8125,15032.350380000002,15151.788
1260,552.8645832999998,15011.5145,15129.053
1261,552.9166667000002,14991.987619999998,15110.365
1262,552.96875,14973.79257,15090.932
1263,553.0208332999998,14956.13682,15071.735
1264,553.0729167000002,14939.9867,15054.259
1265,553.125,14924.59216,15039.336
1266,553.1770832999998,14909.16216,15024.24
1267,553.2291667000002,14893.73038,15007.713
1268,553.28125,14878.07498,14990.9375
1269,553.3333332999998,14861.75149,14973.435
1270,553.3854167000002,14846.12936,14955.751
1271,553.4375,14830.96586,14936.406
1272,553.4895832999998,14816.329280000002,14923.169
1273,553.5416667000002,14802.568619999998,14917.122
1274,553.59375,14790.12794,14907.71
1275,553.6458332999998,14778.4305,14898.078
1276,553.6979167000002,14768.88856,14888.657
1277,553.75,14760.888819999998,14880.881
1278,553.8020832999998,14754.41974,14867.741
1279,553.8541667000002,14751.95935,14859.635
1280,553.90625,14752.03081,14860.393
1281,553.9583332999998,14753.278230000002,14861.217
1282,554.0104167000002,14756.14801,14859.46
1283,554.0625,14761.07394,14861.837
1284,554.1145832999998,14768.0088,14868.979
1285,554.1666667000002,14775.20523,14878.94
1286,554.21875,14781.53022,14885.444
1287,554.2708332999998,14788.76768,14891.634
1288,554.3229167000002,14795.601009999997,14898.522
1289,554.375,14801.62433,14902.937
1290,554.4270832999998,14809.32291,14904.515
1291,554.4791667000002,14816.88424,14913.235
1292,554.53125,14824.59999,14927.683
1293,554.5833332999998,14833.66407,14939.0625
1294,554.6354167000002,14842.554569999998,14950.746
1295,554.6875,14851.7813,14959.326
1296,554.7395832999998,14861.48105,14967.834
1297,554.7916667000002,14870.911430000002,14972.934
1298,554.84375,14882.22436,14980.969
1299,554.8958332999998,14895.70282,14994.615
1300,554.9479167000002,14908.38607,15008.662
1301,555.0,14921.84166,15017.654
1302,555.0520832999998,14937.29787,15031.26
1303,555.1041667000002,14952.57339,15047.868
1304,555.15625,14967.45046,15062.336
1305,555.2083332999998,14981.67179,15075.556
1306,555.2604167000002,14994.90976,15088.496
1307,555.3125,15006.336,15098.928
1308,555.3645832999998,15016.22704,15108.206
1309,555.4166667000002,15025.46123,15117.641
1310,555.46875,15033.63367,15130.479
1311,555.5208332999998,15040.97241,15146.397
1312,555.5729167000002,15049.31091,15159.631
1313,555.625,15056.39953,15169.6
1314,555.6770832999998,15063.50328,15176.815
1315,555.7291667000002,15071.853980000002,15184.549
1316,555.78125,15081.85881,15192.652
1317,555.8333332999998,15094.47607,15204.958
1318,555.8854167000002,15106.14983,15218.229
1319,555.9375,15118.8625,15224.313
1320,555.9895832999998,15135.15543,15232.681
1321,556.0416667000002,15151.2515,15245.293
1322,556.09375,15168.75667,15259.503
1323,556.1458332999998,15184.89544,15276.375
1324,556.1979167000002,15200.42686,15288.92
1325,556.25,15215.17327,15300.869
1326,556.3020832999998,15228.72816,15313.246
1327,556.3541667000002,15239.87942,15322.732
1328,556.40625,15250.39287,15334.114
1329,556.4583332999998,15262.38551,15357.621
1330,556.5104167000002,15274.28629,15381.554
1331,556.5625,15284.5051,15396.835
1332,556.6145832999998,15294.59445,15405.6
1333,556.6666667000002,15303.96155,15412.895
1334,556.71875,15313.40874,15419.279
1335,556.7708332999998,15321.444119999998,15427.99
1336,556.8229167000002,15329.0751,15435.931
1337,556.875,15337.59185,15443.762
1338,556.9270832999998,15345.9166,15452.474
1339,556.9791667000002,15352.62299,15456.885
1340,557.03125,15359.26373,15458.116
1341,557.0833332999998,15365.80968,15461.524
1342,557.1354167000002,15371.56501,15461.784
1343,557.1875,15376.94635,15462.729
1344,557.2395832999998,15380.15485,15464.38
1345,557.2916667000002,15381.666980000002,15463.528
1346,557.34375,15382.094119999998,15463.448
1347,557.3958332999998,15379.70242,15466.017
1348,557.4479167000002,15377.23384,15477.403
1349,557.5,15373.45531,15484.901
1350,557.5520832999998,15368.9117,15482.81
1351,557.6041667000002,15364.40236,15478.79
1352,557.65625,15359.01825,15475.503
1353,557.7083332999998,15353.22187,15469.263
1354,557.7604167000002,15346.5529,15463.031
1355,557.8125,15341.38204,15457.518
1356,557.8645832999998,15337.63483,15454.516
1357,557.9166667000002,15334.7662,15451.165
1358,557.96875,15332.15579,15445.23
1359,558.0208332999998,15331.01623,15437.606
1360,558.0729167000002,15331.77564,15433.448
1361,558.125,15333.71349,15434.937
1362,558.1770832999998,15335.177430000002,15433.83
1363,558.2291667000002,15336.05881,15432.059
1364,558.28125,15335.93442,15428.175
1365,558.3333332999998,15336.332580000002,15425.816
1366,558.3854167000002,15334.50979,15429.229
1367,558.4375,15332.0004,15434.31
1368,558.4895832999998,15328.47344,15438.793
1369,558.5416667000002,15324.57917,15440.377
1370,558.59375,15320.11129,15438.081
1371,558.6458332999998,15313.874930000002,15433.08
1372,558.6979167000002,15307.55106,15426.05
1373,558.75,15300.41126,15418.931
1374,558.8020832999998,15293.55196,15412.962
1375,558.8541667000002,15286.67945,15407.474
1376,558.90625,15279.86339,15400.118
1377,558.9583332999998,15273.390619999998,15392.041
1378,559.0104167000002,15267.72224,15383.747
1379,559.0625,15262.56795,15377.617
1380,559.1145832999998,15256.9229,15370.853
1381,559.1666667000002,15251.606780000002,15362.031
1382,559.21875,15245.500569999998,15353.983
1383,559.2708332999998,15238.11165,15344.623
1384,559.3229167000002,15228.5376,15333.169
1385,559.375,15218.91116,15320.596
1386,559.4270832999998,15210.22268,15317.895
1387,559.4791667000002,15199.69429,15317.325
1388,559.53125,15188.52471,15310.704
1389,559.5833332999998,15178.30352,15301.917
1390,559.6354167000002,15168.97896,15293.285
1391,559.6875,15159.38299,15284.959
1392,559.7395832999998,15149.76536,15273.421
1393,559.7916667000002,15141.04614,15260.399
1394,559.84375,15134.87422,15252.341
1395,559.8958332999998,15127.67772,15247.35
1396,559.9479167000002,15120.6889,15236.85
1397,560.0,15114.46498,15227.454
1398,560.0520832999998,15108.3818,15220.84
1399,560.1041667000002,15101.950669999998,15214.218
1400,560.15625,15094.65016,15207.55
1401,560.2083332999998,15086.30312,15198.603
1402,560.2604167000002,15076.76624,15188.857
1403,560.3125,15066.2341,15177.0205
1404,560.3645832999998,15055.03336,15166.182
1405,560.4166667000002,15043.308480000003,15152.317
1406,560.46875,15031.88733,15138.393
1407,560.5208332999998,15020.18025,15131.626
1408,560.5729167000002,15008.30984,15123.833
1409,560.625,14997.06457,15114.377
1410,560.6770832999998,14986.63317,15107.603
1411,560.7291667000002,14976.64436,15098.131
1412,560.78125,14968.34804,15087.195
1413,560.8333332999998,14962.093530000002,15077.844
1414,560.8854167000002,14956.76587,15073.042
1415,560.9375,14954.35016,15068.142
1416,560.9895832999998,14953.70065,15066.124
1417,561.0416667000002,14955.26508,15065.363
1418,561.09375,14957.02741,15067.365
1419,561.1458332999998,14959.78113,15068.098
1420,561.1979167000002,14962.36195,15069.395
1421,561.25,14964.22527,15070.192
1422,561.3020832999998,14964.81534,15070.242
1423,561.3541667000002,14964.7861,15069.027
1424,561.40625,14964.513530000002,15068.369
1425,561.4583332999998,14963.72339,15068.191
1426,561.5104167000002,14962.25575,15074.749
1427,561.5625,14961.92625,15078.667
1428,561.6145832999998,14962.893869999998,15081.93
1429,561.6666667000002,14963.04808,15084.9
1430,561.71875,14963.969480000002,15084.399
1431,561.7708332999998,14966.88547,15083.92
1432,561.8229167000002,14971.42573,15083.455
1433,561.875,14978.59979,15089.359
1434,561.9270832999998,14986.489930000002,15096.311
1435,561.9791667000002,14996.90829,15101.826
1436,562.03125,15008.29444,15112.232
1437,562.0833332999998,15021.895380000002,15124.028
1438,562.1354167000002,15035.85511,15138.461
1439,562.1875,15048.91822,15150.694
1440,562.2395832999998,15062.1403,15161.772
1441,562.2916667000002,15074.30964,15172.551
1442,562.34375,15086.26441,15182.48
1443,562.3958332999998,15098.072580000002,15195.078
1444,562.4479167000002,15110.2411,15214.334
1445,562.5,15121.30546,15232.631
1446,562.5520832999998,15133.07444,15248.673
1447,562.6041667000002,15144.96843,15259.471
1448,562.65625,15157.519380000002,15270.865
1449,562.7083332999998,15170.38218,15284.281
1450,562.7604167000002,15182.49408,15296.611
1451,562.8125,15195.30892,15308.3125
1452,562.8645832999998,15208.48321,15321.024
1453,562.9166667000002,15221.5086,15330.731
1454,562.96875,15235.28077,15339.416
1455,563.0208332999998,15248.42769,15350.602
1456,563.0729167000002,15260.84975,15360.219
1457,563.125,15272.68518,15369.974
1458,563.1770832999998,15283.78266,15379.72
1459,563.2291667000002,15293.41398,15388.952
1460,563.28125,15302.52761,15398.012
1461,563.3333332999998,15309.84982,15404.387
1462,563.3854167000002,15314.90776,15412.958
1463,563.4375,15320.40499,15422.971
1464,563.4895832999998,15326.6514,15438.116
1465,563.5416667000002,15332.9201,15450.749
1466,563.59375,15338.59444,15456.446
1467,563.6458332999998,15344.7674,15463.175
1468,563.6979167000002,15349.17539,15468.369
1469,563.75,15353.40949,15468.972
1470,563.8020832999998,15358.95157,15474.49
1471,563.8541667000002,15367.1805,15484.449
1472,563.90625,15373.5363,15494.79
1473,563.9583332999998,15378.97436,15494.162
1474,564.0104167000002,15386.12895,15492.763
1475,564.0625,15393.53949,15496.141
1476,564.1145832999998,15400.06807,15500.418
1477,564.1666667000002,15404.98416,15503.835
1478,564.21875,15408.19154,15505.591
1479,564.2708332999998,15410.12257,15507.046
1480,564.3229167000002,15409.22542,15507.548
1481,564.375,15406.08906,15504.69
1482,564.4270832999998,15403.19516,15509.979
1483,564.4791667000002,15398.64183,15513.957
1484,564.53125,15393.2476,15510.811
1485,564.5833332999998,15386.893369999998,15506.219
1486,564.6354167000002,15380.02,15500.364
1487,564.6875,15373.24064,15494.623
1488,564.7395832999998,15365.83224,15489.016
1489,564.7916667000002,15357.87763,15481.142
1490,564.84375,15351.172019999998,15473.666
1491,564.8958332999998,15344.33584,15467.243
1492,564.9479167000002,15337.32261,15455.5625
1493,565.0,15331.84348,15443.185
1494,565.0520832999998,15326.97436,15436.375
1495,565.1041667000002,15321.697869999998,15430.575
1496,565.15625,15316.15534,15424.499
1497,565.2083332999998,15309.73393,15417.805
1498,565.2604167000002,15303.18934,15410.98
1499,565.3125,15295.19538,15403.167
1500,565.3645832999998,15286.76234,15395.085
1501,565.4166667000002,15278.88885,15390.968
1502,565.46875,15270.13464,15391.909
1503,565.5208332999998,15261.91714,15390.722
1504,565.5729167000002,15253.94134,15385.711
1505,565.625,15247.20196,15379.86
1506,565.6770832999998,15239.96013,15374.167
1507,565.7291667000002,15233.27414,15365.326
1508,565.78125,15227.925,15356.712
1509,565.8333332999998,15224.367519999998,15351.734
1510,565.8854167000002,15221.8245,15347.071
1511,565.9375,15221.05397,15342.536
1512,565.9895832999998,15220.56482,15339.197
1513,566.0416667000002,15220.73548,15334.921
1514,566.09375,15221.68732,15332.218
1515,566.1458332999998,15222.77237,15330.979
1516,566.1979167000002,15224.31557,15329.854
1517,566.25,15225.47314,15329.858
1518,566.3020832999998,15225.82067,15328.785
1519,566.3541667000002,15225.52004,15325.935
1520,566.40625,15226.083030000002,15329.091
1521,566.4583332999998,15226.510719999998,15338.615
1522,566.5104167000002,15227.703330000002,15346.921
1523,566.5625,15228.240780000002,15350.072
1524,566.6145832999998,15228.13735,15347.191
1525,566.6666667000002,15228.19644,15344.177
1526,566.71875,15228.975580000002,15341.476
1527,566.7708332999998,15229.33543,15341.354
1528,566.8229167000002,15229.196930000002,15342.453
1529,566.875,15229.86206,15343.859
1530,566.9270832999998,15228.88975,15345.129
1531,566.9791667000002,15227.937130000002,15337.654
1532,567.03125,15228.6404,15334.518
1533,567.0833332999998,15228.795,15334.101
1534,567.1354167000002,15228.21202,15333.032
1535,567.1875,15225.98313,15327.795
1536,567.2395832999998,15222.83985,15318.429
1537,567.2916667000002,15218.13787,15310.006
1538,567.34375,15212.69482,15299.469
1539,567.3958332999998,15206.100230000002,15297.432
1540,567.4479167000002,15198.94326,15303.268
1541,567.5,15191.15357,15303.003
1542,567.5520832999998,15183.81484,15298.256
1543,567.6041667000002,15176.15328,15290.876
1544,567.65625,15169.384569999998,15282.377
1545,567.7083332999998,15164.57382,15278.544
1546,567.7604167000002,15160.424030000002,15279.289
1547,567.8125,15157.7548,15280.173
1548,567.8645832999998,15155.85445,15279.336
1549,567.9166667000002,15157.21199,15275.255
1550,567.96875,15160.58786,15276.036
1551,568.0208332999998,15164.71764,15276.849
1552,568.0729167000002,15168.9778,15277.678
1553,568.125,15173.27632,15277.029
1554,568.1770832999998,15177.81961,15277.369
1555,568.2291667000002,15181.18802,15280.46
1556,568.28125,15182.21654,15279.281
1557,568.3333332999998,15181.70234,15276.788
1558,568.3854167000002,15179.8175,15273.907
1559,568.4375,15177.90266,15278.397
1560,568.4895832999998,15175.06903,15281.992
1561,568.5416667000002,15172.085030000002,15280.373
1562,568.59375,15168.56492,15280.712
1563,568.6458332999998,15163.65687,15276.918
1564,568.6979167000002,15158.06161,15271.772
1565,568.75,15152.13582,15265.392
1566,568.8020832999998,15145.92075,15259.275
1567,568.8541667000002,15140.86674,15254.277
1568,568.90625,15136.48705,15253.897
1569,568.9583332999998,15131.50275,15249.041
1570,569.0104167000002,15126.61629,15241.214
1571,569.0625,15123.40535,15234.484
1572,569.1145832999998,15120.44878,15232.013
1573,569.1666667000002,15116.84945,15226.037
1574,569.21875,15112.52479,15220.123
1575,569.2708332999998,15106.63067,15210.366
1576,569.3229167000002,15100.27775,15199.611
1577,569.375,15093.31663,15192.52
1578,569.4270832999998,15085.60763,15189.068
1579,569.4791667000002,15077.13367,15184.31
1580,569.53125,15068.42156,15181.5205
1581,569.5833332999998,15060.37273,15175.665
1582,569.6354167000002,15052.53651,15171.251
1583,569.6875,15045.14738,15164.799
1584,569.7395832999998,15038.15118,15158.578
1585,569.7916667000002,15032.660580000002,15149.139
1586,569.84375,15031.10148,15145.444
1587,569.8958332999998,15029.7774,15147.3955
1588,569.9479167000002,15030.24922,15143.311
1589,570.0,15033.3568,15140.365
1590,570.0520832999998,15038.89839,15144.202
1591,570.1041667000002,15045.434969999998,15150.441
1592,570.15625,15051.68619,15154.798
1593,570.2083332999998,15059.073580000002,15157.779
1594,570.2604167000002,15065.88792,15164.647
1595,570.3125,15071.35164,15168.206
1596,570.3645832999998,15076.43844,15171.002
1597,570.4166667000002,15080.58508,15177.2295
1598,570.46875,15083.30566,15183.156
1599,570.5208332999998,15086.24814,15192.218
1600,570.5729167000002,15089.072930000002,15199.453
1601,570.625,15091.340580000002,15204.625
1602,570.6770832999998,15093.40448,15207.594
1603,570.7291667000002,15094.98594,15211.432
1604,570.78125,15097.118230000002,15211.054
1605,570.8333332999998,15100.38383,15213.285
1606,570.8854167000002,15105.595469999998,15216.366
1607,570.9375,15111.15396,15220.872
1608,570.9895832999998,15116.47674,15221.901
1609,571.0416667000002,15123.01443,15223.664
1610,571.09375,15129.46301,15229.083
1611,571.1458332999998,15135.09901,15234.422
1612,571.1979167000002,15139.25654,15238.647
1613,571.25,15141.6603,15241.174
1614,571.3020832999998,15141.90555,15242.48
1615,571.3541667000002,15142.00082,15242.5205
1616,571.40625,15141.96527,15247.041
1617,571.4583332999998,15140.07149,15251.28
1618,571.5104167000002,15137.61426,15252.879
1619,571.5625,15136.34176,15254.055
1620,571.6145832999998,15136.41995,15256.035
1621,571.6666667000002,15135.32413,15256.369
1622,571.71875,15134.26042,15254.089
1623,571.7708332999998,15134.35139,15250.609
1624,571.8229167000002,15135.69046,15248.856
1625,571.875,15137.16523,15250.891
1626,571.9270832999998,15138.652569999998,15249.003
1627,571.9791667000002,15140.936130000002,15245.755
1628,572.03125,15143.33091,15244.979
1629,572.0833332999998,15145.60042,15247.37
1630,572.1354167000002,15147.98286,15250.883
1631,572.1875,15150.23569,15255.803
1632,572.2395832999998,15150.89936,15259.414
1633,572.2916667000002,15150.73461,15259.544
1634,572.34375,15151.726169999998,15260.811
1635,572.3958332999998,15152.40883,15265.966
1636,572.4479167000002,15151.90645,15268.741
1637,572.5,15151.8949,15272.889
1638,572.5520832999998,15152.44925,15279.684
1639,572.6041667000002,15152.30815,15280.334
1640,572.65625,15152.55434,15279.618
1641,572.7083332999998,15152.55152,15280.323
1642,572.7604167000002,15152.54747,15277.373
1643,572.8125,15156.332869999998,15277.832
1644,572.8645832999998,15160.1724,15286.14
1645,572.9166667000002,15164.724069999998,15288.035
1646,572.96875,15169.77809,15290.398
1647,573.0208332999998,15175.43047,15289.2295
1648,573.0729167000002,15181.63486,15291.525
1649,573.125,15188.373930000002,15295.166
1650,573.1770832999998,15194.44555,15299.46
1651,573.2291667000002,15199.6811,15303.894
1652,573.28125,15203.34407,15308.349
1653,573.3333332999998,15206.10089,15311.081
1654,573.3854167000002,15207.07023,15314.861
1655,573.4375,15207.74935,15319.556
1656,573.4895832999998,15208.8881,15327.966
1657,573.5416667000002,15209.39748,15336.285
1658,573.59375,15208.86777,15336.599
1659,573.6458332999998,15208.632419999998,15334.532
1660,573.6979167000002,15209.528869999998,15334.036
1661,573.75,15211.31555,15334.681
1662,573.8020832999998,15212.86779,15336.507
1663,573.8541667000002,15213.90146,15335.311
1664,573.90625,15216.389769999998,15333.423
1665,573.9583332999998,15219.15105,15334.8955
1666,574.0104167000002,15221.93108,15333.464
1667,574.0625,15223.79538,15335.272
1668,574.1145832999998,15224.53325,15335.089
1669,574.1666667000002,15223.584469999998,15332.066
1670,574.21875,15220.28279,15326.866
1671,574.2708332999998,15215.71595,15319.572
1672,574.3229167000002,15208.36785,15311.335
1673,574.375,15199.27089,15301.779
1674,574.4270832999998,15189.65303,15297.038
1675,574.4791667000002,15177.98016,15294.195
1676,574.53125,15166.04419,15286.988
1677,574.5833332999998,15154.678430000002,15279.418
1678,574.6354167000002,15142.734880000002,15269.804
1679,574.6875,15132.08556,15258.985
1680,574.7395832999998,15122.65535,15250.518
1681,574.7916667000002,15114.18424,15242.119
1682,574.84375,15107.21698,15232.91
1683,574.8958332999998,15103.47187,15227.15
1684,574.9479167000002,15101.80325,15223.975
1685,575.0,15102.70826,15223.131
1686,575.0520832999998,15104.55723,15223.504
1687,575.1041667000002,15107.93597,15223.144
1688,575.15625,15111.62663,15223.332
1689,575.2083332999998,15115.08383,15221.704
1690,575.2604167000002,15118.005969999998,15220.147
1691,575.3125,15120.0916,15219.661
1692,575.3645832999998,15121.34781,15222.229
1693,575.4166667000002,15121.759569999998,15227.592
1694,575.46875,15121.39606,15233.721
1695,575.5208332999998,15122.356930000002,15238.88
1696,575.5729167000002,15122.66809,15244.089
1697,575.625,15122.92333,15243.594
1698,575.6770832999998,15123.647980000002,15244.817
1699,575.7291667000002,15124.21647,15245.104
1700,575.78125,15126.72751,15246.495
1701,575.8333332999998,15130.23676,15251.584
1702,575.8854167000002,15134.44431,15257.376
1703,575.9375,15138.514,15258.621
1704,575.9895832999998,15143.70644,15257.191
1705,576.0416667000002,15150.47643,15259.814
1706,576.09375,15157.51048,15266.555
1707,576.1458332999998,15164.03486,15273.401
1708,576.1979167000002,15170.4182,15278.706
1709,576.25,15174.95501,15282.518
1710,576.3020832999998,15177.74605,15281.891
1711,576.3541667000002,15179.852469999998,15280.064
1712,576.40625,15181.73815,15282.8955
1713,576.4583332999998,15183.23286,15293.255
1714,576.5104167000002,15184.439219999998,15300.827
1715,576.5625,15185.37375,15307.782
1716,576.6145832999998,15185.52826,15308.765
1717,576.6666667000002,15186.55751,15310.058
1718,576.71875,15187.53712,15312.454
1719,576.7708332999998,15189.64081,15312.984
1720,576.8229167000002,15193.8145,15317.431
1721,576.875,15199.7564,15324.289
1722,576.9270832999998,15206.631619999998,15329.754
1723,576.9791667000002,15215.42324,15333.685
1724,577.03125,15224.484019999998,15337.232
1725,577.0833332999998,15235.41044,15343.559
1726,577.1354167000002,15245.93408,15352.327
1727,577.1875,15256.99213,15360.239
1728,577.2395832999998,15265.79736,15368.429
1729,577.2916667000002,15272.76259,15371.559
1730,577.34375,15278.76309,15372.525
1731,577.3958332999998,15283.83228,15381.239
1732,577.4479167000002,15287.36803,15396.063
1733,577.5,15289.7927,15406.104
1734,577.5520832999998,15291.39571,15410.146
1735,577.6041667000002,15292.736969999998,15412.297
1736,577.65625,15292.43309,15413.166
1737,577.7083332999998,15291.17052,15411.58
1738,577.7604167000002,15289.48219,15410.654
1739,577.8125,15286.87099,15408.626
1740,577.8645832999998,15284.82523,15405.417
1741,577.9166667000002,15284.25681,15403.149
1742,577.96875,15284.790830000002,15403.562
1743,578.0208332999998,15283.91457,15401.732
1744,578.0729167000002,15283.39578,15395.345
1745,578.125,15283.41549,15390.825
1746,578.1770832999998,15283.54429,15387.161
1747,578.2291667000002,15282.68756,15384.215
1748,578.28125,15280.85277,15381.008
1749,578.3333332999998,15276.33459,15376.951
1750,578.3854167000002,15270.9812,15373.994
1751,578.4375,15265.195,15376.515
1752,578.4895832999998,15258.28175,15377.042
1753,578.5416667000002,15252.35955,15374.057
1754,578.59375,15246.57263,15373.579
1755,578.6458332999998,15239.57238,15366.685
1756,578.6979167000002,15233.2816,15359.262
1757,578.75,15228.68601,15352.977
1758,578.8020832999998,15225.80934,15350.569
1759,578.8541667000002,15223.73091,15348.356
1760,578.90625,15222.802769999998,15344.473
1761,578.9583332999998,15224.17766,15340.053
1762,579.0104167000002,15227.118,15338.841
1763,579.0625,15230.656669999997,15340.008
1764,579.1145832999998,15234.74951,15342.058
1765,579.1666667000002,15238.67266,15344.608
1766,579.21875,15242.5266,15347.58
1767,579.2708332999998,15244.6608,15351.232
1768,579.3229167000002,15244.38135,15350.793
1769,579.375,15243.596280000002,15348.969
1770,579.4270832999998,15241.95791,15352.026
1771,579.4791667000002,15239.22111,15355.017
1772,579.53125,15235.33741,15357.495
1773,579.5833332999998,15230.90491,15356.708
1774,579.6354167000002,15225.78509,15352.509
1775,579.6875,15220.9974,15349.589
1776,579.7395832999998,15215.60486,15345.452
1777,579.7916667000002,15211.110530000002,15339.696
1778,579.84375,15206.75377,15333.061
1779,579.8958332999998,15202.15095,15326.962
1780,579.9479167000002,15198.636519999998,15318.924
1781,580.0,15196.90954,15314.664
1782,580.0520832999998,15195.00399,15314.42
1783,580.1041667000002,15192.40559,15313.01
1784,580.15625,15189.9301,15310.245
1785,580.2083332999998,15186.35484,15306.868
1786,580.2604167000002,15181.8595,15300.671
1787,580.3125,15176.07049,15293.6
1788,580.3645832999998,15170.51966,15287.984
1789,580.4166667000002,15163.5424,15283.34
1790,580.46875,15155.36456,15270.791
1791,580.5208332999998,15146.97655,15266.253
1792,580.5729167000002,15137.10948,15262.41
1793,580.625,15126.59579,15253.673
1794,580.6770832999998,15117.61648,15244.949
1795,580.7291667000002,15107.87065,15239.492
1796,580.78125,15097.58979,15225.795
1797,580.8333332999998,15087.82752,15211.551
1798,580.8854167000002,15078.81518,15202.559
1799,580.9375,15069.527869999998,15193.259
1800,580.9895832999998,15060.43544,15180.476
1801,581.0416667000002,15051.65861,15171.935
1802,581.09375,15042.30301,15164.576
1803,581.1458332999998,15033.59511,15157.351
1804,581.1979167000002,15024.90343,15151.149
1805,581.25,15015.37384,15142.933
1806,581.3020832999998,15004.61694,15130.763
1807,581.3541667000002,14993.52229,15117.216
1808,581.40625,14982.173519999998,15102.214
1809,581.4583332999998,14971.42764,15088.141
1810,581.5104167000002,14961.83847,15085.42
1811,581.5625,14953.09247,15084.432
1812,581.6145832999998,14945.03317,15078.256
1813,581.6666667000002,14937.68974,15071.055
1814,581.71875,14931.15819,15063.426
1815,581.7708332999998,14926.074019999998,15052.802
1816,581.8229167000002,14925.5181,15046.002
1817,581.875,14926.6661,15048.934
1818,581.9270832999998,14928.72684,15048.5625
1819,581.9791667000002,14933.12289,15047.671
1820,582.03125,14941.46449,15052.153
1821,582.0833332999998,14950.60531,15061.189
1822,582.1354167000002,14961.0556,15071.88
1823,582.1875,14975.180669999998,15082.436
1824,582.2395832999998,14988.9624,15099.893
1825,582.2916667000002,15002.45334,15109.82
1826,582.34375,15017.05438,15118.155
1827,582.3958332999998,15032.80004,15131.978
1828,582.4479167000002,15049.90976,15152.611
1829,582.5,15068.74296,15178.593
1830,582.5520832999998,15086.40492,15202.704
1831,582.6041667000002,15104.1809,15218.444
1832,582.65625,15122.75839,15236.515
1833,582.7083332999998,15141.90037,15255.193
1834,582.7604167000002,15161.63656,15275.975
1835,582.8125,15181.03098,15296.797
1836,582.8645832999998,15200.44518,15316.112
1837,582.9166667000002,15219.69942,15333.99
1838,582.96875,15239.53091,15352.006
1839,583.0208332999998,15258.7324,15368.709
1840,583.0729167000002,15276.13804,15385.214
1841,583.125,15292.53386,15400.783
1842,583.1770832999998,15306.33954,15416.373
1843,583.2291667000002,15317.00743,15426.504
1844,583.28125,15326.10328,15435.857
1845,583.3333332999998,15331.60124,15443.722
1846,583.3854167000002,15334.13528,15446.023
1847,583.4375,15335.80678,15447.759
1848,583.4895832999998,15335.97704,15449.668
1849,583.5416667000002,15334.62567,15453.988
1850,583.59375,15330.94865,15454.392
1851,583.6458332999998,15326.47399,15451.547
1852,583.6979167000002,15321.61359,15449.881
1853,583.75,15315.39478,15449.021
1854,583.8020832999998,15308.48516,15440.582
1855,583.8541667000002,15303.37031,15435.374
1856,583.90625,15298.87346,15433.03
1857,583.9583332999998,15294.120469999998,15425.959
1858,584.0104167000002,15290.14515,15415.399
1859,584.0625,15288.56457,15409.49
1860,584.1145832999998,15286.68675,15407.643
1861,584.1666667000002,15284.46584,15402.278
1862,584.21875,15281.90034,15396.137
1863,584.2708332999998,15277.84205,15389.696
1864,584.3229167000002,15273.1692,15382.177
1865,584.375,15267.69194,15375.8125
1866,584.4270832999998,15261.9506,15376.239
1867,584.4791667000002,15256.91654,15379.7295
1868,584.53125,15251.210319999998,15383.818
1869,584.5833332999998,15245.14707,15378.73
1870,584.6354167000002,15239.42517,15371.352
1871,584.6875,15235.19711,15364.3545
1872,584.7395832999998,15231.97743,15359.779
1873,584.7916667000002,15230.07492,15357.18
1874,584.84375,15232.58295,15358.217
1875,584.8958332999998,15236.65564,15364.849
1876,584.9479167000002,15242.4273,15366.451
1877,585.0,15250.4889,15365.483
1878,585.0520832999998,15260.50974,15367.876
1879,585.1041667000002,15272.23126,15373.813
1880,585.15625,15284.19677,15380.872
1881,585.2083332999998,15295.38199,15389.642
1882,585.2604167000002,15304.863619999998,15397.122
1883,585.3125,15312.06275,15402.983
1884,585.3645832999998,15317.39429,15408.735
1885,585.4166667000002,15322.36851,15421.812
1886,585.46875,15325.81814,15439.584
1887,585.5208332999998,15328.96923,15450.264
1888,585.5729167000002,15331.75741,15456.88
1889,585.625,15334.91802,15460.399
1890,585.6770832999998,15338.2431,15463.934
1891,585.7291667000002,15341.04885,15465.539
1892,585.78125,15344.40526,15467.213
1893,585.8333332999998,15349.08856,15469.931
1894,585.8854167000002,15355.04146,15476.201
1895,585.9375,15361.771,15480.975
1896,585.9895832999998,15368.932669999998,15486.592
1897,586.0416667000002,15375.77104,15490.538
1898,586.09375,15383.12568,15494.512
1899,586.1458332999998,15390.1428,15499.72
1900,586.1979167000002,15396.47864,15503.528
1901,586.25,15400.992880000002,15506.977
1902,586.3020832999998,15403.25873,15509.309
1903,586.3541667000002,15403.71095,15508.561
1904,586.40625,15404.41871,15513.991
1905,586.4583332999998,15403.372780000003,15523.162
1906,586.5104167000002,15400.69259,15526.244
1907,586.5625,15396.45469,15522.166
1908,586.6145832999998,15393.05976,15517.948
1909,586.6666667000002,15388.08688,15514.349
1910,586.71875,15382.25752,15508.612
1911,586.7708332999998,15375.41871,15502.617
1912,586.8229167000002,15368.571780000002,15496.194
1913,586.875,15360.89154,15491.388
1914,586.9270832999998,15352.75439,15483.395
1915,586.9791667000002,15344.32317,15475.422
1916,587.03125,15334.8,15464.104
1917,587.0833332999998,15325.693319999997,15452.555
1918,587.1354167000002,15315.90974,15442.887
1919,587.1875,15305.61727,15431.049
1920,587.2395832999998,15293.10077,15418.001
1921,587.2916667000002,15279.17251,15403.165
1922,587.34375,15264.71255,15388.2705
1923,587.3958332999998,15249.64795,15374.06
1924,587.4479167000002,15234.36793,15364.047
1925,587.5,15217.52619,15350.848
1926,587.5520832999998,15200.452969999998,15336.366
1927,587.6041667000002,15183.70857,15319.788
1928,587.65625,15167.87501,15304.939
1929,587.7083332999998,15151.54754,15289.719
1930,587.7604167000002,15136.1368,15272.319
1931,587.8125,15122.14475,15255.372
1932,587.8645832999998,15109.06455,15241.548
1933,587.9166667000002,15096.968680000002,15227.315
1934,587.96875,15086.80527,15214.652
1935,588.0208332999998,15077.45332,15203.473
1936,588.0729167000002,15069.23786,15194.541
1937,588.125,15061.38375,15185.933
1938,588.1770832999998,15054.11351,15177.46
1939,588.2291667000002,15046.598999999998,15168.627
1940,588.28125,15038.2367,15158.407
1941,588.3333332999998,15030.91529,15147.72
1942,588.3854167000002,15024.056030000002,15142.342
1943,588.4375,15016.70781,15133.752
1944,588.4895832999998,15008.80503,15125.561
1945,588.5416667000002,15002.2616,15121.422
1946,588.59375,14996.74454,15118.787
1947,588.6458332999998,14991.67819,15114.732
1948,588.6979167000002,14988.62905,15113.805
1949,588.75,14985.941469999998,15112.846
1950,588.8020832999998,14984.59044,15106.051
1951,588.8541667000002,14986.48866,15105.06
1952,588.90625,14991.08861,15109.517
1953,588.9583332999998,14996.30326,15114.62
1954,589.0104167000002,15003.707869999998,15118.529
1955,589.0625,15011.92758,15125.739
1956,589.1145832999998,15020.80511,15133.2295
1957,589.1666667000002,15030.10766,15140.811
1958,589.21875,15039.25656,15148.591
1959,589.2708332999998,15046.3842,15156.118
1960,589.3229167000002,15052.2707,15160.1045
1961,589.375,15057.539169999998,15164.978
1962,589.4270832999998,15061.03373,15170.174
1963,589.4791667000002,15063.53625,15174.575
1964,589.53125,15066.26487,15183.301
1965,589.5833332999998,15068.50879,15189.73
1966,589.6354167000002,15071.63571,15193.621
1967,589.6875,15074.65016,15201.202
1968,589.7395832999998,15077.558830000002,15204.747
1969,589.7916667000002,15081.80781,15206.583
1970,589.84375,15087.35307,15208.541
1971,589.8958332999998,15094.45987,15213.5
1972,589.9479167000002,15104.11149,15220.115
1973,590.0,15115.0886,15229.569
1974,590.0520832999998,15127.57206,15243.043
1975,590.1041667000002,15139.76597,15256.45
1976,590.15625,15151.48716,15266.995
1977,590.2083332999998,15163.73988,15276.491
1978,590.2604167000002,15175.75082,15287.247
1979,590.3125,15185.8495,15296.273
1980,590.3645832999998,15196.289969999998,15305.026
1981,590.4166667000002,15205.66263,15318.951
1982,590.46875,15212.91643,15325.263
1983,590.5208332999998,15220.13446,15334.411
1984,590.5729167000002,15227.09687,15345.019
1985,590.625,15233.09242,15354.446
1986,590.6770832999998,15237.70574,15361.285
1987,590.7291667000002,15242.65226,15367.716
1988,590.78125,15246.13888,15372.685
1989,590.8333332999998,15250.40581,15375.496
1990,590.8854167000002,15254.44104,15380.056
1991,590.9375,15258.87956,15381.652
1992,590.9895832999998,15265.88713,15384.128
1993,591.0416667000002,15272.25955,15392.657
1994,591.09375,15278.8904,15397.52
1995,591.1458332999998,15285.12121,15403.135
1996,591.1979167000002,15290.68905,15405.486
1997,591.25,15295.40045,15407.965
1998,591.3020832999998,15297.966519999998,15408.175
1999,591.3541667000002,15298.9006,15404.18
2000,591.40625,15298.910930000002,15406.812
2001,591.4583332999998,15297.37242,15411.627
2002,591.5104167000002,15295.23239,15418.315
2003,591.5625,15293.839719999998,15420.581
2004,591.6145832999998,15292.22223,15423.756
2005,591.6666667000002,15289.48469,15421.566
2006,591.71875,15287.69677,15416.069
2007,591.7708332999998,15286.78237,15414.011
2008,591.8229167000002,15287.34501,15412.59
2009,591.875,15290.26573,15413.123
2010,591.9270832999998,15294.04527,15414.749
2011,591.9791667000002,15297.89796,15414.251
2012,592.03125,15303.73277,15414.755
2013,592.0833332999998,15309.79166,15418.924
2014,592.1354167000002,15315.86189,15422.87
2015,592.1875,15321.18755,15423.965
2016,592.2395832999998,15325.68122,15425.063
2017,592.2916667000002,15329.95679,15427.791
2018,592.34375,15332.50245,15432.817
2019,592.3958332999998,15335.15399,15438.232
2020,592.4479167000002,15339.7149,15455.827
2021,592.5,15343.19058,15471.573
2022,592.5520832999998,15346.41406,15474.801
2023,592.6041667000002,15351.20879,15474.798
2024,592.65625,15357.12136,15477.683
2025,592.7083332999998,15362.39363,15481.335
2026,592.7604167000002,15367.80815,15485.373
2027,592.8125,15374.17927,15494.09
2028,592.8645832999998,15381.18241,15503.348
2029,592.9166667000002,15388.41477,15511.069
2030,592.96875,15395.04367,15515.573
2031,593.0208332999998,15402.21024,15516.419
2032,593.0729167000002,15409.54303,15521.139
2033,593.125,15417.40379,15526.084
2034,593.1770832999998,15424.30694,15534.719
2035,593.2291667000002,15428.92502,15538.428
2036,593.28125,15431.572430000002,15538.867
2037,593.3333332999998,15432.54134,15536.246
2038,593.3854167000002,15432.95244,15538.074
2039,593.4375,15432.7477,15550.375
2040,593.4895832999998,15430.003819999998,15556.053
2041,593.5416667000002,15427.2293,15554.975
2042,593.59375,15424.56569,15553.192
2043,593.6458332999998,15421.1475,15550.177
2044,593.6979167000002,15415.96195,15544.284
2045,593.75,15411.26553,15536.717
2046,593.8020832999998,15406.58076,15534.025
2047,593.8541667000002,15401.36416,15530.682
2048,593.90625,15395.44289,15523.757
2049,593.9583332999998,15390.21115,15516.29
2050,594.0104167000002,15383.51716,15509.0625
2051,594.0625,15376.4707,15498.378
2052,594.1145832999998,15368.24906,15487.123
2053,594.1666667000002,15359.71391,15474.132
2054,594.21875,15349.64696,15461.522
2055,594.2708332999998,15339.01588,15449.83
2056,594.3229167000002,15326.51119,15437.204
2057,594.375,15312.95107,15423.088
2058,594.4270832999998,15301.3519,15417.507
2059,594.4791667000002,15288.97146,15417.309
2060,594.53125,15276.098869999998,15406.231
2061,594.5833332999998,15264.7163,15393.41
2062,594.6354167000002,15252.73121,15381.055
2063,594.6875,15240.77583,15365.661
2064,594.7395832999998,15229.77928,15352.099
2065,594.7916667000002,15218.60811,15342.062
2066,594.84375,15208.1295,15330.266
2067,594.8958332999998,15198.57535,15322.046
2068,594.9479167000002,15188.97726,15312.951
2069,595.0,15180.10567,15303.271
2070,595.0520832999998,15172.37777,15293.447
2071,595.1041667000002,15166.68098,15288.074
2072,595.15625,15160.14182,15282.189
2073,595.2083332999998,15153.44934,15271.533
2074,595.2604167000002,15146.43676,15259.638
2075,595.3125,15138.02959,15246.408
2076,595.3645832999998,15130.17877,15234.622
2077,595.4166667000002,15121.80339,15229.181
2078,595.46875,15112.33017,15220.794
2079,595.5208332999998,15103.63668,15214.202
2080,595.5729167000002,15094.72474,15210.61
2081,595.625,15085.33297,15201.437
2082,595.6770832999998,15075.7136,15191.992
2083,595.7291667000002,15067.378680000002,15183.656
2084,595.78125,15059.4868,15175.708
2085,595.8333332999998,15053.97647,15170.328
2086,595.8854167000002,15048.56857,15169.855
2087,595.9375,15043.83034,15163.803
2088,595.9895832999998,15040.88267,15159.395
2089,596.0416667000002,15038.52415,15155.295
2090,596.09375,15036.73478,15151.6
2091,596.1458332999998,15034.48731,15147.467
2092,596.1979167000002,15031.18254,15142.7295
2093,596.25,15027.18903,15136.601
2094,596.3020832999998,15021.63246,15131.907
2095,596.3541667000002,15013.49875,15124.001
2096,596.40625,15005.30889,15113.059
2097,596.4583332999998,14998.08387,15109.545
2098,596.5104167000002,14990.22889,15108.453
2099,596.5625,14982.863630000002,15106.657
2100,596.6145832999998,14976.39451,15100.38
2101,596.6666667000002,14972.506,15097.618
2102,596.71875,14968.247830000002,15096.112
2103,596.7708332999998,14965.33555,15088.398
2104,596.8229167000002,14965.21923,15084.8
2105,596.875,14966.56284,15084.63
2106,596.9270832999998,14970.84982,15086.143
2107,596.9791667000002,14976.5284,15090.048
2108,597.03125,14984.74965,15096.591
2109,597.0833332999998,14996.00127,15109.091
2110,597.1354167000002,15006.31575,15122.288
2111,597.1875,15018.13256,15129.84
2112,597.2395832999998,15030.205219999998,15138.211
2113,597.2916667000002,15043.40658,15147.332
2114,597.34375,15055.32605,15157.852
2115,597.3958332999998,15067.83485,15168.827
2116,597.4479167000002,15081.27794,15187.897
2117,597.5,15093.893080000002,15208.399
2118,597.5520832999998,15106.82893,15223.804
2119,597.6041667000002,15120.05147,15237.609
2120,597.65625,15133.3935,15249.6045
2121,597.7083332999998,15146.85632,15264.858
2122,597.7604167000002,15159.68771,15277.254
2123,597.8125,15172.934769999998,15290.405
2124,597.8645832999998,15186.71389,15305.152
2125,597.9166667000002,15199.84971,15318.109
2126,597.96875,15213.11048,15328.672
2127,598.0208332999998,15226.53994,15339.968
2128,598.0729167000002,15239.42175,15352.607
2129,598.125,15251.1127,15364.369
2130,598.1770832999998,15262.22503,15373.325
2131,598.2291667000002,15270.8007,15382.8125
2132,598.28125,15276.91069,15384.089
2133,598.3333332999998,15281.96121,15384.0
2134,598.3854167000002,15285.005969999998,15388.772
2135,598.4375,15286.00132,15397.434
2136,598.4895832999998,15286.61374,15404.41
2137,598.5416667000002,15287.11654,15410.326
2138,598.59375,15286.10596,15414.0205
2139,598.6458332999998,15284.11981,15411.328
2140,598.6979167000002,15281.34285,15407.2295
2141,598.75,15278.84535,15400.924
2142,598.8020832999998,15277.153869999998,15400.921
2143,598.8541667000002,15275.36391,15400.965
2144,598.90625,15274.23161,15397.852
2145,598.9583332999998,15273.31772,15396.085
2146,599.0104167000002,15272.5976,15391.399
2147,599.0625,15272.42656,15387.778
2148,599.1145832999998,15272.19824,15385.048
2149,599.1666667000002,15270.93434,15380.413
2150,599.21875,15269.35086,15374.25
2151,599.2708332999998,15266.89156,15371.472
2152,599.3229167000002,15262.2993,15366.686
2153,599.375,15257.4059,15360.735
2154,599.4270832999998,15253.43071,15364.856
2155,599.4791667000002,15248.84133,15372.119
2156,599.53125,15243.11185,15369.996
2157,599.5833332999998,15238.10469,15363.54
2158,599.6354167000002,15234.41577,15357.746
2159,599.6875,15231.6477,15354.764
2160,599.7395832999998,15228.13647,15351.682
2161,599.7916667000002,15225.78481,15347.771
2162,599.84375,15225.51505,15348.843
2163,599.8958332999998,15226.45651,15349.828
2164,599.9479167000002,15227.45196,15348.034
2165,600.0,15230.63661,15344.369
2166,600.0520832999998,15235.237030000002,15348.143
2167,600.1041667000002,15240.29974,15351.514
2168,600.15625,15246.02762,15357.596
2169,600.2083332999998,15250.39965,15362.719
2170,600.2604167000002,15253.47491,15363.28
2171,600.3125,15255.77674,15362.87
2172,600.3645832999998,15257.60481,15362.949
2173,600.4166667000002,15257.81574,15366.352
2174,600.46875,15257.83988,15372.567
2175,600.5208332999998,15256.16392,15377.848
2176,600.5729167000002,15254.36332,15376.31
2177,600.625,15253.50669,15378.428
2178,600.6770832999998,15251.53746,15378.285
2179,600.7291667000002,15249.10954,15375.295
2180,600.78125,15246.461130000003,15371.001
2181,600.8333332999998,15244.58916,15366.6875
2182,600.8854167000002,15242.96728,15365.411
2183,600.9375,15240.609530000002,15361.709
2184,600.9895832999998,15237.54173,15356.548
2185,601.0416667000002,15233.83156,15350.836
2186,601.09375,15229.62251,15346.716
2187,601.1458332999998,15223.641,15343.034
2188,601.1979167000002,15216.548180000002,15336.9795
2189,601.25,15207.42274,15328.848
2190,601.3020832999998,15198.16504,15317.684
2191,601.3541667000002,15188.78438,15308.508
2192,601.40625,15178.60871,15301.14
2193,601.4583332999998,15168.46684,15294.291
2194,601.5104167000002,15158.2555,15285.096
2195,601.5625,15147.83506,15276.353
2196,601.6145832999998,15137.59635,15263.208
2197,601.6666667000002,15127.81606,15252.427
2198,601.71875,15118.94738,15242.107
2199,601.7708332999998,15110.68738,15234.543
2200,601.8229167000002,15101.84395,15224.989
2201,601.875,15094.50976,15215.283
2202,601.9270832999998,15087.51965,15209.118
2203,601.9791667000002,15081.71151,15200.37
2204,602.03125,15075.9483,15194.608
2205,602.0833332999998,15070.44022,15188.609
2206,602.1354167000002,15064.41866,15181.813
2207,602.1875,15057.74478,15173.785
2208,602.2395832999998,15049.6981,15164.407
2209,602.2916667000002,15041.86947,15154.494
2210,602.34375,15033.06226,15147.9
2211,602.3958332999998,15022.78405,15136.035
2212,602.4479167000002,15012.93424,15122.962
2213,602.5,15002.77351,15116.865
2214,602.5520832999998,14992.71787,15109.985
2215,602.6041667000002,14985.37601,15103.124
2216,602.65625,14978.60275,15101.563
2217,602.7083332999998,14971.0348,15093.596
2218,602.7604167000002,14966.60555,15083.828
2219,602.8125,14964.082380000002,15081.022
2220,602.8645832999998,14963.14183,15077.147
2221,602.9166667000002,14964.8742,15076.128
2222,602.96875,14967.30658,15075.288
2223,603.0208332999998,14971.23715,15074.412
2224,603.0729167000002,14975.91054,15079.55
2225,603.125,14980.14209,15082.515
2226,603.1770832999998,14984.78973,15083.518
2227,603.2291667000002,14988.364130000002,15086.108
2228,603.28125,14990.62322,15086.737
2229,603.3333332999998,14992.87563,15086.4375
2230,603.3854167000002,14995.23562,15091.255
2231,603.4375,14998.53355,15101.041
2232,603.4895832999998,15001.19951,15113.279
2233,603.5416667000002,15006.8993,15121.405
2234,603.59375,15013.66924,15132.76
2235,603.6458332999998,15020.97742,15138.379
2236,603.6979167000002,15031.2331,15145.103
2237,603.75,15041.74526,15156.317
2238,603.8020832999998,15055.0817,15165.276
2239,603.8541667000002,15070.47085,15183.778
2240,603.90625,15088.70762,15201.516
2241,603.9583332999998,15108.21254,15225.078
2242,604.0104167000002,15127.51886,15240.589
2243,604.0625,15148.33457,15255.504
2244,604.1145832999998,15170.76097,15275.506
2245,604.1666667000002,15191.69893,15297.461
2246,604.21875,15210.41185,15314.995
2247,604.2708332999998,15226.89785,15327.436
2248,604.3229167000002,15241.08254,15337.582
2249,604.375,15253.59991,15349.654
2250,604.4270832999998,15263.224880000002,15368.381
2251,604.4791667000002,15271.06348,15381.873
2252,604.53125,15276.94995,15390.532
2253,604.5833332999998,15281.29943,15395.359
2254,604.6354167000002,15284.89454,15398.336
2255,604.6875,15287.18583,15403.7705
2256,604.7395832999998,15289.05851,15405.909
2257,604.7916667000002,15291.07817,15411.611
2258,604.84375,15292.885,15413.866
2259,604.8958332999998,15295.45146,15412.871
2260,604.9479167000002,15298.37598,15411.845
2261,605.0,15301.88808,15408.489
2262,605.0520832999998,15304.53087,15406.634
2263,605.1041667000002,15305.53816,15401.676
2264,605.15625,15305.6092,15394.738
2265,605.2083332999998,15304.16556,15387.854
2266,605.2604167000002,15299.67323,15378.246
2267,605.3125,15293.106919999998,15365.513
2268,605.3645832999998,15285.456569999998,15353.602
2269,605.4166667000002,15275.90347,15356.917
2270,605.46875,15266.96244,15364.403
2271,605.5208332999998,15258.461,15362.152
2272,605.5729167000002,15251.00331,15357.318
2273,605.625,15243.72504,15349.933
2274,605.6770832999998,15237.9684,15338.96
2275,605.7291667000002,15233.975,15330.232
2276,605.78125,15233.15787,15330.651
2277,605.8333332999998,15233.67901,15337.96
2278,605.8854167000002,15236.31925,15338.642
2279,605.9375,15240.60835,15340.378
2280,605.9895832999998,15247.88835,15345.579
2281,606.0416667000002,15255.41776,15353.216
2282,606.09375,15264.2999,15358.15
2283,606.1458332999998,15273.69056,15364.275
2284,606.1979167000002,15282.98432,15371.04
2285,606.25,15290.89002,15374.983
2286,606.3020832999998,15298.34001,15377.546
2287,606.3541667000002,15304.04699,15382.204
2288,606.40625,15308.49451,15390.82
2289,606.4583332999998,15312.44676,15408.04
2290,606.5104167000002,15315.64388,15414.421
2291,606.5625,15317.96394,15414.754
2292,606.6145832999998,15319.12694,15416.833
2293,606.6666667000002,15319.03441,15414.905
2294,606.71875,15317.88271,15414.243
2295,606.7708332999998,15315.09649,15411.722
2296,606.8229167000002,15312.99675,15413.03
2297,606.875,15310.05297,15414.012
2298,606.9270832999998,15305.49289,15409.495
2299,606.9791667000002,15300.53015,15402.0625
2300,607.03125,15294.85736,15394.636
2301,607.0833332999998,15287.17544,15384.447
2302,607.1354167000002,15278.12671,15372.451
2303,607.1875,15266.16605,15359.636
2304,607.2395832999998,15253.085169999997,15344.049
2305,607.2916667000002,15235.149619999998,15326.381
2306,607.34375,15217.6899,15305.304
2307,607.3958332999998,15196.5053,15289.96
2308,607.4479167000002,15175.3131,15271.193
2309,607.5,15152.95099,15254.261
2310,607.5520832999998,15130.13924,15234.123
2311,607.6041667000002,15106.920430000002,15211.745
2312,607.65625,15083.88765,15189.067
2313,607.7083332999998,15061.63214,15167.619
2314,607.7604167000002,15039.3638,15146.614
2315,607.8125,15017.865719999998,15124.3955
2316,607.8645832999998,14998.7114,15105.286
2317,607.9166667000002,14980.54408,15090.794
2318,607.96875,14963.924619999998,15072.328
2319,608.0208332999998,14950.07019,15058.266
2320,608.0729167000002,14937.20166,15046.1455
2321,608.125,14925.1411,15033.164
2322,608.1770832999998,14914.220830000002,15020.224
2323,608.2291667000002,14903.51729,15008.846
2324,608.28125,14892.12337,14996.103
2325,608.3333332999998,14880.73548,14982.784
2326,608.3854167000002,14869.84465,14970.597
2327,608.4375,14858.05428,14954.301
2328,608.4895832999998,14845.21729,14934.513
2329,608.5416667000002,14833.23366,14923.416
2330,608.59375,14821.63869,14916.187
2331,608.6458332999998,14809.89726,14905.642
2332,608.6979167000002,14797.962769999998,14897.039
2333,608.75,14786.25864,14885.714
2334,608.8020832999998,14776.13494,14873.901
2335,608.8541667000002,14766.58053,14864.894
2336,608.90625,14758.31351,14858.675
2337,608.9583332999998,14749.9349,14849.897
