,Time (d),NH4_meas_GA (gN/m3),NH4_pred_GA (gN/m3)
0,487.30208330000005,0.656400324,0.46269208
1,487.375,0.611490514,0.45517576
2,487.4479167,0.568142072,0.55761397
3,487.52083330000005,0.537544069,0.61770296
4,487.59375,0.532218299,0.613738
5,487.6666667,0.556232961,0.6144764
6,487.73958330000005,0.590834052,0.6085231
7,487.8125,0.619317228,0.6256225
8,487.8854167,0.6390789060000001,0.6299681
9,487.95833330000005,0.658989878,0.6166689
10,488.03125,0.693950958,0.5881955
11,488.1041667,0.7519121040000001,0.5689299
12,488.17708330000005,0.81065769,0.53715956
13,488.25,0.850572515,0.5140346
14,488.3229167,0.873196603,0.505135
15,488.39583330000005,0.8535824519999999,0.5045175
16,488.46875,0.800680084,0.5476807
17,488.5416667,0.77891835,0.5661061
18,488.61458330000005,0.83704994,0.5855029
19,488.6875,0.9290347159999999,0.6101872
20,488.7604167,1.001543069,0.6163137
21,488.83333330000005,1.005297322,0.62021965
22,488.90625,0.994504518,0.7033479
23,488.9791667,1.075065778,0.7855762
24,489.05208330000005,1.163839604,0.8194064
25,489.125,1.150828122,0.91210353
26,489.1979167,1.063101123,0.9427041
27,489.27083330000005,0.9311891200000001,0.9587039
28,489.34375,0.782208859,0.8955195
29,489.4166667,0.647992548,0.76700234
30,489.48958330000005,0.5601993120000001,0.6533365
31,489.5625,0.5401113329999999,0.67168987
32,489.6354167,0.561595164,0.67391306
33,489.70833330000005,0.579434895,0.6638737
34,489.78125,0.578343696,0.6215415
35,489.8541667,0.5592644379999999,0.58557075
36,489.92708330000005,0.542539227,0.57690877
37,490.0,0.538422744,0.56500584
38,490.0729167,0.534659334,0.54864764
39,490.14583330000005,0.526208993,0.536633
40,490.21875,0.514884906,0.52459854
41,490.2916667,0.505049899,0.5164775
42,490.36458330000005,0.4960119150000001,0.5122737
43,490.4375,0.48652883900000005,0.552888
44,490.5104167,0.4789374870000001,0.6042476
45,490.58333330000005,0.47826788100000006,0.61663365
46,490.65625,0.486458992,0.6279565
47,490.7291667,0.499264271,0.63233274
48,490.80208330000005,0.512462465,0.64752096
49,490.875,0.524606178,0.66366315
50,490.9479167,0.534049338,0.66366774
51,491.02083330000005,0.544807755,0.6717251
52,491.09375,0.557543538,0.67395043
53,491.1666667,0.569417869,0.6734108
54,491.23958330000005,0.578724249,0.66942036
55,491.3125,0.585769529,0.6670318
56,491.3854167,0.590384227,0.66707844
57,491.45833330000005,0.592220314,0.6905649
58,491.53125,0.591074411,0.6976001
59,491.6041667,0.592493586,0.6946484
60,491.67708330000005,0.60340442,0.692052
61,491.75,0.623495651,0.68900156
62,491.8229167,0.647993731,0.68999493
63,491.89583330000005,0.6746821940000001,0.6909587
64,491.96875,0.710219066,0.68920463
65,492.0416667,0.763868112,0.68960524
66,492.11458330000005,0.825375371,0.6842528
67,492.1875,0.8769473249999999,0.67834085
68,492.2604167,0.919520543,0.6739493
69,492.33333330000005,0.940707182,0.6725889
70,492.40625,0.930935178,0.674301
71,492.4791667,0.900634701,0.6783109
72,492.55208330000005,0.890532716,0.6845192
73,492.625,0.948323068,0.70224005
74,492.6979167,1.066560796,0.7232206
75,492.77083330000005,1.19805742,0.74175024
76,492.84375,1.288185864,0.7600618
77,492.9166667,1.389046109,0.86871046
78,492.98958330000005,1.6846378119999998,1.0289966
79,493.0625,2.136216735,1.3312908
80,493.1354167,2.593908109,1.6557771
81,493.20833330000005,2.909459095,1.9125367
82,493.28125,2.9383878819999993,2.2197516
83,493.3541667,2.711756498,2.38601
84,493.42708330000005,2.3119372969999996,2.32262
85,493.5,1.9982788940000002,2.0803547
86,493.5729167,2.043774507,2.4260473
87,493.64583330000005,2.300505141,2.7508905
88,493.71875,2.5262749689999997,3.091033
89,493.7916667,2.694402774,3.3353353
90,493.86458330000005,2.8320113719999997,3.250544
91,493.9375,3.021958263,3.5525472
92,494.0104167,3.3751268199999997,3.8064556
93,494.08333330000005,3.711529314,4.1993804
94,494.15625,3.9159447810000003,4.427287
95,494.2291667,3.887875604,4.4784603
96,494.30208330000005,3.5782127729999997,4.1898956
97,494.375,2.966322685,3.699502
98,494.4479167,2.1931087929999995,2.5421422
99,494.52083330000005,1.611610285,1.889413
100,494.59375,1.398214455,1.6055114
101,494.6666667,1.302811798,1.3592476
102,494.73958330000005,1.162406558,1.150878
103,494.8125,0.97440885,0.8351175
104,494.8854167,0.795451571,0.718301
105,494.95833330000005,0.71317327,0.64293873
106,495.03125,0.6805461140000001,0.58447075
107,495.1041667,0.644183454,0.5270849
108,495.17708330000005,0.600701148,0.49760026
109,495.25,0.5691823579999999,0.47055367
110,495.3229167,0.551039316,0.45605913
111,495.39583330000005,0.5376221170000001,0.46675858
112,495.46875,0.526131155,0.55972576
113,495.5416667,0.519955963,0.58385885
114,495.61458330000005,0.525108392,0.5917145
115,495.6875,0.53747305,0.5893965
116,495.7604167,0.552177846,0.5998974
117,495.83333330000005,0.564395038,0.6180412
118,495.90625,0.571668815,0.6187132
119,495.9791667,0.579389878,0.626135
120,496.05208330000005,0.58961458,0.63434213
121,496.125,0.597513172,0.6305072
122,496.1979167,0.602444587,0.6289563
123,496.27083330000005,0.60450444,0.61489815
124,496.34375,0.604104078,0.6102334
125,496.4166667,0.602040271,0.6174744
126,496.48958330000005,0.597194875,0.65390503
127,496.5625,0.5919769420000001,0.6507297
128,496.6354167,0.592725397,0.65078336
129,496.70833330000005,0.599526577,0.64864665
130,496.78125,0.607407433,0.6498528
131,496.8541667,0.6134706,0.65624785
132,496.92708330000005,0.6169192720000001,0.6535537
133,497.0,0.621282499,0.6502877
134,497.0729167,0.62802412,0.6482367
135,497.14583330000005,0.6349132279999999,0.6449039
136,497.21875,0.638773054,0.64120907
137,497.2916667,0.6378602560000001,0.634827
138,497.36458330000005,0.631929434,0.6260618
139,497.4375,0.622707094,0.6397081
140,497.5104167,0.6124130489999999,0.6581255
141,497.58333330000005,0.606031283,0.6554588
142,497.65625,0.610361166,0.65286547
143,497.7291667,0.624063929,0.6518744
144,497.80208330000005,0.6399591960000001,0.65344703
145,497.875,0.653868,0.65875494
146,497.9479167,0.665596951,0.6617687
147,498.02083330000005,0.67858975,0.66424155
148,498.09375,0.690722464,0.6628625
149,498.1666667,0.699833936,0.6635726
150,498.23958330000005,0.707100055,0.6631464
151,498.3125,0.708590728,0.6620322
152,498.3854167,0.699268048,0.65946627
153,498.45833330000005,0.6804448740000001,0.66526306
154,498.53125,0.659212467,0.6711631
155,498.6041667,0.649210034,0.6702758
156,498.67708330000005,0.657350043,0.6702015
157,498.75,0.675334688,0.6693041
158,498.8229167,0.691096335,0.6697237
159,498.89583330000005,0.702631288,0.67182165
160,498.96875,0.715637628,0.6736477
161,499.0416667,0.738205005,0.6750182
162,499.11458330000005,0.7661007940000001,0.6758279
163,499.1875,0.782488225,0.6809428
164,499.2604167,0.788160317,0.68491644
165,499.33333330000005,0.7837208459999998,0.68529254
166,499.40625,0.762807476,0.67980105
167,499.4791667,0.727508053,0.67033225
168,499.55208330000005,0.69874504,0.6730143
169,499.625,0.698416395,0.67641264
170,499.6979167,0.7228813709999999,0.6788839
171,499.77083330000005,0.74603341,0.6804252
172,499.84375,0.752950363,0.68142176
173,499.9166667,0.7494321989999999,0.6837278
174,499.98958330000005,0.7544270349999999,0.68738586
175,500.0625,0.778819866,0.68816656
176,500.1354167,0.8106378950000002,0.6884355
177,500.20833330000005,0.821086673,0.6905643
178,500.28125,0.80364351,0.6927955
179,500.3541667,0.771646505,0.6947663
180,500.42708330000005,0.733869351,0.68329567
181,500.5,0.6972125459999999,0.68161744
182,500.5729167,0.6727838140000001,0.68295866
183,500.64583330000005,0.669038007,0.68484014
184,500.71875,0.679790412,0.68740803
185,500.7916667,0.6940379329999999,0.6887645
186,500.86458330000005,0.707549668,0.69039255
187,500.9375,0.7289344509999999,0.69951844
188,501.0104167,0.7727193740000001,0.70133656
189,501.08333330000005,0.8252467609999999,0.7089545
190,501.15625,0.8571000549999999,0.7153846
191,501.2291667,0.8586777899999999,0.7269766
192,501.30208330000005,0.8333411079999999,0.7378483
193,501.375,0.789877918,0.7497315
194,501.4479167,0.7390265589999999,0.70594656
195,501.52083330000005,0.700902899,0.6867958
196,501.59375,0.692498135,0.7011223
197,501.6666667,0.7108867590000001,0.7206208
198,501.73958330000005,0.7385117740000001,0.7362209
199,501.8125,0.76097547,0.72069925
200,501.8854167,0.7689322670000001,0.72039926
201,501.95833330000005,0.776450208,0.727818
202,502.03125,0.7956822370000002,0.72627336
203,502.1041667,0.809708337,0.7414048
204,502.17708330000005,0.805306601,0.7752887
205,502.25,0.7888845,0.7988322
206,502.3229167,0.7638382029999999,0.82702327
207,502.39583330000005,0.7278238130000001,0.8152574
208,502.46875,0.686196459,0.71373016
209,502.5416667,0.6567184389999999,0.7007758
210,502.61458330000005,0.652787217,0.7384034
211,502.6875,0.668152477,0.75917447
212,502.7604167,0.6886009740000001,0.7303123
213,502.83333330000005,0.691253692,0.68801886
214,502.90625,0.672402169,0.68986005
215,502.9791667,0.654758968,0.68569
216,503.05208330000005,0.64863419,0.68615544
217,503.125,0.645185154,0.68736875
218,503.1979167,0.6393522770000001,0.6803801
219,503.27083330000005,0.628341597,0.67428035
220,503.34375,0.612536792,0.6644601
221,503.4166667,0.594000111,0.65218544
222,503.48958330000005,0.574776665,0.6547158
223,503.5625,0.559005297,0.656502
224,503.6354167,0.551327122,0.65842307
225,503.70833330000005,0.5511593570000001,0.65891254
226,503.78125,0.554000307,0.6591315
227,503.8541667,0.556897824,0.66405165
228,503.92708330000005,0.558857857,0.66665196
229,504.0,0.560275191,0.666335
230,504.0729167,0.56415992,0.6679813
231,504.14583330000005,0.571890352,0.66844165
232,504.21875,0.578759557,0.6677839
233,504.2916667,0.5797638279999999,0.669268
234,504.36458330000005,0.576667549,0.6686652
235,504.4375,0.5714258560000001,0.6651116
236,504.5104167,0.56377684,0.6744744
237,504.58333330000005,0.5587069920000001,0.6755298
238,504.65625,0.564219609,0.67645633
239,504.7291667,0.5807477879999999,0.6790115
240,504.80208330000005,0.6004672289999999,0.6793522
241,504.875,0.616258381,0.6806467
242,504.9479167,0.633028399,0.6857524
243,505.02083330000005,0.664267299,0.6971309
244,505.09375,0.7153219679999999,0.7210535
245,505.1666667,0.7742990790000001,0.73231304
246,505.23958330000005,0.812917415,0.7418227
247,505.3125,0.8062152190000001,0.7512743
248,505.3854167,0.7617892209999999,0.8003765
249,505.45833330000005,0.710797419,0.6985446
250,505.53125,0.677208178,0.69208556
251,505.6041667,0.677482886,0.73032606
252,505.67708330000005,0.7230421409999999,0.73354757
253,505.75,0.772559326,0.7483579
254,505.8229167,0.794584601,0.7145884
255,505.89583330000005,0.7911150859999999,0.70542985
256,505.96875,0.7819159869999999,0.69710195
257,506.0416667,0.7751694880000001,0.7004997
258,506.11458330000005,0.764198105,0.71663874
259,506.1875,0.751725358,0.72776604
260,506.2604167,0.736241521,0.7478822
261,506.33333330000005,0.713823578,0.7464993
262,506.40625,0.6848888340000001,0.7209076
263,506.4791667,0.652020507,0.66777736
264,506.55208330000005,0.622805965,0.6693655
265,506.625,0.605174625,0.67224574
266,506.6979167,0.601083565,0.67549914
267,506.77083330000005,0.605264751,0.67841935
268,506.84375,0.610814057,0.6798118
269,506.9166667,0.617566399,0.68126136
270,506.98958330000005,0.631887851,0.68315065
271,507.0625,0.65476698,0.68493265
272,507.1354167,0.6796533,0.6926287
273,507.20833330000005,0.7016273279999999,0.69981694
274,507.28125,0.718916587,0.6999639
275,507.3541667,0.721609435,0.6992188
276,507.42708330000005,0.7046187509999999,0.687694
277,507.5,0.677794793,0.6809994
278,507.5729167,0.6554732560000001,0.68282664
279,507.64583330000005,0.645319529,0.6846162
280,507.71875,0.647300242,0.68502724
281,507.7916667,0.656773866,0.68538624
282,507.86458330000005,0.670019551,0.68380123
283,507.9375,0.68643481,0.68543977
284,508.0104167,0.705243822,0.68632936
285,508.08333330000005,0.721142005,0.6863477
286,508.15625,0.728321275,0.6878144
287,508.2291667,0.72656784,0.6902397
288,508.30208330000005,0.718331533,0.6916385
289,508.375,0.7042596440000001,0.6932519
290,508.4479167,0.684922487,0.6807114
291,508.52083330000005,0.663440082,0.68474126
292,508.59375,0.647436866,0.68395805
293,508.6666667,0.645864965,0.68491477
294,508.73958330000005,0.658625583,0.68602085
295,508.8125,0.676374757,0.6845968
296,508.8854167,0.689569671,0.68495506
297,508.95833330000005,0.696976723,0.6876398
298,509.03125,0.7094529270000001,0.688523
299,509.1041667,0.7328963359999998,0.6907695
300,509.17708330000005,0.7535519669999999,0.699303
301,509.25,0.761214188,0.7146532
302,509.3229167,0.7614266820000001,0.7206522
303,509.39583330000005,0.7537431880000001,0.7125814
304,509.46875,0.731270007,0.68332666
305,509.5416667,0.702890928,0.6830795
306,509.61458330000005,0.692082073,0.693161
307,509.6875,0.7031849,0.69623876
308,509.7604167,0.7190884390000002,0.7030623
309,509.83333330000005,0.724969888,0.6902709
310,509.90625,0.719326465,0.6929334
311,509.9791667,0.7116473459999999,0.6995759
312,510.05208330000005,0.7130793240000001,0.7051725
313,510.125,0.71837736,0.71201193
314,510.1979167,0.719289201,0.7116282
315,510.27083330000005,0.710090296,0.71088886
316,510.34375,0.6899413609999999,0.7136483
317,510.4166667,0.663247296,0.7028201
318,510.48958330000005,0.636388972,0.6760976
319,510.5625,0.614521749,0.67862576
320,510.6354167,0.600084802,0.6805167
321,510.70833330000005,0.592681583,0.68342036
322,510.78125,0.590090228,0.6896788
323,510.8541667,0.591007096,0.6860372
324,510.92708330000005,0.595307787,0.6957492
325,511.0,0.603413345,0.70353407
326,511.0729167,0.6180190529999999,0.699757
327,511.14583330000005,0.630506615,0.70731497
328,511.21875,0.63322086,0.71619695
329,511.2916667,0.627699976,0.7253056
330,511.36458330000005,0.616776629,0.73959374
331,511.4375,0.601932939,0.6983353
332,511.5104167,0.586491434,0.6806529
333,511.58333330000005,0.579612576,0.69168204
334,511.65625,0.590643781,0.70451
335,511.7291667,0.614589387,0.71459484
336,511.80208330000005,0.638247722,0.71496457
337,511.875,0.657014425,0.69980335
338,511.9479167,0.672386115,0.70647395
339,512.0208333,0.691835302,0.7036615
340,512.09375,0.70904355,0.70276284
341,512.1666667,0.712705279,0.70987505
342,512.2395833,0.70103784,0.7536404
343,512.3125,0.6867153290000001,0.7705737
344,512.3854167,0.676043628,0.7686164
345,512.4583333,0.6604447960000001,0.6914287
346,512.53125,0.641164792,0.68040335
347,512.6041667,0.631448675,0.6850766
348,512.6770833,0.635710779,0.6895027
349,512.75,0.647667488,0.6930854
350,512.8229167,0.658653735,0.68217987
351,512.8958333,0.663834843,0.6807066
352,512.96875,0.662022999,0.687876
353,513.0416667,0.669569722,0.6953788
354,513.1145833,0.701094487,0.70213354
355,513.1875,0.734087675,0.7106333
356,513.2604167,0.7492512579999999,0.71591353
357,513.3333333,0.743085702,0.71561694
358,513.40625,0.71741959,0.7166146
359,513.4791667,0.682744859,0.68207335
360,513.5520833,0.660345337,0.68266326
361,513.625,0.660792158,0.68676114
362,513.6979167,0.6746301840000001,0.69262755
363,513.7708333,0.69015111,0.69307524
364,513.84375,0.703474829,0.68836033
365,513.9166667,0.711538427,0.68988645
366,513.9895833,0.7209414609999999,0.6913605
367,514.0625,0.7348835979999999,0.69524163
368,514.1354167,0.7509222729999999,0.6982543
369,514.2083333,0.762615559,0.7003825
370,514.28125,0.7604679169999999,0.7016835
371,514.3541667,0.7419521529999998,0.70160395
372,514.4270833,0.709939401,0.6972661
373,514.5,0.675835447,0.68897915
374,514.5729167,0.657767309,0.6924369
375,514.6458333,0.6652948710000001,0.6947012
376,514.71875,0.6893237179999999,0.70075953
377,514.7916667,0.7118812090000001,0.6992588
378,514.8645833,0.725710925,0.69399476
379,514.9375,0.7301964790000001,0.69770527
380,515.0104167,0.7385122690000001,0.6995201
381,515.0833333,0.757113803,0.70373565
382,515.15625,0.7758198070000001,0.7140108
383,515.2291667,0.78630946,0.7274934
384,515.3020833,0.783141247,0.76008606
385,515.375,0.7678223660000001,0.76729316
386,515.4479167,0.742203987,0.71156985
387,515.5208333,0.7141475559999999,0.69582
388,515.59375,0.7075521109999999,0.7074794
389,515.6666667,0.7289985629999999,0.7147399
390,515.7395833,0.75330471,0.7359665
391,515.8125,0.76638962,0.73947936
392,515.8854167,0.7759243329999999,0.7266984
393,515.9583333,0.792896081,0.7433127
394,516.03125,0.819376153,0.73733294
395,516.1041667,0.8413601019999999,0.7308581
396,516.1770833,0.837201402,0.7375158
397,516.25,0.806071264,0.75665456
398,516.3229167,0.7646802410000001,0.76704156
399,516.3958333,0.722353436,0.75879806
400,516.46875,0.6834882459999999,0.6842445
401,516.5416667,0.654251755,0.6736002
402,516.6145833,0.638990793,0.6749302
403,516.6875,0.6337310589999999,0.6737924
404,516.7604167,0.630707667,0.6774463
405,516.8333333,0.626142871,0.67262614
406,516.90625,0.622346406,0.6735455
407,516.9791667,0.620008173,0.67532456
408,517.0520833,0.618899118,0.6783618
409,517.125,0.619194152,0.68213606
410,517.1979167,0.620989673,0.6859629
411,517.2708333,0.622203006,0.6870914
412,517.34375,0.620593344,0.68665075
413,517.4166667,0.614646184,0.6829153
414,517.4895833,0.604126696,0.6821699
415,517.5625,0.592483485,0.6832614
416,517.6354167,0.585964664,0.68392855
417,517.7083333,0.5870296110000001,0.6859206
418,517.78125,0.5926547679999999,0.68650186
419,517.8541667,0.5986900820000001,0.6863211
420,517.9270833,0.6023319220000001,0.6878489
421,518.0,0.6058348689999999,0.6885925
422,518.0729167,0.612440007,0.6928629
423,518.1458333,0.620734134,0.69867784
424,518.21875,0.629081574,0.7138718
425,518.2916667,0.6348079520000001,0.72535545
426,518.3645833,0.636017773,0.7447753
427,518.4375,0.628932696,0.72201425
428,518.5104167,0.619184897,0.69682795
429,518.5833333,0.623662511,0.7049782
430,518.65625,0.64824917,0.7134577
431,518.7291667,0.6749213190000001,0.72893846
432,518.8020833,0.694566383,0.72022873
433,518.875,0.705338809,0.70967734
434,518.9479167,0.714160731,0.72024655
435,519.0208333,0.736557921,0.72214186
436,519.09375,0.7645041730000001,0.7497863
437,519.1666667,0.787471024,0.7575505
438,519.2395833,0.796452363,0.7607026
439,519.3125,0.7790871949999999,0.773983
440,519.3854167,0.7389391270000001,0.7798443
441,519.4583333,0.6904428029999999,0.7020304
442,519.53125,0.653590356,0.6982213
443,519.6041667,0.646303795,0.70582217
444,519.6770833,0.664667686,0.71684813
445,519.75,0.685023185,0.73919857
446,519.8229167,0.703499347,0.71678555
447,519.8958333,0.719186392,0.7047502
448,519.96875,0.730453703,0.72371066
449,520.0416667,0.754046042,0.7202068
450,520.1145833,0.78272571,0.74865204
451,520.1875,0.8003367670000001,0.7601557
452,520.2604167,0.8022681349999999,0.76378536
453,520.3333333,0.781396493,0.76129186
454,520.40625,0.73918962,0.7580409
455,520.4791667,0.689274353,0.68794113
456,520.5520833,0.6569650220000001,0.7020104
457,520.625,0.662153051,0.7106354
458,520.6979167,0.6930755679999999,0.7200183
459,520.7708333,0.7219253729999999,0.7232718
460,520.84375,0.7365018020000001,0.70093966
461,520.9166667,0.739012089,0.70318514
462,520.9895833,0.7425599209999998,0.70892626
463,521.0625,0.7586232629999999,0.7219192
464,521.1354167,0.780499787,0.7497761
465,521.2083333,0.7988677790000001,0.7678484
466,521.28125,0.803442059,0.7860855
467,521.3541667,0.7831602790000001,0.8061406
468,521.4270833,0.745034368,0.7414993
469,521.5,0.703318034,0.6841726
470,521.5729167,0.67016623,0.6864226
471,521.6458333,0.6534193079999999,0.6906608
472,521.71875,0.651649666,0.6939479
473,521.7916667,0.655941963,0.696698
474,521.8645833,0.660073142,0.69245744
475,521.9375,0.668641351,0.6965186
476,522.0104167,0.685006355,0.7022172
477,522.0833333,0.706347906,0.7095479
478,522.15625,0.724682308,0.72014236
479,522.2291667,0.7318913759999999,0.72947735
480,522.3020833,0.72359145,0.7760862
481,522.375,0.705367765,0.7794472
482,522.4479167,0.682916052,0.72151136
483,522.5208333,0.662801736,0.68861794
484,522.59375,0.659063126,0.69864804
485,522.6666667,0.670688489,0.7051667
486,522.7395833,0.686686035,0.72143817
487,522.8125,0.699782728,0.7152767
488,522.8854167,0.7128008920000001,0.70297885
489,522.9583333,0.728290787,0.7184396
490,523.03125,0.7513803859999999,0.7286056
491,523.1041667,0.7817212840000001,0.74639624
492,523.1770833,0.80098913,0.7802891
493,523.25,0.801621039,0.78948003
494,523.3229167,0.783383065,0.79609585
495,523.3958333,0.7478201949999999,0.77053976
496,523.46875,0.701695664,0.6894314
497,523.5416667,0.662502268,0.6867888
498,523.6145833,0.645104338,0.6911346
499,523.6875,0.644647359,0.68960553
500,523.7604167,0.646507367,0.6852755
501,523.8333333,0.644173562,0.67104805
502,523.90625,0.6363015470000001,0.6718267
503,523.9791667,0.626515964,0.6764137
504,524.0520833,0.622658862,0.6817532
505,524.125,0.625783175,0.6852784
506,524.1979167,0.6307721789999999,0.68794614
507,524.2708333,0.632075351,0.6895908
508,524.34375,0.6276471339999999,0.6880421
509,524.4166667,0.617308171,0.68411595
510,524.4895833,0.602744182,0.6718647
511,524.5625,0.5901893579999999,0.67372364
512,524.6354167,0.584918115,0.67570955
513,524.7083333,0.585803153,0.67723715
514,524.78125,0.58820657,0.6783045
515,524.8541667,0.5899473239999999,0.6786996
516,524.9270833,0.590597169,0.6803281
517,525.0,0.591683359,0.6812292
518,525.0729167,0.5955432970000001,0.68306804
519,525.1458333,0.601977655,0.6869174
520,525.21875,0.60759215,0.69265115
521,525.2916667,0.610719714,0.69521564
522,525.3645833,0.610050909,0.6992133
523,525.4375,0.603551551,0.6876039
524,525.5104167,0.592991226,0.68199897
525,525.5833333,0.588475803,0.68520325
526,525.65625,0.597473529,0.6879828
527,525.7291667,0.614470217,0.6931832
528,525.8020833,0.631014564,0.6913685
529,525.875,0.643075305,0.691719
530,525.9479167,0.655388448,0.69449353
531,526.0208333,0.678187469,0.6963332
532,526.09375,0.704236106,0.7026154
533,526.1666667,0.72346254,0.715411
534,526.2395833,0.7354189149999999,0.72264916
535,526.3125,0.737536456,0.74313504
536,526.3854167,0.725987477,0.76424384
537,526.4583333,0.70495459,0.70933855
538,526.53125,0.690935112,0.6994464
539,526.6041667,0.701148585,0.7050245
540,526.6770833,0.7307644440000001,0.7134222
541,526.75,0.756849405,0.7328209
542,526.8229167,0.7762130720000001,0.71686375
543,526.8958333,0.7944687890000001,0.712582
544,526.96875,0.816399348,0.7361508
545,527.0416667,0.862026273,0.76497066
546,527.1145833,0.93834702,0.80314463
547,527.1875,1.004194318,0.8614468
548,527.2604167,1.03338813,0.90707016
549,527.3333333,1.010423685,0.9432692
550,527.40625,0.94034984,0.9010398
551,527.4791667,0.847922924,0.7138997
552,527.5520833,0.7714427840000001,0.7090124
553,527.625,0.7340729490000001,0.71301997
554,527.6979167,0.7264506559999998,0.724346
555,527.7708333,0.7291317740000001,0.7250581
556,527.84375,0.733556643,0.6990893
557,527.9166667,0.732664467,0.696783
558,527.9895833,0.732242244,0.70259005
559,528.0625,0.740358811,0.70064163
560,528.1354167,0.75037797,0.7025749
561,528.2083333,0.7470483389999999,0.7024335
562,528.28125,0.7276534209999999,0.70937306
563,528.3541667,0.698887185,0.70655954
564,528.4270833,0.666492188,0.69055754
565,528.5,0.636916705,0.6774575
566,528.5729167,0.623154642,0.6824296
567,528.6458333,0.632533325,0.6888573
568,528.71875,0.6577266070000001,0.6932155
569,528.7916667,0.684211063,0.6943649
570,528.8645833,0.70268521,0.6906758
571,528.9375,0.7221508409999999,0.70869416
572,529.0104167,0.769100527,0.7129775
573,529.0833333,0.832443808,0.7180748
574,529.15625,0.869320676,0.7347568
575,529.2291667,0.8683464259999999,0.7705713
576,529.3020833,0.8459479379999999,0.7863313
577,529.375,0.807613467,0.7952833
578,529.4479167,0.755007968,0.7024311
579,529.5208333,0.705253465,0.6783858
580,529.59375,0.677969615,0.6897845
581,529.6666667,0.6794911159999999,0.70357084
582,529.7395833,0.694366745,0.71634084
583,529.8125,0.7076976859999999,0.6975316
584,529.8854167,0.712114998,0.6910057
585,529.9583333,0.712354367,0.6941549
586,530.03125,0.7196963879999999,0.6892931
587,530.1041667,0.724839771,0.7136943
588,530.1770833,0.7256675640000001,0.77119625
589,530.25,0.734247293,0.8306788
590,530.3229167,0.742044452,0.83207726
591,530.3958333,0.7293999910000001,0.79929906
592,530.46875,0.6910471690000001,0.6908306
593,530.5416667,0.653803262,0.6833293
594,530.6145833,0.6400877620000001,0.6993632
595,530.6875,0.645621424,0.7059091
596,530.7604167,0.655549058,0.6941263
597,530.8333333,0.655332974,0.6816234
598,530.90625,0.6456185839999999,0.6904282
599,530.9791667,0.646865261,0.7011886
600,531.0520833,0.660477699,0.7036899
601,531.125,0.6712191190000001,0.70225
602,531.1979167,0.66805035,0.69832325
603,531.2708333,0.650771257,0.7219878
604,531.34375,0.6286861770000001,0.7072957
605,531.4166667,0.606705547,0.6799347
606,531.4895833,0.5843366489999999,0.6536408
607,531.5625,0.565300171,0.65896595
608,531.6354167,0.556403624,0.6637096
609,531.7083333,0.559008849,0.6637567
610,531.78125,0.564041074,0.6695721
611,531.8541667,0.567065109,0.663585
612,531.9270833,0.5690436560000001,0.66549385
613,532.0,0.5708336860000001,0.66761553
614,532.0729167,0.574258892,0.6736993
615,532.1458333,0.578633348,0.6893652
616,532.21875,0.584180758,0.6987301
617,532.2916667,0.587753144,0.70548916
618,532.3645833,0.584496686,0.7220143
619,532.4375,0.574340915,0.69006896
620,532.5104167,0.563433649,0.6671216
621,532.5833333,0.562635827,0.6771272
622,532.65625,0.575960169,0.6870797
623,532.7291667,0.5953264220000001,0.6969065
624,532.8020833,0.6132051070000001,0.69286734
625,532.875,0.6263452429999999,0.6897993
626,532.9479167,0.643238771,0.6876204
627,533.0208333,0.664777495,0.6885087
628,533.09375,0.6801541720000001,0.7001456
629,533.1666667,0.691394708,0.70953536
630,533.2395833,0.697731012,0.7191977
631,533.3125,0.6917231070000001,0.73159075
632,533.3854167,0.673266321,0.7357618
633,533.4583333,0.6483168739999999,0.669867
634,533.53125,0.6237497479999999,0.6675299
635,533.6041667,0.6104090120000001,0.67085445
636,533.6770833,0.6141573610000001,0.6765265
637,533.75,0.628642971,0.68247163
638,533.8229167,0.648603963,0.67659634
639,533.8958333,0.66365169,0.6811596
640,533.96875,0.685629375,0.69054943
641,534.0416667,0.7313566579999999,0.69264406
642,534.1145833,0.7796455390000001,0.71800137
643,534.1875,0.813020506,0.7238322
644,534.2604167,0.827470987,0.7185893
645,534.3333333,0.806477665,0.71381974
646,534.40625,0.75500539,0.7046187
647,534.4791667,0.698057719,0.6691836
648,534.5520833,0.657673991,0.67137605
649,534.625,0.639777199,0.6746968
650,534.6979167,0.6390808410000001,0.6796739
651,534.7708333,0.650586847,0.6880384
652,534.84375,0.677177591,0.6810692
653,534.9166667,0.706957471,0.6834877
654,534.9895833,0.731719142,0.6868517
655,535.0625,0.754580888,0.6890387
656,535.1354167,0.76750579,0.6980443
657,535.2083333,0.767988126,0.7013476
658,535.28125,0.7584226540000001,0.7013853
659,535.3541667,0.734804899,0.70342314
660,535.4270833,0.699900691,0.69051147
661,535.5,0.666100834,0.6786773
662,535.5729167,0.645475903,0.6809027
663,535.6458333,0.643750956,0.6844594
664,535.71875,0.656225465,0.68567985
665,535.7916667,0.672030731,0.6840463
666,535.8645833,0.679723717,0.6840952
667,535.9375,0.677610363,0.68692106
668,536.0104167,0.682454753,0.6956304
669,536.0833333,0.7090931970000001,0.7025962
670,536.15625,0.7493369040000001,0.71809226
671,536.2291667,0.7751752040000002,0.74405515
672,536.3020833,0.7814296980000001,0.7509146
673,536.375,0.767957128,0.7596721
674,536.4479167,0.736434117,0.69004077
675,536.5208333,0.699235698,0.68143404
676,536.59375,0.675647821,0.68708795
677,536.6666667,0.674844815,0.6923894
678,536.7395833,0.6868301509999999,0.697317
679,536.8125,0.6987221990000001,0.69225013
680,536.8854167000002,0.706094078,0.69084096
681,536.9583332999998,0.715206425,0.7081761
682,537.03125,0.743872529,0.7111493
683,537.1041667000002,0.780393543,0.7302227
684,537.1770832999998,0.8029734270000001,0.73416334
685,537.25,0.8032939429999999,0.73703027
686,537.3229167000002,0.778701582,0.7651934
687,537.3958332999998,0.738181417,0.7632534
688,537.46875,0.695410029,0.7078255
689,537.5416667000002,0.668062362,0.71014744
690,537.6145832999998,0.669633084,0.7267868
691,537.6875,0.6880170529999999,0.71987367
692,537.7604167000002,0.700865473,0.71493477
693,537.8333332999998,0.6972963809999999,0.6917597
694,537.90625,0.684178121,0.68360406
695,537.9791667000002,0.66888098,0.68530124
696,538.0520832999998,0.65576609,0.690872
697,538.125,0.648287669,0.6957556
698,538.1979167000002,0.645483468,0.70198786
699,538.2708332999998,0.642246122,0.7131187
700,538.34375,0.636101931,0.71475303
701,538.4166667000002,0.626253059,0.70323414
702,538.4895832999998,0.612621462,0.6824497
703,538.5625,0.600256597,0.68360686
704,538.6354167000002,0.595036886,0.68590575
705,538.7083332999998,0.595349408,0.6978886
706,538.78125,0.597998061,0.71926594
707,538.8541667000002,0.60506931,0.7092976
708,538.9270832999998,0.6164225839999999,0.7528464
709,539.0,0.639585924,0.800386
710,539.0729167000002,0.6823266240000001,0.8527965
711,539.1458332999998,0.725559055,0.9583019
712,539.21875,0.7544489759999998,1.0508521
713,539.2916667000002,0.764391619,1.0921775
714,539.3645832999998,0.7419650269999999,1.1222434
715,539.4375,0.6911312740000001,0.9297252
716,539.5104167000002,0.645017811,0.83411384
717,539.5833332999998,0.645307751,0.8493249
718,539.65625,0.678830314,0.83942926
719,539.7291667000002,0.700543527,0.88483924
720,539.8020832999998,0.707785656,0.8414492
721,539.875,0.70800124,0.7926126
722,539.9479167000002,0.711174497,0.79878825
723,540.0208332999998,0.7274185740000001,0.79164076
724,540.09375,0.741230305,0.78331715
725,540.1666667000002,0.73235349,0.81554514
726,540.2395832999998,0.710929389,0.8217042
727,540.3125,0.6839012740000001,0.78297085
728,540.3854167000002,0.646610886,0.743238
729,540.4583332999998,0.603959037,0.6555009
730,540.53125,0.570946204,0.65124404
731,540.6041667000002,0.5594946439999999,0.6572611
732,540.6770832999998,0.56809383,0.6619777
733,540.75,0.585017965,0.661149
734,540.8229167000002,0.597641004,0.6592074
735,540.8958332999998,0.602932499,0.6615731
736,540.96875,0.607433145,0.66488564
737,541.0416667000002,0.615487309,0.66767544
738,541.1145832999998,0.624175167,0.66842234
739,541.1875,0.631238553,0.66917557
740,541.2604167000002,0.633899732,0.6689628
741,541.3333332999998,0.630236321,0.66745746
742,541.40625,0.620726735,0.666698
743,541.4791667000002,0.607019242,0.6776039
744,541.5520832999998,0.5947420529999999,0.68248457
745,541.625,0.5917159439999999,0.68268317
746,541.6979167000002,0.599189914,0.6814157
747,541.7708332999998,0.61531067,0.6829216
748,541.84375,0.640265295,0.68452424
749,541.9166667000002,0.674419068,0.6872986
750,541.9895832999998,0.7183497320000001,0.6904659
751,542.0625,0.773129728,0.6950657
752,542.1354167000002,0.8379663990000001,0.7005471
753,542.2083332999998,0.8842556020000001,0.7100956
754,542.28125,0.8945824059999999,0.7222301
755,542.3541667000002,0.874128615,0.72899604
756,542.4270832999998,0.8299103580000001,0.7082746
757,542.5,0.7772738869999999,0.6850986
758,542.5729167000002,0.7427800840000001,0.68896866
759,542.6458332999998,0.7386246390000001,0.69400996
760,542.71875,0.7506890359999999,0.7024271
761,542.7916667000002,0.7637601649999999,0.70660543
762,542.8645832999998,0.774380689,0.70137453
763,542.9375,0.7834571459999999,0.7094418
764,543.0104167000002,0.8026473120000001,0.7078669
765,543.0833332999998,0.821248943,0.7129602
766,543.15625,0.819828075,0.73015213
767,543.2291667000002,0.80104858,0.75735855
768,543.3020832999998,0.774625424,0.7885034
769,543.375,0.744281585,0.8311419
770,543.4479167000002,0.7130888209999999,0.7078657
771,543.5208332999998,0.6836000590000001,0.6828896
772,543.59375,0.663393645,0.6983564
773,543.6666667000002,0.6646912389999999,0.7208655
774,543.7395832999998,0.687475526,0.7545758
775,543.8125,0.7202830809999999,0.74139285
776,543.8854167000002,0.7505296120000001,0.7355702
777,543.9583332999998,0.779254916,0.780729
778,544.03125,0.8318097580000001,0.803537
779,544.1041667000002,0.897922215,0.84923464
780,544.1770832999998,0.93920473,0.8936293
781,544.25,0.934748507,1.0119627
782,544.3229167000002,0.902949472,1.01559
783,544.3958332999998,0.847256885,1.0170207
784,544.46875,0.7723775679999999,0.7925133
785,544.5416667000002,0.717159111,0.7640096
786,544.6145832999998,0.699978828,0.78294665
787,544.6875,0.7036291729999999,0.78003746
788,544.7604167000002,0.7037724559999999,0.75554323
789,544.8333332999998,0.689381551,0.7066707
790,544.90625,0.664693429,0.7037034
791,544.9791667000002,0.6472248660000001,0.7307686
792,545.0520832999998,0.649459776,0.7466187
793,545.125,0.660440314,0.76423997
794,545.1979167000002,0.664301204,0.7655576
795,545.2708332999998,0.6515484260000001,0.78242075
796,545.34375,0.628269333,0.7562463
797,545.4166667000002,0.600294923,0.7119957
798,545.4895832999998,0.571346101,0.65496767
799,545.5625,0.551567743,0.66883737
800,545.6354167000002,0.548573855,0.6769078
801,545.7083332999998,0.556092064,0.69350195
802,545.78125,0.5642583320000001,0.68555415
803,545.8541667000002,0.569756167,0.66615856
804,545.9270832999998,0.569880311,0.66576415
805,546.0,0.5698326220000001,0.6653276
806,546.0729167000002,0.571247463,0.6668902
807,546.1458332999998,0.572177308,0.6789937
808,546.21875,0.572292692,0.6737459
809,546.2916667000002,0.57003902,0.66639084
810,546.3645832999998,0.562677168,0.6625736
811,546.4375,0.550147458,0.6486469
812,546.5104167000002,0.537188929,0.65209883
813,546.5833332999998,0.532221976,0.656288
814,546.65625,0.5396318689999999,0.664615
815,546.7291667000002,0.555399431,0.6815757
816,546.8020832999998,0.577056886,0.680653
817,546.875,0.598201665,0.6756513
818,546.9479167000002,0.616138349,0.68380386
819,547.0208332999998,0.637626947,0.6881238
820,547.09375,0.661876875,0.68964285
821,547.1666667000002,0.6764523159999999,0.6932719
822,547.2395832999998,0.675170754,0.7077173
823,547.3125,0.66481974,0.7096344
824,547.3854167000002,0.6492170820000001,0.70985407
825,547.4583332999998,0.6278448520000001,0.67586267
826,547.53125,0.611863826,0.6743719
827,547.6041667000002,0.615245206,0.6783629
828,547.6770832999998,0.633807598,0.6861666
829,547.75,0.65341337,0.69212437
830,547.8229167000002,0.67080893,0.6842023
831,547.8958332999998,0.681048476,0.68952763
832,547.96875,0.6965321,0.6938387
833,548.0416667000002,0.726656848,0.70967007
834,548.1145832999998,0.7613763749999999,0.7549216
835,548.1875,0.8016612749999998,0.7899324
836,548.2604167000002,0.834870588,0.7934281
837,548.3333332999998,0.828342384,0.82083213
838,548.40625,0.7829356340000001,0.783293
839,548.4791667000002,0.725652518,0.68534213
840,548.5520832999998,0.683638777,0.68691576
841,548.625,0.673578296,0.6965205
842,548.6979167000002,0.686752617,0.70505327
843,548.7708332999998,0.705246536,0.69922
844,548.84375,0.7144913890000001,0.687112
845,548.9166667000002,0.712465007,0.68895936
846,548.9895832999998,0.7138181020000001,0.7010495
847,549.0625,0.73136352,0.7102821
848,549.1354167000002,0.7603862970000002,0.7128271
849,549.2083332999998,0.7753485940000001,0.7195257
850,549.28125,0.763524967,0.7189453
851,549.3541667000002,0.733016546,0.71741533
852,549.4270832999998,0.693557509,0.6872618
853,549.5,0.654156108,0.6758351
854,549.5729167000002,0.6279255020000001,0.68110275
855,549.6458332999998,0.6259566639999999,0.6846502
856,549.71875,0.642256298,0.6858246
857,549.7916667000002,0.659161029,0.68696964
858,549.8645832999998,0.666794666,0.68681663
859,549.9375,0.679145349,0.69284946
860,550.0104167000002,0.706564304,0.70036787
861,550.0833332999998,0.7448135490000001,0.7156622
862,550.15625,0.780445844,0.7392459
863,550.2291667000002,0.805967878,0.74036217
864,550.3020832999998,0.806185988,0.7480782
865,550.375,0.776785148,0.7514223
866,550.4479167000002,0.7318017059999998,0.6833651
867,550.5208332999998,0.687359545,0.6786536
868,550.59375,0.66108825,0.68619883
869,550.6666667000002,0.662739462,0.692905
870,550.7395832999998,0.6801122820000001,0.717205
871,550.8125,0.701683196,0.70863163
872,550.8854167000002,0.725252163,0.6963487
873,550.9583332999998,0.7406824590000002,0.7248619
874,551.03125,0.768475604,0.75805414
875,551.1041667000002,0.817944612,0.7705893
876,551.1770832999998,0.856446024,0.80503124
877,551.25,0.856318887,0.8181516
878,551.3229167000002,0.821696855,0.8263384
879,551.3958332999998,0.76518611,0.87908
880,551.46875,0.709152529,0.7407469
881,551.5416667000002,0.678973666,0.74592966
882,551.6145832999998,0.681820595,0.7587581
883,551.6875,0.699091426,0.77029234
884,551.7604167000002,0.707349372,0.7985778
885,551.8333332999998,0.7052545240000001,0.7619637
886,551.90625,0.7020255390000001,0.7383668
887,551.9791667000002,0.6969689790000001,0.7223997
888,552.0520832999998,0.6884353959999999,0.7083879
889,552.125,0.672970155,0.72274685
890,552.1979167000002,0.654128621,0.75185883
891,552.2708332999998,0.637966397,0.7508192
892,552.34375,0.623070653,0.7608466
893,552.4166667000002,0.6057173779999999,0.73327816
894,552.4895832999998,0.587626615,0.6662343
895,552.5625,0.5737565570000001,0.66943324
896,552.6354167000002,0.568028118,0.66743875
897,552.7083332999998,0.568299165,0.66566294
898,552.78125,0.568949399,0.6693546
899,552.8541667000002,0.56746808,0.66687524
900,552.9270832999998,0.567192678,0.66948605
901,553.0,0.5698933279999999,0.674002
902,553.0729167000002,0.575116201,0.6765332
903,553.1458332999998,0.581293333,0.68198866
904,553.21875,0.58557938,0.6895958
905,553.2916667000002,0.586689448,0.6935447
906,553.3645832999998,0.58440246,0.695687
907,553.4375,0.578340802,0.6710944
908,553.5104167000002,0.569418467,0.66983485
909,553.5833332999998,0.562674575,0.6719835
910,553.65625,0.563942123,0.6744649
911,553.7291667000002,0.573444748,0.6774972
912,553.8020832999998,0.586651723,0.6786061
913,553.875,0.6009773629999999,0.676644
914,553.9479167000002,0.615779265,0.68200713
915,554.0208332999998,0.6349666429999999,0.68551666
916,554.09375,0.661591177,0.68602145
917,554.1666667000002,0.6837320579999999,0.6917628
918,554.2395832999998,0.6909901959999999,0.70160484
919,554.3125,0.6889545709999999,0.7104858
920,554.3854167000002,0.680792264,0.7175368
921,554.4583332999998,0.666331943,0.6799105
922,554.53125,0.651011036,0.6775387
923,554.6041667000002,0.6495794220000001,0.6819862
924,554.6770832999998,0.666467625,0.6859073
925,554.75,0.6890152740000001,0.6863906
926,554.8229167000002,0.705380221,0.68209076
927,554.8958332999998,0.710434885,0.6842294
928,554.96875,0.711354988,0.68983954
929,555.0416667000002,0.72882075,0.6931271
930,555.1145832999998,0.7649923009999998,0.7003543
931,555.1875,0.7952781040000001,0.707359
932,555.2604167000002,0.804755983,0.7123547
933,555.3333332999998,0.789536226,0.718747
934,555.40625,0.755917785,0.71166635
935,555.4791667000002,0.7155588559999999,0.68150944
936,555.5520832999998,0.68253235,0.684812
937,555.625,0.668380845,0.6893904
938,555.6979167000002,0.6731594470000001,0.6919172
939,555.7708332999998,0.6892600809999999,0.69439346
940,555.84375,0.704675993,0.693708
941,555.9166667000002,0.723531605,0.70398164
942,555.9895832999998,0.771706618,0.7046547
943,556.0625,0.837958098,0.7106575
944,556.1354167000002,0.884464707,0.7177335
945,556.2083332999998,0.8960443629999999,0.73311895
946,556.28125,0.879747605,0.75287545
947,556.3541667000002,0.8446539740000001,0.7920657
948,556.4270832999998,0.8006210640000001,0.7386974
949,556.5,0.7553442560000001,0.6930348
950,556.5729167000002,0.7256742359999999,0.72124904
951,556.6458332999998,0.7423294020000002,0.73583496
952,556.71875,0.791131106,0.7360036
953,556.7916667000002,0.8238511439999999,0.7211656
954,556.8645832999998,0.8193497110000001,0.69397724
955,556.9375,0.789361091,0.702101
956,557.0104167000002,0.765010702,0.7232884
957,557.0833332999998,0.771514343,0.7355787
958,557.15625,0.792320028,0.7481786
959,557.2291667000002,0.7983097650000001,0.76166606
960,557.3020832999998,0.779032066,0.7776885
961,557.375,0.743151226,0.7981585
962,557.4479167000002,0.702049112,0.7022587
963,557.5208332999998,0.6672863410000001,0.67907315
964,557.59375,0.648286234,0.68541026
965,557.6666667000002,0.647173181,0.69203734
966,557.7395832999998,0.654282637,0.6975113
967,557.8125,0.661723525,0.68427235
968,557.8854167000002,0.664951761,0.68022656
969,557.9583332999998,0.66632009,0.69308984
970,558.03125,0.6787344129999999,0.70276016
971,558.1041667000002,0.70542627,0.71333563
972,558.1770832999998,0.7296502609999999,0.74779975
973,558.25,0.74108053,0.7666262
974,558.3229167000002,0.7396446359999999,0.76511246
975,558.3958332999998,0.722777459,0.7599204
976,558.46875,0.693329821,0.6811718
977,558.5416667000002,0.664547086,0.6763667
978,558.6145832999998,0.648016406,0.6845805
979,558.6875,0.6450915070000001,0.68648684
980,558.7604167000002,0.648446419,0.68614405
981,558.8333332999998,0.6496001029999999,0.6784822
982,558.90625,0.645863187,0.6797138
983,558.9791667000002,0.641772335,0.6832294
984,559.0520832999998,0.642773109,0.6891236
985,559.125,0.648825643,0.7012545
986,559.1979167000002,0.656089254,0.7074761
987,559.2708332999998,0.658953541,0.7172872
988,559.34375,0.653864201,0.7181428
989,559.4166667000002,0.641206944,0.6945367
990,559.4895832999998,0.622372119,0.6747123
991,559.5625,0.604476409,0.6790588
992,559.6354167000002,0.597746465,0.6881804
993,559.7083332999998,0.601978103,0.7078197
994,559.78125,0.611242606,0.7086049
995,559.8541667000002,0.620721889,0.68771434
996,559.9270832999998,0.624118452,0.6964298
997,560.0,0.625939783,0.69368076
998,560.0729167000002,0.629935654,0.69779426
999,560.1458332999998,0.631734374,0.70593953
1000,560.21875,0.629472355,0.71879077
1001,560.2916667000002,0.623530713,0.73231786
1002,560.3645832999998,0.614100551,0.742556
1003,560.4375,0.601209478,0.6951855
1004,560.5104167000002,0.587177288,0.6696683
1005,560.5833332999998,0.5778754220000001,0.6739649
1006,560.65625,0.578261801,0.67780197
1007,560.7291667000002,0.585864555,0.6852363
1008,560.8020832999998,0.59517979,0.6839561
1009,560.875,0.603842925,0.6822556
1010,560.9479167000002,0.614733845,0.68784755
1011,561.0208332999998,0.633235034,0.6973529
1012,561.09375,0.657759454,0.7071671
1013,561.1666667000002,0.682192192,0.7117524
1014,561.2395832999998,0.696284412,0.7128769
1015,561.3125,0.693913087,0.7119285
1016,561.3854167000002,0.677132689,0.70726216
1017,561.4583332999998,0.652092186,0.6803947
1018,561.53125,0.629115414,0.6815552
1019,561.6041667000002,0.61811134,0.68379337
1020,561.6770832999998,0.621435545,0.68573064
1021,561.75,0.634350699,0.6876235
1022,561.8229167000002,0.652084639,0.685434
1023,561.8958332999998,0.6675259920000001,0.6865212
1024,561.96875,0.683749959,0.6912506
1025,562.0416667000002,0.713003409,0.69873434
1026,562.1145832999998,0.753780841,0.7094211
1027,562.1875,0.7924532029999999,0.7222621
1028,562.2604167000002,0.813728819,0.72766626
1029,562.3333332999998,0.8070759259999999,0.7342703
1030,562.40625,0.771818542,0.73986983
1031,562.4791667000002,0.7257029220000001,0.69566226
1032,562.5520832999998,0.703272327,0.7006045
1033,562.625,0.7253571479999998,0.7069046
1034,562.6979167000002,0.769091922,0.704892
1035,562.7708332999998,0.79584447,0.7078954
1036,562.84375,0.797240524,0.6979827
1037,562.9166667000002,0.791770889,0.703607
1038,562.9895832999998,0.800172372,0.70628655
1039,563.0625,0.8241007990000001,0.7111868
1040,563.1354167000002,0.845360981,0.7104426
1041,563.2083332999998,0.8457689340000001,0.71505535
1042,563.28125,0.817098661,0.7294139
1043,563.3541667000002,0.771199237,0.7852078
1044,563.4270832999998,0.7303885640000001,0.76435477
1045,563.5,0.7060928209999999,0.69342047
1046,563.5729167000002,0.696567206,0.707676
1047,563.6458332999998,0.7056221709999999,0.71770954
1048,563.71875,0.728410688,0.7385764
1049,563.7916667000002,0.74967811,0.7191107
1050,563.8645832999998,0.756456683,0.7037163
1051,563.9375,0.750804156,0.74787223
1052,564.0104167000002,0.7743952409999999,0.74050397
1053,564.0833332999998,0.8240081090000001,0.7372753
1054,564.15625,0.8479847379999998,0.73880774
1055,564.2291667000002,0.832879259,0.74014467
1056,564.3020832999998,0.792113118,0.7546114
1057,564.375,0.742665247,0.77928984
1058,564.4479167000002,0.696614098,0.69819725
1059,564.5208332999998,0.662624925,0.67640746
1060,564.59375,0.6463273,0.68028826
1061,564.6666667000002,0.6461055689999999,0.6812116
1062,564.7395832999998,0.650878215,0.6844906
1063,564.8125,0.652649647,0.6796369
1064,564.8854167000002,0.651981734,0.67670465
1065,564.9583332999998,0.653099571,0.6806526
1066,565.03125,0.660573938,0.6800987
1067,565.1041667000002,0.67055913,0.6828434
1068,565.1770832999998,0.676348552,0.6847885
1069,565.25,0.6764970440000001,0.6864877
1070,565.3229167000002,0.670868488,0.69146013
1071,565.3958332999998,0.660413094,0.6925123
1072,565.46875,0.647250478,0.6777888
1073,565.5416667000002,0.634881202,0.68133396
1074,565.6145832999998,0.6281419189999999,0.6832758
1075,565.6875,0.629335787,0.6849486
1076,565.7604167000002,0.636211022,0.686547
1077,565.8333332999998,0.645507189,0.6855744
1078,565.90625,0.652550421,0.68766093
1079,565.9791667000002,0.658452155,0.6919386
1080,566.0520832999998,0.668469711,0.6957725
1081,566.125,0.6832043459999999,0.69852996
1082,566.1979167000002,0.695025855,0.703946
1083,566.2708332999998,0.6961764309999999,0.7178083
1084,566.34375,0.686826467,0.7435142
1085,566.4166667000002,0.672013512,0.73902714
1086,566.4895832999998,0.656054983,0.6973657
1087,566.5625,0.6466383960000001,0.71528304
1088,566.6354167000002,0.653543299,0.7291548
1089,566.7083332999998,0.672484002,0.72172713
1090,566.78125,0.683571919,0.72230995
1091,566.8541667000002,0.676407331,0.71396446
1092,566.9270832999998,0.6639786360000001,0.7357657
1093,567.0,0.662814604,0.74386597
1094,567.0729167000002,0.6739039029999999,0.7614282
1095,567.1458332999998,0.680383156,0.8049424
1096,567.21875,0.6782874609999999,0.8503117
1097,567.2916667000002,0.669481069,0.8812427
1098,567.3645832999998,0.651566689,0.91254395
1099,567.4375,0.6253005779999999,0.80478984
1100,567.5104167000002,0.600139255,0.72576237
1101,567.5833332999998,0.591666096,0.7560782
1102,567.65625,0.60414785,0.77134717
1103,567.7291667000002,0.6249267620000001,0.79996616
1104,567.8020832999998,0.6405027560000001,0.8576662
1105,567.875,0.667293289,0.8727715
1106,567.9479167000002,0.7253421430000001,0.8733191
1107,568.0208332999998,0.794030694,0.9082226
1108,568.09375,0.8460535220000001,0.9140126
1109,568.1666667000002,0.866662085,0.9021951
1110,568.2395832999998,0.8396166699999998,0.945635
1111,568.3125,0.782323224,1.007655
1112,568.3854167000002,0.7260084710000001,1.0183483
1113,568.4583332999998,0.67563176,0.75965744
1114,568.53125,0.637756653,0.72335446
1115,568.6041667000002,0.628259496,0.73766816
1116,568.6770832999998,0.643075042,0.7466473
1117,568.75,0.662682578,0.73553526
1118,568.8229167000002,0.6702327610000001,0.6921008
1119,568.8958332999998,0.661697457,0.68031013
1120,568.96875,0.650047599,0.6936397
1121,569.0416667000002,0.6538162710000001,0.6944253
1122,569.1145832999998,0.66882095,0.69887275
1123,569.1875,0.6758890879999999,0.71195
1124,569.2604167000002,0.672685148,0.7159107
1125,569.3333332999998,0.660996967,0.704931
1126,569.40625,0.640236305,0.6883158
1127,569.4791667000002,0.614206966,0.6629022
1128,569.5520832999998,0.594816158,0.6651508
1129,569.625,0.590721826,0.66847754
1130,569.6979167000002,0.599128665,0.67158663
1131,569.7708332999998,0.611921364,0.67458093
1132,569.84375,0.624161957,0.67607844
1133,569.9166667000002,0.633719965,0.67894006
1134,569.9895832999998,0.651950732,0.68253547
1135,570.0625,0.687846831,0.6853688
1136,570.1354167000002,0.723026556,0.6930366
1137,570.2083332999998,0.747239405,0.6963644
1138,570.28125,0.755470993,0.7037756
1139,570.3541667000002,0.7419816340000001,0.70992184
1140,570.4270832999998,0.713835943,0.69033825
1141,570.5,0.6830896040000001,0.6755245
1142,570.5729167000002,0.661384645,0.6769902
1143,570.6458332999998,0.653197313,0.6789946
1144,570.71875,0.655501812,0.6813095
1145,570.7916667000002,0.6630915629999999,0.6818384
1146,570.8645832999998,0.6725729490000001,0.6797916
1147,570.9375,0.682862803,0.68231356
1148,571.0104167000002,0.699025734,0.6848706
1149,571.0833332999998,0.722842246,0.685079
1150,571.15625,0.7415387069999999,0.68580806
1151,571.2291667000002,0.74357982,0.6869395
1152,571.3020832999998,0.729783168,0.68754244
1153,571.375,0.7052655179999999,0.68848133
1154,571.4479167000002,0.6756642759999999,0.67655224
1155,571.5208332999998,0.650840151,0.67244
1156,571.59375,0.640200832,0.6743965
1157,571.6666667000002,0.643869854,0.67674196
1158,571.7395832999998,0.654452478,0.6783967
1159,571.8125,0.667510875,0.6750806
1160,571.8854167000002,0.676487023,0.67742014
1161,571.9583332999998,0.681217266,0.6800242
1162,572.03125,0.6872858959999999,0.68194604
1163,572.1041667000002,0.693849543,0.6821128
1164,572.1770832999998,0.697117945,0.68246716
1165,572.25,0.6950641540000001,0.68451554
1166,572.3229167000002,0.688588997,0.6861116
1167,572.3958332999998,0.678959911,0.69096947
1168,572.46875,0.666833379,0.6797018
1169,572.5416667000002,0.6573042410000001,0.68210495
1170,572.6145832999998,0.655632312,0.68442506
1171,572.6875,0.660844941,0.6856775
1172,572.7604167000002,0.667793493,0.687333
1173,572.8333332999998,0.6712598240000001,0.68939143
1174,572.90625,0.669171589,0.6909056
1175,572.9791667000002,0.6730245709999999,0.69661397
1176,573.0520832999998,0.695199764,0.6994505
1177,573.125,0.7263924620000001,0.69988286
1178,573.1979167000002,0.7463053059999999,0.7006115
1179,573.2708332999998,0.744866935,0.70267373
1180,573.34375,0.7253900539999999,0.7102715
1181,573.4166667000002,0.697082667,0.70849293
1182,573.4895832999998,0.668388799,0.6835957
1183,573.5625,0.6469064370000001,0.68953943
1184,573.6354167000002,0.6404829679999999,0.70112836
1185,573.7083332999998,0.650921034,0.71000606
1186,573.78125,0.665649453,0.7300764
1187,573.8541667000002,0.675117601,0.7274166
1188,573.9270832999998,0.68545297,0.7175247
1189,574.0,0.695483785,0.72667307
1190,574.0729167000002,0.698168674,0.7421988
1191,574.1458332999998,0.6945454090000001,0.7667559
1192,574.21875,0.686706557,0.77949715
1193,574.2916667000002,0.673384368,0.77894557
1194,574.3645832999998,0.652648051,0.7766706
1195,574.4375,0.625758275,0.7053793
1196,574.5104167000002,0.599590915,0.67729986
1197,574.5833332999998,0.582961246,0.6828309
1198,574.65625,0.58080328,0.6926572
1199,574.7291667000002,0.5891650310000001,0.7036892
1200,574.8020832999998,0.601523355,0.71202475
1201,574.875,0.6156705729999999,0.7034203
1202,574.9479167000002,0.635126952,0.7170061
1203,575.0208332999998,0.6622357729999999,0.7447387
1204,575.09375,0.7004012190000001,0.78401566
1205,575.1666667000002,0.7440956559999999,0.8079502
1206,575.2395832999998,0.7697184229999998,0.80667627
1207,575.3125,0.762060999,0.80326533
1208,575.3854167000002,0.724819071,0.81219274
1209,575.4583332999998,0.6776568820000001,0.708255
1210,575.53125,0.64454036,0.68986773
1211,575.6041667000002,0.638958539,0.7085562
1212,575.6770832999998,0.6580650579999999,0.7073475
1213,575.75,0.68308863,0.7099476
1214,575.8229167000002,0.69621112,0.6983528
1215,575.8958332999998,0.6980039920000001,0.7102899
1216,575.96875,0.71394249,0.720122
1217,576.0416667000002,0.7525626529999999,0.71265274
1218,576.1145832999998,0.7812141029999999,0.7202836
1219,576.1875,0.7796802290000001,0.7439999
1220,576.2604167000002,0.759931701,0.7860736
1221,576.3333332999998,0.737004741,0.8077091
1222,576.40625,0.7125602459999999,0.76986605
1223,576.4791667000002,0.6813099109999999,0.6848395
1224,576.5520832999998,0.652311391,0.6866263
1225,576.625,0.64427582,0.698148
1226,576.6979167000002,0.658911591,0.7001963
1227,576.7708332999998,0.679569663,0.70308346
1228,576.84375,0.694107558,0.6954266
1229,576.9166667000002,0.706757489,0.70896673
1230,576.9895832999998,0.7412505800000001,0.72683483
1231,577.0625,0.8035783120000001,0.7414774
1232,577.1354167000002,0.8654279040000001,0.74846375
1233,577.2083332999998,0.8893606000000001,0.7645521
1234,577.28125,0.86729478,0.79934967
1235,577.3541667000002,0.821098488,0.8102316
1236,577.4270832999998,0.764918975,0.7567305
1237,577.5,0.7114588820000001,0.6893076
1238,577.5729167000002,0.680058743,0.69379866
1239,577.6458332999998,0.67500474,0.69902617
1240,577.71875,0.681407764,0.69890153
1241,577.7916667000002,0.6857462679999999,0.6939794
1242,577.8645832999998,0.682689579,0.6829801
1243,577.9375,0.6764100479999999,0.68520045
1244,578.0104167000002,0.674204059,0.7011234
1245,578.0833332999998,0.686301807,0.71432394
1246,578.15625,0.711817968,0.713401
1247,578.2291667000002,0.727527101,0.7153716
1248,578.3020832999998,0.7199290340000002,0.72634065
1249,578.375,0.696040276,0.73648024
1250,578.4479167000002,0.667870676,0.6808609
1251,578.5208332999998,0.6439670820000001,0.6701755
1252,578.59375,0.629775416,0.67341435
1253,578.6666667000002,0.628052721,0.67917496
1254,578.7395832999998,0.63703404,0.681037
1255,578.8125,0.649595653,0.6798352
1256,578.8854167000002,0.658695897,0.6814992
1257,578.9583332999998,0.6723161009999999,0.68544084
1258,579.03125,0.6970141790000001,0.6906799
1259,579.1041667000002,0.7243958899999999,0.69809645
1260,579.1770832999998,0.7443808780000001,0.7031476
1261,579.25,0.749219609,0.7098973
1262,579.3229167000002,0.7376454440000001,0.72015023
1263,579.3958332999998,0.71607768,0.70556366
1264,579.46875,0.689653973,0.6716774
1265,579.5416667000002,0.663900775,0.67177176
1266,579.6145832999998,0.6463818889999999,0.6739104
1267,579.6875,0.639817855,0.67465085
1268,579.7604167000002,0.639981994,0.6785762
1269,579.8333332999998,0.642135045,0.6768641
1270,579.90625,0.644539696,0.67687273
1271,579.9791667000002,0.6486754889999999,0.6775319
1272,580.0520832999998,0.6540726139999999,0.6797366
1273,580.125,0.65797233,0.68640816
1274,580.1979167000002,0.6618887170000001,0.6922353
1275,580.2708332999998,0.66397398,0.69615185
1276,580.34375,0.660572206,0.6952243
1277,580.4166667000002,0.649454058,0.69135284
1278,580.4895832999998,0.63247277,0.671412
1279,580.5625,0.616758578,0.6728088
1280,580.6354167000002,0.60811141,0.67581487
1281,580.7083332999998,0.606724555,0.6778037
1282,580.78125,0.607804526,0.6793521
1283,580.8541667000002,0.608563503,0.6767896
1284,580.9270832999998,0.609647881,0.67956483
1285,581.0,0.6114493329999999,0.6800315
1286,581.0729167000002,0.614175362,0.6819634
1287,581.1458332999998,0.6162948629999999,0.6832932
1288,581.21875,0.616024231,0.6869971
1289,581.2916667000002,0.612753722,0.6984598
1290,581.3645832999998,0.608107551,0.7048364
1291,581.4375,0.6032781070000001,0.684483
1292,581.5104167000002,0.59719704,0.6871447
1293,581.5833332999998,0.590378913,0.688138
1294,581.65625,0.588004509,0.6884157
1295,581.7291667000002,0.594629149,0.69100404
1296,581.8020832999998,0.608728594,0.69091207
1297,581.875,0.6244285970000001,0.6925815
1298,581.9479167000002,0.637225,0.69511306
1299,582.0208332999998,0.659943916,0.6968705
1300,582.09375,0.693749705,0.7030074
1301,582.1666667000002,0.729272035,0.712672
1302,582.2395832999998,0.759928844,0.742776
1303,582.3125,0.77991321,0.8050323
1304,582.3854167000002,0.7992946290000001,0.81926626
1305,582.4583332999998,0.8045471089999999,0.72451293
1306,582.53125,0.7915989090000001,0.7187386
1307,582.6041667000002,0.8085377840000002,0.7518437
1308,582.6770832999998,0.878594518,0.7539676
1309,582.75,0.944064055,0.77160823
1310,582.8229167000002,0.96276278,0.77019083
1311,582.8958332999998,0.969660574,0.7790465
1312,582.96875,1.013349884,0.7780921
1313,583.0416667000002,1.070757591,0.78884274
1314,583.1145832999998,1.096783618,0.7794669
1315,583.1875,1.068834421,0.78845036
1316,583.2604167000002,0.989822599,0.79636633
1317,583.3333332999998,0.8877908990000001,0.83816534
1318,583.40625,0.79176187,0.82923925
1319,583.4791667000002,0.717793015,0.68828964
1320,583.5520832999998,0.671036387,0.6872963
1321,583.625,0.651943729,0.68913865
1322,583.6979167000002,0.650520894,0.68437624
1323,583.7708332999998,0.650999707,0.6863283
1324,583.84375,0.64714514,0.67815274
1325,583.9166667000002,0.642990319,0.6839714
1326,583.9895832999998,0.644942931,0.69121766
1327,584.0625,0.660867373,0.691669
1328,584.1354167000002,0.681610772,0.69789
1329,584.2083332999998,0.69358589,0.6996573
1330,584.28125,0.694640705,0.69944036
1331,584.3541667000002,0.684821802,0.69808567
1332,584.4270832999998,0.666092156,0.6843648
1333,584.5,0.6431540729999999,0.6830237
1334,584.5729167000002,0.625762508,0.68384445
1335,584.6458332999998,0.623574844,0.6860464
1336,584.71875,0.634866468,0.68769735
1337,584.7916667000002,0.647932981,0.6881019
1338,584.8645832999998,0.6576441999999999,0.6877178
1339,584.9375,0.671431496,0.69903725
1340,585.0104167000002,0.714409408,0.7171551
1341,585.0833332999998,0.796766413,0.72417814
1342,585.15625,0.877027745,0.7282246
1343,585.2291667000002,0.909789494,0.7335932
1344,585.3020832999998,0.8890687629999999,0.7390153
1345,585.375,0.837001046,0.7358001
1346,585.4479167000002,0.7735913529999999,0.68696624
1347,585.5208332999998,0.716784471,0.6808512
1348,585.59375,0.683275363,0.68762594
1349,585.6666667000002,0.680693502,0.69719803
1350,585.7395832999998,0.699473633,0.7116466
1351,585.8125,0.723936495,0.6963213
1352,585.8854167000002,0.740664627,0.68647116
1353,585.9583332999998,0.744779113,0.6970309
1354,586.03125,0.7519923559999998,0.72138405
1355,586.1041667000002,0.776069942,0.74007213
1356,586.1770832999998,0.8046401679999999,0.7607744
1357,586.25,0.813040215,0.7706036
1358,586.3229167000002,0.7941663769999999,0.7752324
1359,586.3958332999998,0.755251077,0.74929595
1360,586.46875,0.7068326540000001,0.6837975
1361,586.5416667000002,0.667303919,0.68742335
1362,586.6145832999998,0.652992485,0.6906988
1363,586.6875,0.658780594,0.6928201
1364,586.7604167000002,0.666162135,0.68596584
1365,586.8333332999998,0.665835325,0.67457604
1366,586.90625,0.656959749,0.6750409
1367,586.9791667000002,0.646098961,0.67786986
1368,587.0520832999998,0.640724238,0.6818866
1369,587.125,0.641680887,0.68310606
1370,587.1979167000002,0.643561948,0.6863588
1371,587.2708332999998,0.641480583,0.68684894
1372,587.34375,0.6345664529999999,0.68636733
1373,587.4166667000002,0.622689641,0.6816877
1374,587.4895832999998,0.607302421,0.6731895
1375,587.5625,0.593736954,0.6739183
1376,587.6354167000002,0.587554796,0.67599905
1377,587.7083332999998,0.588256908,0.67840993
1378,587.78125,0.591447934,0.6808808
1379,587.8541667000002,0.594827998,0.6792509
1380,587.9270832999998,0.597717484,0.68154866
1381,588.0,0.602146604,0.6845827
1382,588.0729167000002,0.609190343,0.68867064
1383,588.1458332999998,0.617720687,0.69491684
1384,588.21875,0.625354988,0.7019291
1385,588.2916667000002,0.6287547720000001,0.7084833
1386,588.3645832999998,0.625939435,0.71181095
1387,588.4375,0.615815931,0.6955017
1388,588.5104167000002,0.603156966,0.6769795
1389,588.5833332999998,0.59743648,0.67885226
1390,588.65625,0.601794307,0.6827892
1391,588.7291667000002,0.612495133,0.6915159
1392,588.8020832999998,0.625481459,0.6957319
1393,588.875,0.641990714,0.6892456
1394,588.9479167000002,0.661486404,0.70015895
1395,589.0208332999998,0.690133783,0.7109611
1396,589.09375,0.732383468,0.7190568
1397,589.1666667000002,0.769285367,0.72476035
1398,589.2395832999998,0.781329224,0.73070836
1399,589.3125,0.765689319,0.74356204
1400,589.3854167000002,0.732772263,0.7437145
1401,589.4583332999998,0.695574887,0.68859065
1402,589.53125,0.665330734,0.68050015
1403,589.6041667000002,0.648786321,0.6821341
1404,589.6770832999998,0.645174657,0.68361443
1405,589.75,0.650516945,0.690583
1406,589.8229167000002,0.6649854829999999,0.68791443
1407,589.8958332999998,0.688380468,0.6860361
1408,589.96875,0.717996917,0.6870455
1409,590.0416667000002,0.7484512270000001,0.69490683
1410,590.1145832999998,0.7787931440000001,0.712673
1411,590.1875,0.811492997,0.7256808
1412,590.2604167000002,0.8335246479999999,0.73584455
1413,590.3333332999998,0.825094743,0.7517416
1414,590.40625,0.7873054809999999,0.7437767
1415,590.4791667000002,0.7402387840000001,0.68332905
1416,590.5520832999998,0.711392529,0.6781645
1417,590.625,0.7077289609999999,0.6809914
1418,590.6979167000002,0.71297883,0.68253404
1419,590.7708332999998,0.713734428,0.68381935
1420,590.84375,0.7073836020000001,0.6816598
1421,590.9166667000002,0.7027895540000001,0.68308336
1422,590.9895832999998,0.7083137409999999,0.68528014
1423,591.0625,0.722772737,0.6894947
1424,591.1354167000002,0.740015395,0.6947601
1425,591.2083332999998,0.757526328,0.6995625
1426,591.28125,0.7637695720000001,0.70120406
1427,591.3541667000002,0.75063838,0.7008607
1428,591.4270832999998,0.7210574470000001,0.6832341
1429,591.5,0.6846667329999999,0.6834395
1430,591.5729167000002,0.65375997,0.68492895
1431,591.6458332999998,0.6392560079999999,0.6851321
1432,591.71875,0.64382733,0.687818
1433,591.7916667000002,0.662459225,0.68728036
1434,591.8645832999998,0.681658891,0.68574846
1435,591.9375,0.694258777,0.6884465
1436,592.0104167000002,0.7080227859999999,0.69173044
1437,592.0833332999998,0.733205938,0.6948154
1438,592.15625,0.7608067969999999,0.69836897
1439,592.2291667000002,0.775855525,0.70034635
1440,592.3020832999998,0.770968835,0.70268494
1441,592.375,0.746787767,0.7189241
1442,592.4479167000002,0.711686858,0.6883925
1443,592.5208332999998,0.6830817709999999,0.68825203
1444,592.59375,0.684091971,0.7007168
1445,592.6666667000002,0.720555011,0.704396
1446,592.7395832999998,0.7580677990000001,0.7102321
1447,592.8125,0.774036187,0.69448996
1448,592.8854167000002,0.767906187,0.6924955
1449,592.9583332999998,0.758387885,0.70723784
1450,593.03125,0.770819621,0.71382844
1451,593.1041667000002,0.80074524,0.7181862
1452,593.1770832999998,0.819022934,0.7278276
1453,593.25,0.8096907459999999,0.7535981
1454,593.3229167000002,0.7834103659999999,0.7612136
1455,593.3958332999998,0.7491841299999998,0.74518055
1456,593.46875,0.709197895,0.6858059
1457,593.5416667000002,0.674506343,0.6837007
1458,593.6145832999998,0.658832427,0.6961017
1459,593.6875,0.6604945729999999,0.71431625
1460,593.7604167000002,0.669467907,0.71159476
1461,593.8333332999998,0.675836622,0.69164175
1462,593.90625,0.67268417,0.6877506
1463,593.9791667000002,0.665830555,0.68819165
1464,594.0520832999998,0.660954577,0.6940083
1465,594.125,0.658687238,0.6951843
1466,594.1979167000002,0.656073996,0.69989353
1467,594.2708332999998,0.649061117,0.7051483
1468,594.34375,0.637517397,0.72458667
1469,594.4166667000002,0.623358472,0.7099374
1470,594.4895832999998,0.608246275,0.68083084
1471,594.5625,0.596573285,0.6898746
1472,594.6354167000002,0.59689407,0.7052238
1473,594.7083332999998,0.606544724,0.7101254
1474,594.78125,0.617000027,0.7035173
1475,594.8541667000002,0.6202024389999999,0.6891296
1476,594.9270832999998,0.616482226,0.6954333
1477,595.0,0.6132146239999999,0.7077103
1478,595.0729167000002,0.6171427629999999,0.72553366
1479,595.1458332999998,0.625946844,0.77969444
1480,595.21875,0.634153387,0.8431344
1481,595.2916667000002,0.640741413,0.8628473
1482,595.3645832999998,0.6382932339999999,0.84990287
1483,595.4375,0.62108371,0.74692434
1484,595.5104167000002,0.5969120760000001,0.6879247
1485,595.5833332999998,0.583384915,0.71295506
1486,595.65625,0.5887223739999999,0.729424
1487,595.7291667000002,0.605620841,0.72351485
1488,595.8020832999998,0.618668081,0.7086407
1489,595.875,0.62071109,0.70296043
1490,595.9479167000002,0.623649802,0.72326094
1491,596.0208332999998,0.644107915,0.72306424
1492,596.09375,0.670541884,0.7224243
1493,596.1666667000002,0.685510395,0.7193232
1494,596.2395832999998,0.6827041909999999,0.7163239
1495,596.3125,0.66532783,0.719322
1496,596.3854167000002,0.641470939,0.7249605
1497,596.4583332999998,0.617538632,0.6751053
1498,596.53125,0.5980243829999999,0.67718565
1499,596.6041667000002,0.5888240929999999,0.6814464
1500,596.6770832999998,0.595028408,0.6846535
1501,596.75,0.610476293,0.6959683
1502,596.8229167000002,0.630643711,0.68645763
1503,596.8958332999998,0.651163711,0.6862348
1504,596.96875,0.668365015,0.68933874
1505,597.0416667000002,0.688374741,0.69474703
1506,597.1145832999998,0.715143643,0.71807814
1507,597.1875,0.7505236839999999,0.75224984
1508,597.2604167000002,0.792011611,0.77756214
1509,597.3333332999998,0.81432517,0.7989874
1510,597.40625,0.800756793,0.7857841
1511,597.4791667000002,0.7611773219999999,0.700835
1512,597.5520832999998,0.732102185,0.7133015
1513,597.625,0.749886591,0.73088133
1514,597.6979167000002,0.7996090270000001,0.7335131
1515,597.7708332999998,0.838633755,0.7419266
1516,597.84375,0.8512808009999999,0.71313435
1517,597.9166667000002,0.847504076,0.71724623
1518,597.9895832999998,0.848479247,0.718881
1519,598.0625,0.8607687709999998,0.72726935
1520,598.1354167000002,0.867538995,0.7411675
1521,598.2083332999998,0.858605293,0.76207495
1522,598.28125,0.8317794140000001,0.79327476
1523,598.3541667000002,0.7920723520000001,0.78983575
1524,598.4270832999998,0.74272428,0.7375174
1525,598.5,0.692169632,0.67993593
1526,598.5729167000002,0.656190869,0.68882126
1527,598.6458332999998,0.646190509,0.7038191
1528,598.71875,0.658752103,0.70732254
1529,598.7916667000002,0.676327173,0.6940608
1530,598.8645832999998,0.682128497,0.685329
1531,598.9375,0.678775605,0.68814373
1532,599.0104167000002,0.681534895,0.69349307
1533,599.0833332999998,0.6947161740000001,0.6956538
1534,599.15625,0.708627508,0.6991348
1535,599.2291667000002,0.712658683,0.6993747
1536,599.3020832999998,0.7034841159999999,0.70858544
1537,599.375,0.684371726,0.7137436
1538,599.4479167000002,0.661144601,0.67744017
1539,599.5208332999998,0.640450335,0.67345315
1540,599.59375,0.63296966,0.6767944
1541,599.6666667000002,0.642343727,0.67811066
1542,599.7395832999998,0.655508298,0.6854865
1543,599.8125,0.664239715,0.68176955
1544,599.8854167000002,0.671932662,0.6816429
1545,599.9583332999998,0.683103459,0.69036216
1546,600.03125,0.706668765,0.68812734
1547,600.1041667000002,0.734003697,0.69656205
1548,600.1770832999998,0.749775003,0.7091767
1549,600.25,0.7511381429999999,0.733158
1550,600.3229167000002,0.743190174,0.7346112
1551,600.3958332999998,0.726433797,0.7288265
1552,600.46875,0.6996208079999999,0.674988
1553,600.5416667000002,0.6721002070000001,0.67495203
1554,600.6145832999998,0.65516132,0.67829674
1555,600.6875,0.6517940010000001,0.6900898
1556,600.7604167000002,0.656160664,0.70073235
1557,600.8333332999998,0.664598244,0.6874477
1558,600.90625,0.671076717,0.6836668
1559,600.9791667000002,0.672461234,0.68388397
1560,601.0520832999998,0.6714092290000001,0.6831222
1561,601.125,0.6680433170000001,0.683685
1562,601.1979167000002,0.6606326770000001,0.6868842
1563,601.2708332999998,0.650031899,0.692044
1564,601.34375,0.637530331,0.69627136
1565,601.4166667000002,0.62312765,0.7061852
1566,601.4895832999998,0.608419726,0.6771132
1567,601.5625,0.599480296,0.6811148
1568,601.6354167000002,0.600626549,0.68334997
1569,601.7083332999998,0.608494851,0.686139
1570,601.78125,0.6144891729999999,0.69045264
1571,601.8541667000002,0.615315642,0.6868214
1572,601.9270832999998,0.615993145,0.68726623
1573,602.0,0.619517523,0.69050807
1574,602.0729167000002,0.6254094570000001,0.69710684
1575,602.1458332999998,0.631340158,0.70383674
1576,602.21875,0.634209659,0.704802
1577,602.2916667000002,0.63117306,0.7051378
1578,602.3645832999998,0.62077596,0.72312814
1579,602.4375,0.605099104,0.6889755
1580,602.5104167000002,0.590266755,0.67481744
1581,602.5833332999998,0.581939615,0.678027
1582,602.65625,0.58417398,0.68560696
1583,602.7291667000002,0.594370956,0.7065314
1584,602.8020832999998,0.614445991,0.70038766
1585,602.875,0.636527441,0.69699305
1586,602.9479167000002,0.656886286,0.70027155
1587,603.0208332999998,0.67881849,0.70440924
1588,603.09375,0.700763406,0.708877
1589,603.1666667000002,0.714653144,0.7134066
1590,603.2395832999998,0.716207942,0.71937275
1591,603.3125,0.7044662629999999,0.7236803
1592,603.3854167000002,0.682389812,0.7274977
1593,603.4583332999998,0.654540566,0.6936485
1594,603.53125,0.636094768,0.69269806
1595,603.6041667000002,0.648172024,0.7144996
1596,603.6770832999998,0.6923653209999999,0.7368011
1597,603.75,0.754663404,0.76186204
1598,603.8229167000002,0.8069264290000001,0.74666166
1599,603.8958332999998,0.845332202,0.7745095
1600,603.96875,0.9065847060000001,0.8627582
1601,604.0416667000002,1.036306357,0.939855
1602,604.1145832999998,1.209255894,0.93900937
1603,604.1875,1.288631789,1.0161066
1604,604.2604167000002,1.242065788,1.0766718
1605,604.3333332999998,1.135584596,1.0633196
1606,604.40625,0.9950984799999999,1.0024037
1607,604.4791667000002,0.8532076319999999,0.7519086
1608,604.5520832999998,0.7606452709999998,0.746276
1609,604.625,0.7278487390000001,0.74756664
1610,604.6979167000002,0.72543034,0.76342887
1611,604.7708332999998,0.7267354640000001,0.78609884
1612,604.84375,0.733510925,0.7751756
1613,604.9166667000002,0.755387038,0.77108914
1614,604.9895832999998,0.788356842,0.76426524
1615,605.0625,0.8091954300000002,0.762364
1616,605.1354167000002,0.8051502540000001,0.7552051
1617,605.2083332999998,0.780099553,0.7440934
1618,605.28125,0.738486471,0.74366474
1619,605.3541667000002,0.691307782,0.7300709
1620,605.4270832999998,0.646901582,0.6924808
1621,605.5,0.610700342,0.67348456
1622,605.5729167000002,0.593007535,0.6861307
1623,605.6458332999998,0.606160787,0.71576333
1624,605.71875,0.648407451,0.7348925
1625,605.7916667000002,0.697644925,0.736654
1626,605.8645832999998,0.730354838,0.74587286
1627,605.9375,0.76776257,0.7744974
1628,606.0104167000002,0.831945855,0.8014755
1629,606.0833332999998,0.8980058,0.88223654
1630,606.15625,0.952738709,0.9389702
1631,606.2291667000002,0.972061019,1.0209382
1632,606.3020832999998,0.939789503,1.0773125
1633,606.375,0.8708997719999999,1.1640984
1634,606.4479167000002,0.7915324000000001,0.87262785
1635,606.5208332999998,0.73253358,0.7838472
1636,606.59375,0.7208727309999998,0.81647736
1637,606.6666667000002,0.747557405,0.8401451
1638,606.7395832999998,0.7714323670000001,0.8491105
1639,606.8125,0.7716808729999999,0.76625025
1640,606.8854167000002,0.749988764,0.7341386
1641,606.9583332999998,0.7275687879999999,0.7213045
1642,607.03125,0.718607847,0.694047
1643,607.1041667000002,0.70614812,0.6815437
1644,607.1770832999998,0.68421574,0.66609454
1645,607.25,0.6570159320000001,0.65388477
1646,607.3229167000002,0.6291009120000001,0.64345866
1647,607.3958332999998,0.603356977,0.63430923
1648,607.46875,0.581313351,0.6369038
1649,607.5416667000002,0.565280156,0.6440544
1650,607.6145832999998,0.558234664,0.64464587
1651,607.6875,0.560666742,0.64687043
1652,607.7604167000002,0.567317604,0.6482232
1653,607.8333332999998,0.5728988070000001,0.65495473
1654,607.90625,0.576639521,0.659667
1655,607.9791667000002,0.580241132,0.65918696
1656,608.0520832999998,0.587490928,0.6588315
1657,608.125,0.597379371,0.655093
1658,608.1979167000002,0.607397055,0.655075
1659,608.2708332999998,0.6134518870000001,0.65426993
1660,608.34375,0.61256176,0.6527759
1661,608.4166667000002,0.604899424,0.65231556
1662,608.4895832999998,0.593348621,0.658606
1663,608.5625,0.584242363,0.6627586
1664,608.6354167000002,0.5814094120000001,0.6640092
1665,608.7083332999998,0.5828523870000001,0.6656682
1666,608.78125,0.585712907,0.667231
1667,608.8541667000002,0.587999774,0.67013663
1668,608.9270832999998,0.589528094,0.6713938
1669,609.0,0.593399232,0.6733077
