,Time (d),COD_meas_GA (gCOD/m3),COD_pred_GA (gCOD/m3)
0,487.3125,37.922355144,38.459885
1,487.375,38.060613131,38.428955
2,487.4375,38.315271122000006,38.703117
3,487.5,38.529778166999996,39.07385
4,487.5625,38.670491894,39.36662
5,487.625,38.804320137000005,39.562416
6,487.6875,39.081303329,39.69759
7,487.75,39.381059801999996,39.94273
8,487.8125,40.043684346,40.257126
9,487.875,40.820578808,40.795574
10,487.9375,41.78619116,41.439674
11,488.0,42.489764493,42.238987
12,488.0625,42.97888576,42.808193
13,488.125,43.83824916,43.150482
14,488.1875,44.455227108,43.7777
15,488.25,44.838633587,44.182472
16,488.3125,45.198908087,44.403954
17,488.375,45.768447336,44.617466
18,488.4375,46.68406550499999,45.154476
19,488.5,47.038661108,46.031693
20,488.5625,47.346642683,46.466
21,488.625,47.54781711,46.808098
22,488.6875,47.420353823999996,46.991344
23,488.75,47.444303255,46.87995
24,488.8125,48.00707313,46.944717
25,488.875,48.364115403999996,47.456646
26,488.9375,48.444329038000014,47.795834
27,489.0,48.012753159,47.87121
28,489.0625,47.929242588,47.475494
29,489.125,47.499364653,47.343613
30,489.1875,47.111457602,46.877014
31,489.25,46.468841952000005,46.444153
32,489.3125,45.920074308000004,45.79741
33,489.375,45.500397863,45.23785
34,489.4375,45.63329171,45.019867
35,489.5,45.171348215,45.393963
36,489.5625,44.63024553899999,45.18346
37,489.625,44.152719749,44.870342
38,489.6875,43.60417807899999,44.530304
39,489.75,42.981938796,44.120277
40,489.8125,42.898250475,43.800037
41,489.875,42.514245046,43.86298
42,489.9375,42.047703352000006,43.59904
43,490.0,41.409351833,43.360867
44,490.0625,40.813034376,42.902218
45,490.125,40.44823561,42.43623
46,490.1875,39.988794576,42.081886
47,490.25,39.51041319,41.67841
48,490.3125,39.331857486,41.2599
49,490.375,39.5253987,41.11384
50,490.4375,39.823161284,41.61209
51,490.5,39.722100266999995,42.229847
52,490.5625,39.517568577,42.251347
53,490.625,39.467293946,42.19592
54,490.6875,39.537811479,42.19124
55,490.75,39.604202698,42.282333
56,490.8125,39.866067118000004,42.480152
57,490.875,40.392082681,42.79344
58,490.9375,40.50262270100001,43.253426
59,491.0,40.638273162,43.423298
60,491.0625,40.830763703,43.57681
61,491.125,41.139575522,43.647865
62,491.1875,41.43760903399999,43.843052
63,491.25,41.72537305200001,43.993195
64,491.3125,42.04740167200001,44.13179
65,491.375,42.42964511699999,44.310463
66,491.4375,43.15420924,44.799896
67,491.5,43.821255466999986,45.512928
68,491.5625,44.320389369,46.08344
69,491.625,44.82058562899999,46.553852
70,491.6875,45.311265036,47.03294
71,491.75,45.96673931,47.487064
72,491.8125,46.721016706,48.129177
73,491.875,47.445621946,48.73824
74,491.9375,48.010068798999995,49.348263
75,492.0,48.410755043,49.825115
76,492.0625,49.037845283,50.12921
77,492.125,49.524366054000005,50.62714
78,492.1875,49.97549371,50.97483
79,492.25,50.411682717000005,51.274258
80,492.3125,50.91969902,51.54296
81,492.375,51.56273755800001,51.8778
82,492.4375,52.456055426999995,52.38838
83,492.5,52.971578936000014,53.12741
84,492.5625,53.519912255,53.645805
85,492.625,53.881291309,54.21865
86,492.6875,54.16228915100001,54.569225
87,492.75,54.47803019799999,54.82764
88,492.8125,55.42163987799999,55.10474
89,492.875,56.060727907,55.961586
90,492.9375,56.501723036,56.540184
91,493.0,57.00620389899999,56.906185
92,493.0625,57.18948343699999,57.281113
93,493.125,57.05956032000001,57.30893
94,493.1875,56.931231415,57.005898
95,493.25,56.719118077,56.6792
96,493.3125,56.416636477,56.264854
97,493.375,56.591222176,55.78649
98,493.4375,56.483157585,55.797665
99,493.5,55.822767782,55.78501
100,493.5625,54.978824381,55.49227
101,493.625,54.384494444,55.09963
102,493.6875,53.97519708200001,54.846066
103,493.75,53.52832218899999,54.67054
104,493.8125,52.98502553000001,54.410034
105,493.875,52.956715364,54.148415
106,493.9375,52.944820744999994,54.283665
107,494.0,53.16670813600001,54.337204
108,494.0625,53.33528083899999,54.60815
109,494.125,53.298674712,54.726673
110,494.1875,52.98074221000001,54.591656
111,494.25,52.27932933,54.076157
112,494.3125,51.55953110200001,53.099724
113,494.375,50.858106048,51.994923
114,494.4375,49.996923651,50.959988
115,494.5,48.61995292899999,50.02059
116,494.5625,47.115387401999996,48.776737
117,494.625,46.245376607,47.384388
118,494.6875,45.23374529500001,46.466236
119,494.75,44.274777043,45.468685
120,494.8125,43.906839176999995,44.619537
121,494.875,43.469247454000005,44.244354
122,494.9375,42.752408643,43.8363
123,495.0,41.944023059,43.27799
124,495.0625,41.068009553,42.592873
125,495.125,40.636373932,41.83388
126,495.1875,40.16547756,41.420223
127,495.25,39.469465638,40.91796
128,495.3125,38.906868707,40.31095
129,495.375,38.800481629000004,39.84994
130,495.4375,39.242931168,40.002346
131,495.5,39.141506093000004,40.616505
132,495.5625,39.113266771,40.67616
133,495.625,39.25629986,40.7892
134,495.6875,39.183124161,40.959316
135,495.75,39.406862964000005,40.947384
136,495.8125,39.995170385,41.283012
137,495.875,40.430137570999996,41.830692
138,495.9375,40.501241114,42.239697
139,496.0,40.637857915,42.353294
140,496.0625,40.916287954,42.50241
141,496.125,41.089115584,42.712143
142,496.1875,41.498712467,42.8378
143,496.25,41.861524465,43.11849
144,496.3125,42.170807048,43.309303
145,496.375,42.69069281500001,43.50302
146,496.4375,43.485769413999996,44.16948
147,496.5,44.113087201999996,45.060017
148,496.5625,44.454311774,45.627747
149,496.625,44.76158688499999,45.973907
150,496.6875,45.181511365,46.27001
151,496.75,45.56142528,46.62559
152,496.8125,46.152061095,47.07816
153,496.875,46.695605971999996,47.682224
154,496.9375,47.152612676000004,48.21443
155,497.0,47.466588261000005,48.679058
156,497.0625,47.720838661,48.936817
157,497.125,47.898971393000004,49.094055
158,497.1875,48.07966307,49.182747
159,497.25,48.373653995,49.287212
160,497.3125,48.729767413999994,49.460644
161,497.375,49.129145696,49.71177
162,497.4375,49.808561541,50.216335
163,497.5,50.285909628999995,50.94846
164,497.5625,50.63948505,51.405205
165,497.625,50.892252048,51.80951
166,497.6875,51.191972618,52.094536
167,497.75,51.500805258999996,52.370632
168,497.8125,51.796115296,52.717823
169,497.875,52.027614838999995,53.0381
170,497.9375,52.1029136,53.260956
171,498.0,52.235552453000004,53.371853
172,498.0625,52.426722264,53.525997
173,498.125,52.514332014,53.64627
174,498.1875,52.440849777,53.66056
175,498.25,52.411852173,53.53452
176,498.3125,52.413470306,53.445335
177,498.375,52.512765371,53.385937
178,498.4375,52.930336692,53.544952
179,498.5,53.194639295,53.980762
180,498.5625,53.286123206999996,54.254402
181,498.625,53.23645446,54.457603
182,498.6875,53.330760348,54.510162
183,498.75,53.463326739,54.65331
184,498.8125,53.649528579,54.854588
185,498.875,53.904919566,55.04765
186,498.9375,54.02887500400001,55.289955
187,499.0,53.931141746,55.406086
188,499.0625,54.001582944000006,55.34406
189,499.125,54.105335102,55.40212
190,499.1875,54.050854725,55.428513
191,499.25,53.929708280999996,55.301083
192,499.3125,53.853344486000005,55.106632
193,499.375,54.057207043999995,54.954815
194,499.4375,54.490573917000006,55.162003
195,499.5,54.757526453,55.558254
196,499.5625,54.706687276999986,55.82686
197,499.625,54.535465814000005,55.86494
198,499.6875,54.457015008000006,55.75495
199,499.75,54.44425797300002,55.710278
200,499.8125,54.638199706,55.74269
201,499.875,54.797325398999995,55.931065
202,499.9375,54.998612635,56.09013
203,500.0,54.824395474,56.2989
204,500.0625,54.574700821,56.13575
205,500.125,54.437332507,55.888706
206,500.1875,54.36446523,55.72379
207,500.25,54.251702875,55.58597
208,500.3125,54.190874648000005,55.40491
209,500.375,54.267462346,55.26551
210,500.4375,54.58745648,55.31903
211,500.5,54.71634480499999,55.59257
212,500.5625,54.63238633399999,55.74034
213,500.625,54.638723015,55.750317
214,500.6875,54.687015293,55.807915
215,500.75,54.859917333,55.884083
216,500.8125,55.228646087000016,56.082306
217,500.875,55.505633685999996,56.41633
218,500.9375,55.470522041,56.6715
219,501.0,55.39749177499999,56.64543
220,501.0625,55.294758482,56.56584
221,501.125,55.12190701499999,56.420864
222,501.1875,55.007167614,56.200413
223,501.25,54.863355483999996,56.01634
224,501.3125,54.810651732,55.789963
225,501.375,55.14772803300001,55.65684
226,501.4375,55.486330709,55.90381
227,501.5,55.55206595600001,56.16926
228,501.5625,55.511073348000004,56.2738
229,501.625,55.524364817,56.310722
230,501.6875,55.424391766999996,56.367123
231,501.75,55.388053656000004,56.30724
232,501.8125,55.557099632,56.30556
233,501.875,55.58511140199999,56.462074
234,501.9375,55.383877123,56.494877
235,502.0,55.151570056000004,56.32913
236,502.0625,55.027520219,56.1079
237,502.125,54.88802889,55.96448
238,502.1875,54.65307071,55.78494
239,502.25,54.44983069800002,55.494858
240,502.3125,54.223970135,55.22367
241,502.375,54.35499647399999,54.93419
242,502.4375,54.553463925,55.040764
243,502.5,54.44831269399999,55.21961
244,502.5625,54.427236273000005,55.17782
245,502.625,54.19651977499999,55.223866
246,502.6875,53.67771467000001,55.048653
247,502.75,53.257349299,54.60123
248,502.8125,53.13806493,54.290092
249,502.875,53.04702108800001,54.241776
250,502.9375,52.720454021,54.175674
251,503.0,52.44251751,53.886356
252,503.0625,52.102587618,53.64901
253,503.125,51.635050745,53.341385
254,503.1875,51.232243176000004,52.89927
255,503.25,50.84818662399999,52.45315
256,503.3125,50.5030505,52.038395
257,503.375,50.371067142,51.690662
258,503.4375,50.55393543899999,51.699825
259,503.5,50.563780578999996,51.979458
260,503.5625,50.410342103999994,52.004658
261,503.625,50.224279731,51.928596
262,503.6875,50.20142538099999,51.825603
263,503.75,50.143206662,51.83543
264,503.8125,50.146345018000005,51.8741
265,503.875,50.26505284000001,51.91536
266,503.9375,50.56832197399999,52.032227
267,504.0,50.64757383999999,52.302277
268,504.0625,50.494200281000005,52.335094
269,504.125,50.351057084,52.164146
270,504.1875,50.483816321000006,52.01067
271,504.25,50.578951053999994,52.074913
272,504.3125,50.594839778,52.080025
273,504.375,50.758375457,51.99456
274,504.4375,51.213887743,52.216347
275,504.5,51.569490339000005,52.67165
276,504.5625,51.829818882,52.974243
277,504.625,51.916902193999995,53.312275
278,504.6875,52.04335853700001,53.448723
279,504.75,52.213682889,53.608757
280,504.8125,52.617154003,53.841908
281,504.875,53.01268548899999,54.239864
282,504.9375,53.40103616500001,54.6363
283,505.0,53.738996058999994,55.011948
284,505.0625,53.885588746,55.28981
285,505.125,53.760922637,55.361393
286,505.1875,53.69105917100001,55.18084
287,505.25,53.646428711000006,55.024338
288,505.3125,53.944555983,54.892788
289,505.375,54.21550334,55.06814
290,505.4375,54.55017963000001,55.30867
291,505.5,55.089361167,55.649117
292,505.5625,55.125267319999985,56.15963
293,505.625,55.03047240499998,56.252922
294,505.6875,55.009042746999995,56.23406
295,505.75,54.944873978000004,56.249287
296,505.8125,55.005170074,56.23194
297,505.875,54.907984853,56.30734
298,505.9375,54.684448418,56.250504
299,506.0,54.62652546099999,56.09134
300,506.0625,54.57221918800001,56.053986
301,506.125,54.38733521300001,55.96429
302,506.1875,54.28752162600001,55.752613
303,506.25,54.076499156,55.607357
304,506.3125,53.873363838,55.3445
305,506.375,53.782527956999985,55.087112
306,506.4375,53.786691049000005,55.037918
307,506.5,53.780600613000004,55.12466
308,506.5625,53.69185273,55.162563
309,506.625,53.543453602,55.18494
310,506.6875,53.422006227,55.10875
311,506.75,53.520606402000006,55.046585
312,506.8125,53.749625571,55.218334
313,506.875,53.84676071699999,55.469887
314,506.9375,53.89728508,55.60671
315,507.0,53.856586392,55.698
316,507.0625,53.97284714100001,55.690315
317,507.125,53.993364286,55.772083
318,507.1875,53.797361672,55.74118
319,507.25,53.588071671,55.505646
320,507.3125,53.484564108,55.23841
321,507.375,53.60362515199999,55.075985
322,507.4375,53.661429569999996,55.213047
323,507.5,53.688346812,55.286816
324,507.5625,53.615379275,55.315422
325,507.625,53.640154973000016,55.31684
326,507.6875,53.705808594,55.402447
327,507.75,53.82869246999999,55.511955
328,507.8125,53.977540843,55.687763
329,507.875,53.951233243000004,55.853573
330,507.9375,53.88717885699999,55.815105
331,508.0,53.743846473999994,55.7805
332,508.0625,53.709580871,55.66531
333,508.125,53.642164151,55.624577
334,508.1875,53.53066110899999,55.505722
335,508.25,53.44622356699999,55.345882
336,508.3125,53.40150637300001,55.216915
337,508.375,53.403310732,55.125065
338,508.4375,53.674473704,55.14408
339,508.5,53.922184621999996,55.344425
340,508.5625,54.109831168999996,55.561073
341,508.625,54.186819591,55.79294
342,508.6875,54.167117347,55.90545
343,508.75,54.206860726,55.91118
344,508.8125,54.27897689899999,56.000896
345,508.875,54.58287060199999,56.082767
346,508.9375,54.74590228000001,56.36867
347,509.0,54.671544598000004,56.526817
348,509.0625,54.611818853,56.453693
349,509.125,54.746264546000006,56.38971
350,509.1875,54.811730721,56.490765
351,509.25,54.727116064,56.487007
352,509.3125,54.581007396000004,56.33328
353,509.375,54.668267633,56.125732
354,509.4375,55.155574953999995,56.196564
355,509.5,55.374624921999995,56.616295
356,509.5625,55.424189371,56.809685
357,509.625,55.304024824,56.90036
358,509.6875,55.284839374,56.80836
359,509.75,55.23899916399999,56.787502
360,509.8125,55.315477552,56.75405
361,509.875,55.536284274,56.828144
362,509.9375,55.50120365,56.996853
363,510.0,55.48487942199999,56.967476
364,510.0625,55.347071977999995,56.9558
365,510.125,55.081798188,56.79154
366,510.1875,54.824995400999995,56.505375
367,510.25,54.63521912499999,56.213955
368,510.3125,54.51010965500001,55.973816
369,510.375,54.520683758999986,55.797646
370,510.4375,54.559393066999995,55.83874
371,510.5,54.503799101999995,55.87142
372,510.5625,54.408181892,55.82405
373,510.625,54.40742762300001,55.811516
374,510.6875,54.521231105,55.876263
375,510.75,54.70018390699999,56.01579
376,510.8125,54.84943108600001,56.226837
377,510.875,55.23145917499999,56.366844
378,510.9375,55.345265584,56.70525
379,511.0,55.149933200000014,56.790783
380,511.0625,55.03705353,56.603333
381,511.125,54.949255458999986,56.473614
382,511.1875,54.834239096000005,56.32664
383,511.25,54.724516273999996,56.14158
384,511.3125,54.720202135000015,55.981865
385,511.375,54.85654307299999,55.916683
386,511.4375,55.336527401000005,56.050617
387,511.5,55.654157344999994,56.47203
388,511.5625,55.727193385,56.77898
389,511.625,55.704341897,56.914364
390,511.6875,55.74236699000001,56.9496
391,511.75,55.797657306000005,57.02399
392,511.8125,55.88128807299999,57.12621
393,511.875,55.981935846000006,57.245308
394,511.9375,55.79498053100001,57.324642
395,512.0,55.546408088,57.15905
396,512.0625,55.300960777,56.959503
397,512.125,55.247043271,56.72902
398,512.1875,55.423645786,56.664
399,512.25,55.293255689000006,56.763317
400,512.3125,55.152239596,56.575954
401,512.375,55.178394428,56.37908
402,512.4375,55.412329403,56.379562
403,512.5,55.36046512500001,56.578335
404,512.5625,55.305327656,56.58217
405,512.625,55.180209263,56.63825
406,512.6875,55.09764590099999,56.588192
407,512.75,54.92393444,56.58132
408,512.8125,54.768615246,56.500896
409,512.875,54.97574115100001,56.41564
410,512.9375,55.404039616999995,56.660496
411,513.0,55.294029708000004,57.062347
412,513.0625,55.20655034000001,56.964252
413,513.125,55.069951006000004,56.885365
414,513.1875,54.900016346,56.72861
415,513.25,54.702800059000005,56.52713
416,513.3125,54.586563146,56.288246
417,513.375,54.911022474000006,56.120163
418,513.4375,55.27192943399999,56.386738
419,513.5,55.265006492000005,56.667347
420,513.5625,55.135809228999996,56.659927
421,513.625,55.147835779000005,56.622154
422,513.6875,55.128303257,56.680977
423,513.75,55.08544093,56.68918
424,513.8125,55.157413725999994,56.719166
425,513.875,55.18617778000001,56.81011
426,513.9375,55.152389541999995,56.850407
427,514.0,55.16999918800001,56.86166
428,514.0625,55.02427258900001,56.88807
429,514.125,54.810878031,56.737686
430,514.1875,54.605876069999994,56.519386
431,514.25,54.41432457000001,56.277187
432,514.3125,54.300613598999995,56.03399
433,514.375,54.55029184200001,55.8849
434,514.4375,54.962370653,56.116245
435,514.5,55.185316482,56.424526
436,514.5625,55.188182694000005,56.615223
437,514.625,55.132971956000006,56.678226
438,514.6875,55.14980705400001,56.663017
439,514.75,55.102080464000004,56.690132
440,514.8125,55.179160818,56.66117
441,514.875,55.387346830999995,56.739704
442,514.9375,55.385277846,56.9298
443,515.0,55.350350768000006,56.945625
444,515.0625,55.353567275,56.92337
445,515.125,55.25824963500002,56.91258
446,515.1875,55.235622867999986,56.781723
447,515.25,55.27102087000001,56.702084
448,515.3125,55.17528487,56.64601
449,515.375,55.367859681,56.473217
450,515.4375,55.848975216999996,56.59493
451,515.5,56.016411158000004,56.97038
452,515.5625,55.830894214,57.136456
453,515.625,55.796700474000005,57.050655
454,515.6875,55.823932835000015,57.072594
455,515.75,56.027128911999995,57.105698
456,515.8125,56.153862489,57.29996
457,515.875,56.29559177500001,57.42414
458,515.9375,56.227888366,57.551094
459,516.0,55.93037442800001,57.49122
460,516.0625,55.617114353,57.20901
461,516.125,55.419012941000005,56.91097
462,516.1875,55.27213053599999,56.70226
463,516.25,55.07539956300002,56.52177
464,516.3125,54.914989197999994,56.292572
465,516.375,55.025010593000005,56.09457
466,516.4375,55.168948738,56.204197
467,516.5,55.081070293999986,56.329823
468,516.5625,54.78306741300001,56.274223
469,516.625,54.49509175,56.084145
470,516.6875,54.427451573,55.892403
471,516.75,54.497701416999995,55.88845
472,516.8125,54.35649892799999,56.02823
473,516.875,54.322683361999985,55.944576
474,516.9375,54.247900668,55.939148
475,517.0,54.30603504,55.929405
476,517.0625,54.22589118800001,55.987713
477,517.125,54.121538176,55.902092
478,517.1875,53.94245316699999,55.77573
479,517.25,53.762170806,55.564575
480,517.3125,53.61470251300001,55.36627
481,517.375,53.634189314999986,55.17897
482,517.4375,53.902617384,55.24194
483,517.5,54.099960706,55.483147
484,517.5625,54.155674772000005,55.66614
485,517.625,54.156002285999996,55.791355
486,517.6875,54.15256208099999,55.824474
487,517.75,54.133419293,55.862297
488,517.8125,54.255085198999986,55.90377
489,517.875,54.465258674,56.042347
490,517.9375,54.49435464000001,56.24111
491,518.0,54.60169438399999,56.283092
492,518.0625,54.691875765999995,56.370407
493,518.125,54.727373411,56.422047
494,518.1875,54.809990619,56.41697
495,518.25,54.726516742,56.42467
496,518.3125,54.844573208999996,56.259026
497,518.375,55.235440195,56.284763
498,518.4375,55.865432556,56.590332
499,518.5,56.069768981,57.057095
500,518.5625,55.956204283999995,57.219437
501,518.625,56.020562061999996,57.185154
502,518.6875,55.99619098299999,57.26671
503,518.75,56.012780918999994,57.26021
504,518.8125,56.166576066,57.307163
505,518.875,56.336980391000004,57.46335
506,518.9375,56.234437313,57.610832
507,519.0,56.27778109,57.543045
508,519.0625,56.173831231,57.583214
509,519.125,55.893747761000014,57.451366
510,519.1875,55.595640715,57.160835
511,519.25,55.418253856000014,56.837025
512,519.3125,55.313141777999995,56.611916
513,519.375,55.408592551999995,56.434364
514,519.4375,55.908856918999994,56.50804
515,519.5,56.00674574199999,56.906387
516,519.5625,55.764116939,57.012623
517,519.625,55.782242319000005,56.885662
518,519.6875,55.85234258000001,56.964916
519,519.75,55.84548437200001,57.057156
520,519.8125,55.777785398999995,57.096317
521,519.875,56.031062701,57.06187
522,519.9375,55.97823805800001,57.308216
523,520.0,55.85367172800001,57.27561
524,520.0625,55.85962255199999,57.175438
525,520.125,55.648839108999994,57.147465
526,520.1875,55.390932776000014,56.91527
527,520.25,55.109964898,56.624207
528,520.3125,55.020613993999994,56.293644
529,520.375,55.1279076,56.14412
530,520.4375,55.59540503699999,56.23538
531,520.5,55.86741843,56.65981
532,520.5625,55.71562355700001,56.92724
533,520.625,55.648284355,56.870747
534,520.6875,55.57654327899999,56.857185
535,520.75,55.52737055399999,56.821842
536,520.8125,55.52680459399999,56.806004
537,520.875,55.65257619700001,56.83245
538,520.9375,55.64010870800001,56.965584
539,521.0,55.64916144100001,56.977077
540,521.0625,55.683238898,56.98843
541,521.125,55.59568313999999,56.99398
542,521.1875,55.385338658,56.86199
543,521.25,55.302907247,56.595093
544,521.3125,55.193044324,56.419926
545,521.375,55.174397162,56.229305
546,521.4375,55.188621029,56.167587
547,521.5,55.08753887,56.1637
548,521.5625,55.026703671000014,56.124496
549,521.625,54.86232559800001,56.16599
550,521.6875,54.783813116,56.08398
551,521.75,54.92532081000002,56.057365
552,521.8125,55.054629442999996,56.244644
553,521.875,55.14293794899999,56.383408
554,521.9375,55.163397329999995,56.485493
555,522.0,55.126928855,56.520935
556,522.0625,55.017507970000004,56.490185
557,522.125,54.852771696000005,56.363487
558,522.1875,54.78105779800002,56.167404
559,522.25,54.883094841,56.04919
560,522.3125,54.770206898999994,56.05426
561,522.375,55.086772916,55.871525
562,522.4375,55.484405375,56.122463
563,522.5,55.46606232600001,56.412987
564,522.5625,55.372588463,56.43704
565,522.625,55.308474063999995,56.44633
566,522.6875,55.38017338,56.451756
567,522.75,55.476039822999994,56.568996
568,522.8125,55.543127176,56.712883
569,522.875,55.65568224199999,56.807266
570,522.9375,55.76610848800002,56.91671
571,523.0,55.62611982599999,57.02796
572,523.0625,55.541086746000005,56.89765
573,523.125,55.433292605999995,56.802494
574,523.1875,55.18427140300001,56.65772
575,523.25,54.95532849399999,56.370945
576,523.3125,54.70740172100001,56.09286
577,523.375,54.72964870899999,55.800243
578,523.4375,55.142828482000006,55.803978
579,523.5,55.184317843,56.164074
580,523.5625,54.94605636600001,56.237118
581,523.625,54.71256279,56.1183
582,523.6875,54.50953864100001,55.969215
583,523.75,54.23820792399999,55.818573
584,523.8125,54.134636418,55.65772
585,523.875,54.32392228899999,55.62686
586,523.9375,54.38801089899999,55.835163
587,524.0,54.388034381,55.91921
588,524.0625,54.234778443,55.942375
589,524.125,54.028053207000006,55.792706
590,524.1875,53.836924838,55.567924
591,524.25,53.629754897999995,55.365578
592,524.3125,53.46365084600001,55.137352
593,524.375,53.63237039,54.95397
594,524.4375,53.95302931899999,55.156113
595,524.5,54.01906338500001,55.443157
596,524.5625,53.86020657499999,55.503582
597,524.625,53.77399297800001,55.42359
598,524.6875,53.778931938,55.406384
599,524.75,53.746225773000006,55.454304
600,524.8125,53.814917348,55.50608
601,524.875,53.94650944199998,55.590538
602,524.9375,54.074252651,55.741962
603,525.0,54.074565012,55.896408
604,525.0625,54.034544868999994,55.895855
605,525.125,54.075366318,55.84097
606,525.1875,53.977693879,55.840664
607,525.25,53.87274313500001,55.703163
608,525.3125,53.839717801,55.541424
609,525.375,54.08261000300001,55.448097
610,525.4375,54.650326177000004,55.675255
611,525.5,54.866584573000004,56.140827
612,525.5625,54.909110215999995,56.321224
613,525.625,54.887624395,56.424725
614,525.6875,54.94391803800002,56.440113
615,525.75,54.969785675000004,56.51578
616,525.8125,55.30009269999999,56.588943
617,525.875,55.451034874,56.907513
618,525.9375,55.414180775,57.032745
619,526.0,55.39413113199999,57.000454
620,526.0625,55.40032036300002,56.990154
621,526.125,55.39685799199999,56.971752
622,526.1875,55.261514414,56.93133
623,526.25,55.26098295100001,56.754498
624,526.3125,55.295524376,56.680733
625,526.375,55.623821725000006,56.638683
626,526.4375,56.020824782,56.888462
627,526.5,56.096425477,57.181297
628,526.5625,55.916004408,57.265106
629,526.625,55.89171778000001,57.182114
630,526.6875,55.993911495000006,57.207813
631,526.75,56.02328971,57.3268
632,526.8125,56.085809074,57.383842
633,526.875,56.268467151,57.44876
634,526.9375,56.51128116699998,57.624073
635,527.0,56.467089922,57.83796
636,527.0625,56.478536876999996,57.783123
637,527.125,56.384936712,57.7527
638,527.1875,56.19107429199999,57.592575
639,527.25,56.004096129000004,57.321445
640,527.3125,55.777286729000004,57.03596
641,527.375,55.687697878,56.71927
642,527.4375,55.704650926000014,56.575817
643,527.5,55.53206450700001,56.565113
644,527.5625,55.20095471699999,56.446426
645,527.625,55.02706962899999,56.228226
646,527.6875,54.885976320999994,56.124718
647,527.75,54.607011147,56.033276
648,527.8125,54.464297886000004,55.83531
649,527.875,54.306023558999996,55.7298
650,527.9375,54.21495685000001,55.605766
651,528.0,53.85128363699999,55.560146
652,528.0625,53.513594652,55.24202
653,528.125,53.14533050100001,54.91944
654,528.1875,52.898904818999995,54.53463
655,528.25,52.690524632,54.249004
656,528.3125,52.463428516,53.976875
657,528.375,52.624364251,53.690666
658,528.4375,52.96478479,53.84402
659,528.5,53.02974825100001,54.149483
660,528.5625,53.01281742000001,54.23047
661,528.625,52.953362515,54.292667
662,528.6875,52.86807031399999,54.271908
663,528.75,52.921521358999996,54.219067
664,528.8125,53.189128157000006,54.317448
665,528.875,53.56423063199999,54.58215
666,528.9375,53.53208871,54.92893
667,529.0,53.34231929,54.917492
668,529.0625,53.240569318999995,54.723545
669,529.125,53.213562409,54.566612
670,529.1875,53.143448093,54.4626
671,529.25,52.96280110300001,54.29361
672,529.3125,52.839145689000006,54.02652
673,529.375,52.94027545300001,53.814846
674,529.4375,53.040175935,53.8614
675,529.5,53.14709733300001,53.942825
676,529.5625,52.99651893100001,54.08437
677,529.625,52.954920785,54.024998
678,529.6875,52.88180247,54.037376
679,529.75,52.75116575799999,54.01298
680,529.8125,52.787077272000005,53.93622
681,529.875,52.815108372000005,53.977192
682,529.9375,52.56302843899999,54.01594
683,530.0,52.435205137,53.808544
684,530.0625,52.596477893,53.70933
685,530.125,52.741383893000005,53.832382
686,530.1875,52.755506132,53.904568
687,530.25,52.510695806,53.801952
688,530.3125,52.211551674,53.47015
689,530.375,52.305684523000004,53.101055
690,530.4375,52.543906532,53.17889
691,530.5,52.498688796,53.42667
692,530.5625,52.431027266,53.399998
693,530.625,52.247048502,53.41532
694,530.6875,51.921545398999996,53.315647
695,530.75,51.766298488000004,53.033615
696,530.8125,52.065980628999995,52.972927
697,530.875,52.168158103,53.297215
698,530.9375,52.107745218000005,53.416313
699,531.0,51.88939682300001,53.38249
700,531.0625,51.596340077,53.16524
701,531.125,51.253724733999995,52.83891
702,531.1875,51.249574204000005,52.47578
703,531.25,51.031325984000006,52.398838
704,531.3125,50.785622062,52.096607
705,531.375,50.771478429,51.79018
706,531.4375,50.901666686000006,51.81316
707,531.5,51.199349865,51.996395
708,531.5625,51.26214709600001,52.299908
709,531.625,50.996078196000006,52.422726
710,531.6875,51.094070513,52.233646
711,531.75,51.167807268000004,52.361965
712,531.8125,51.15717843,52.486267
713,531.875,51.247182009,52.52889
714,531.9375,51.30286708,52.669483
715,532.0,51.37040443500001,52.77021
716,532.0625,51.599260913,52.829422
717,532.125,51.591678338,52.999043
718,532.1875,51.49351219,52.93525
719,532.25,51.483164741,52.77281
720,532.3125,51.58107534700001,52.6695
721,532.375,51.995350377,52.663063
722,532.4375,52.477382966,53.089725
723,532.5,52.644735022,53.562443
724,532.5625,52.588202196,53.76041
725,532.625,52.598095866,53.798225
726,532.6875,52.609235595,53.8341
727,532.75,52.728307666999996,53.888065
728,532.8125,52.946787902,54.075497
729,532.875,52.864888066999995,54.282116
730,532.9375,52.676052907,54.228123
731,533.0,52.687676073999995,54.105938
732,533.0625,52.647081316000005,54.127216
733,533.125,52.482265109,54.04999
734,533.1875,52.302541015,53.877777
735,533.25,52.189110176999996,53.666203
736,533.3125,52.139192208000004,53.492733
737,533.375,52.01002385700001,53.366016
738,533.4375,52.180668956999995,53.293736
739,533.5,52.186583688999995,53.522873
740,533.5625,52.10457854,53.59897
741,533.625,52.192311773,53.62948
742,533.6875,52.171819129000006,53.74768
743,533.75,52.093588011,53.737762
744,533.8125,52.432385756,53.76305
745,533.875,52.742333059,54.11446
746,533.9375,52.801185411999995,54.404995
747,534.0,52.753193048,54.48894
748,534.0625,52.954101985,54.4563
749,534.125,52.753658398999995,54.575134
750,534.1875,52.457792683,54.335922
751,534.25,52.222824446000004,54.006725
752,534.3125,52.124368204,53.71511
753,534.375,52.270319384,53.53782
754,534.4375,52.461517312,53.702923
755,534.5,52.403765521000004,53.92505
756,534.5625,52.31816461099999,53.917145
757,534.625,52.534443705,53.91527
758,534.6875,52.938930943,54.182808
759,534.75,53.009230283000015,54.591267
760,534.8125,53.110799828999994,54.73701
761,534.875,53.279581199,54.84503
762,534.9375,53.259684707,54.988228
763,535.0,53.18646894999999,54.947315
764,535.0625,53.278635696,54.87719
765,535.125,53.205250768,54.935123
766,535.1875,53.040665219,54.791004
767,535.25,52.912622344,54.578625
768,535.3125,52.95624794,54.38299
769,535.375,53.19353797600001,54.349316
770,535.4375,53.50699345099999,54.582996
771,535.5,53.62308633999999,54.86099
772,535.5625,53.749062937000005,54.992172
773,535.625,53.703378982,55.189568
774,535.6875,53.56548432199999,55.19884
775,535.75,53.428491689,55.11138
776,535.8125,53.61738794300001,55.050995
777,535.875,53.944058138,55.25968
778,535.9375,54.354449846,55.561295
779,536.0,54.452384513999995,55.973606
780,536.0625,54.380022284,56.045467
781,536.125,54.529228923000005,55.950058
782,536.1875,54.479923160000006,56.03763
783,536.25,54.37288095400001,55.904617
784,536.3125,54.33827619399999,55.707554
785,536.375,54.357547774,55.580055
786,536.4375,54.75205290299999,55.549637
787,536.5,54.890607352,55.850525
788,536.5625,54.884659903999996,55.99784
789,536.625,54.832927781,56.08931
790,536.6875,54.81118489399999,56.114674
791,536.75,54.87845839699999,56.146214
792,536.8125,55.064719626,56.2574
793,536.875,55.48473060199999,56.478786
794,536.9375,55.452891911,56.882904
795,537.0,55.42429313399999,56.861874
796,537.0625,55.34292622100001,56.833096
797,537.125,55.07701245000002,56.72741
798,537.1875,54.843376964,56.438522
799,537.25,54.82583212100001,56.161663
800,537.3125,54.735628789,56.068928
801,537.375,55.062283512,55.91173
802,537.4375,55.661776070000016,56.18261
803,537.5,55.822025225,56.664127
804,537.5625,55.72625528499999,56.8324
805,537.625,55.464718606000005,56.80362
806,537.6875,55.260293293000004,56.582195
807,537.75,55.19117576000001,56.404293
808,537.8125,54.993432435,56.372025
809,537.875,54.82790120200001,56.201714
810,537.9375,54.79710972500001,56.05982
811,538.0,54.808550118999996,56.068794
812,538.0625,54.688707366,56.09189
813,538.125,54.533273441999995,55.969223
814,538.1875,54.476125349,55.797935
815,538.25,54.359182866000005,55.701023
816,538.3125,54.23074060199999,55.525112
817,538.375,54.32081883800001,55.350323
818,538.4375,54.67849776300001,55.427967
819,538.5,54.655257061,55.701916
820,538.5625,54.546482915000006,55.687363
821,538.625,54.662159821,55.667206
822,538.6875,54.93751545500002,55.823906
823,538.75,55.144840563,56.108856
824,538.8125,55.428537417,56.313194
825,538.875,55.95784833400001,56.570927
826,538.9375,56.214160373999995,57.03597
827,539.0,56.267132817,57.245106
828,539.0625,56.33734468000001,57.2563
829,539.125,56.41442493,57.244247
830,539.1875,56.157723985,57.20862
831,539.25,55.889269604999996,56.859985
832,539.3125,55.619884299,56.49245
833,539.375,55.718310228,56.123573
834,539.4375,56.18024739799999,56.1508
835,539.5,55.88321717699999,56.53729
836,539.5625,55.26778550000001,56.3355
837,539.625,54.903868198000005,55.868164
838,539.6875,54.569615891,55.596527
839,539.75,54.265245508,55.331776
840,539.8125,54.05484787299999,55.112984
841,539.875,53.834130365,54.969204
842,539.9375,53.487840096000006,54.81139
843,540.0,52.881727358,54.540474
844,540.0625,52.569610727,54.003937
845,540.125,52.281479121000004,53.702255
846,540.1875,51.792024569,53.39979
847,540.25,51.225299914,52.89412
848,540.3125,50.793588062000005,52.32451
849,540.375,50.680288489000006,51.893826
850,540.4375,50.846157733000005,51.89344
851,540.5,50.829747013,52.175407
852,540.5625,50.717001298999996,52.269257
853,540.625,50.526848107,52.272995
854,540.6875,50.244292658999996,52.142406
855,540.75,50.178576616,51.939243
856,540.8125,50.21167669,51.97257
857,540.875,50.21969287500001,52.08037
858,540.9375,50.12771132899999,52.13515
859,541.0,50.12546510999999,52.08213
860,541.0625,50.084560227,52.114487
861,541.125,49.95437547099999,52.08198
862,541.1875,49.855486951,51.931477
863,541.25,49.770575068999996,51.788795
864,541.3125,49.70868008,51.65293
865,541.375,49.886311066,51.544254
866,541.4375,50.35559593400001,51.799564
867,541.5,50.50686673999999,52.2717
868,541.5625,50.627852196999996,52.420013
869,541.625,50.969048391,52.62013
870,541.6875,51.35526723700003,52.970764
871,541.75,51.767648413,53.32986
872,541.8125,52.156064824,53.770992
873,541.875,52.477676597,54.116024
874,541.9375,52.920595438000014,54.41506
875,542.0,53.14437399900001,54.837757
876,542.0625,53.194038935,55.018017
877,542.125,53.30521985100001,55.021133
878,542.1875,53.41916072500002,55.05244
879,542.25,53.448540118000004,55.07191
880,542.3125,53.4884074,54.990658
881,542.375,53.748077736999996,54.928
882,542.4375,54.125917006,55.14651
883,542.5,54.24787780900001,55.462605
884,542.5625,54.189461724000004,55.58025
885,542.625,54.243683076,55.590843
886,542.6875,54.39632934200001,55.67122
887,542.75,54.438313737,55.83153
888,542.8125,54.727327256,55.88938
889,542.875,54.877612979000006,56.153778
890,542.9375,54.76720756,56.26908
891,543.0,54.61688640999999,56.16088
892,543.0625,54.57126503,56.005104
893,543.125,54.57174629599999,55.924152
894,543.1875,54.519726946,55.86202
895,543.25,54.52919093500001,55.724182
896,543.3125,54.593312213,55.642017
897,543.375,54.563711734,55.588634
898,543.4375,54.69044808899999,55.489353
899,543.5,54.815599578000004,55.549507
900,543.5625,54.925353167000004,55.70653
901,543.625,55.03427699699999,55.900238
902,543.6875,55.099029751,56.063667
903,543.75,55.10930007999999,56.160717
904,543.8125,55.212417007000006,56.196358
905,543.875,55.493712931999994,56.29929
906,543.9375,55.56029905000001,56.555367
907,544.0,55.44355580899999,56.607452
908,544.0625,55.240608121,56.476208
909,544.125,55.08483682800002,56.234875
910,544.1875,55.081663218,56.020325
911,544.25,54.72521921300001,55.901966
912,544.3125,54.46263714100001,55.455498
913,544.375,54.550244117,55.100735
914,544.4375,54.641134855,55.10667
915,544.5,54.43611175000001,55.156403
916,544.5625,54.088459513000004,55.009045
917,544.625,53.685171845,54.7588
918,544.6875,53.218233739,54.422417
919,544.75,52.827159356,54.017776
920,544.8125,52.600742456999996,53.723846
921,544.875,52.645722163,53.556026
922,544.9375,52.626224251999986,53.63776
923,545.0,52.441391221,53.642708
924,545.0625,52.128409308,53.46988
925,545.125,51.705524625,53.118774
926,545.1875,51.457323587000005,52.679104
927,545.25,51.089091898,52.373222
928,545.3125,50.713562426,51.945908
929,545.375,50.707575086000006,51.517437
930,545.4375,50.952902813,51.5474
931,545.5,51.081832143,51.838783
932,545.5625,50.923006132,51.998455
933,545.625,50.829924375,51.915794
934,545.6875,50.823214818000004,51.83865
935,545.75,50.569028226,51.843117
936,545.8125,50.551165578,51.69364
937,545.875,50.478050200000006,51.73872
938,545.9375,50.335808046000004,51.70675
939,546.0,50.19627770100001,51.628437
940,546.0625,50.229504721000005,51.53771
941,546.125,50.02155175,51.566704
942,546.1875,49.730315973,51.330353
943,546.25,49.499110621999996,51.00657
944,546.3125,49.469411519,50.74347
945,546.375,49.809071407,50.659725
946,546.4375,50.342456606999995,51.02809
947,546.5,50.54227131799999,51.572094
948,546.5625,50.653685895,51.816204
949,546.625,51.03467055500001,52.030262
950,546.6875,51.293425185,52.39947
951,546.75,51.47874212600001,52.66606
952,546.8125,51.727575361999996,52.905067
953,546.875,52.02908337300001,53.151134
954,546.9375,52.198215318,53.45315
955,547.0,52.12355427399999,53.633068
956,547.0625,52.029126535,53.552994
957,547.125,52.024098745,53.434006
958,547.1875,52.104260528999994,53.40671
959,547.25,52.025927066,53.436768
960,547.3125,52.014081379,53.29838
961,547.375,52.397335358999996,53.235554
962,547.4375,52.902970805,53.624943
963,547.5,53.012798257,54.103825
964,547.5625,52.89115563,54.25506
965,547.625,53.036372672999995,54.24675
966,547.6875,53.07617550800001,54.443897
967,547.75,53.12528429899999,54.536625
968,547.8125,53.458537442,54.658665
969,547.875,53.689607171,54.994057
970,547.9375,53.77521671299999,55.212032
971,548.0,54.028424479,55.2951
972,548.0625,54.33664856,55.521935
973,548.125,54.33438301500001,55.762863
974,548.1875,54.135436324,55.690403
975,548.25,54.065920694999996,55.430264
976,548.3125,54.026247414,55.2749
977,548.375,54.095792893,55.142612
978,548.4375,54.41437803699999,55.211655
979,548.5,54.447307401999986,55.494328
980,548.5625,54.36691944100001,55.54788
981,548.625,54.33748760600001,55.565174
982,548.6875,54.152412974000015,55.603844
983,548.75,54.06496377599999,55.483913
984,548.8125,54.09710045600001,55.44935
985,548.875,54.183354347,55.51459
986,548.9375,54.41463156999999,55.62162
987,549.0,54.355914394999985,55.85945
988,549.0625,54.120047137,55.797375
989,549.125,53.890441658,55.545513
990,549.1875,53.687687358000005,55.30119
991,549.25,53.46954349000001,55.052856
992,549.3125,53.309475338999995,54.772697
993,549.375,53.30037367799999,54.55426
994,549.4375,53.642713379,54.573822
995,549.5,53.94230350800001,54.88355
996,549.5625,53.918313346000005,55.169846
997,549.625,53.721047225,55.235386
998,549.6875,53.56800409,55.09815
999,549.75,53.793669658999995,54.98446
1000,549.8125,54.059960417,55.262024
1001,549.875,54.226968778,55.52828
1002,549.9375,54.322042506,55.685886
1003,550.0,54.36151367,55.785122
1004,550.0625,54.486670039,55.818462
1005,550.125,54.297389421000005,55.903347
1006,550.1875,54.036388942,55.665874
1007,550.25,53.905995761999996,55.354195
1008,550.3125,53.809017947,55.15067
1009,550.375,53.726136023,54.959255
1010,550.4375,54.02707888000001,54.84782
1011,550.5,54.284041153000004,55.08415
1012,550.5625,54.202793623999995,55.359383
1013,550.625,54.241629856,55.381786
1014,550.6875,54.446379330999996,55.485813
1015,550.75,54.475976296999995,55.70408
1016,550.8125,54.410906231000006,55.747578
1017,550.875,54.824445264999994,55.711838
1018,550.9375,55.06028540800002,56.11003
1019,551.0,55.097594821,56.342445
1020,551.0625,54.884751224,56.360523
1021,551.125,54.785034936,56.120583
1022,551.1875,54.582173253,55.95583
1023,551.25,54.384717861999995,55.689217
1024,551.3125,54.47372863600001,55.418312
1025,551.375,54.826075497999994,55.40104
1026,551.4375,55.256192377999994,55.67527
1027,551.5,55.325961353000004,56.034977
1028,551.5625,55.15082424999999,56.12969
1029,551.625,55.01280264300001,56.05583
1030,551.6875,54.997187517,55.986015
1031,551.75,55.11644274999999,55.992905
1032,551.8125,54.967627456,56.107212
1033,551.875,54.83834259199999,55.99941
1034,551.9375,54.49222098,55.89876
1035,552.0,54.17411943800001,55.60287
1036,552.0625,54.06123481299999,55.330875
1037,552.125,54.005632556,55.216133
1038,552.1875,53.774300541,55.125195
1039,552.25,53.49215741899999,54.85655
1040,552.3125,53.498511892,54.537407
1041,552.375,53.50235385999999,54.475903
1042,552.4375,53.71323945300002,54.517803
1043,552.5,53.728514579999995,54.76305
1044,552.5625,53.40697739800001,54.805397
1045,552.625,53.084221301000014,54.58961
1046,552.6875,52.95802388300001,54.356544
1047,552.75,53.183829094,54.284447
1048,552.8125,53.258003753999986,54.570683
1049,552.875,53.32165631000001,54.693832
1050,552.9375,53.373164824999996,54.772495
1051,553.0,53.3231488,54.852135
1052,553.0625,53.234092471000004,54.839096
1053,553.125,53.159973908000005,54.760857
1054,553.1875,53.069360541,54.643665
1055,553.25,52.95516795500001,54.512894
1056,553.3125,52.876889948999995,54.347805
1057,553.375,52.946792114000004,54.221783
1058,553.4375,53.210251631000006,54.352734
1059,553.5,53.33511864000001,54.607414
1060,553.5625,53.371105158000006,54.7525
1061,553.625,53.396008548000005,54.887043
1062,553.6875,53.473905239,54.974983
1063,553.75,53.605000648,55.115948
1064,553.8125,53.687397917,55.315376
1065,553.875,53.94518250300001,55.43752
1066,553.9375,54.076050638999995,55.677242
1067,554.0,53.904318797,55.81231
1068,554.0625,53.71687356700001,55.67391
1069,554.125,53.76615512699999,55.501217
1070,554.1875,53.741205394999994,55.533337
1071,554.25,53.69320391400001,55.463924
1072,554.3125,53.720401239,55.360928
1073,554.375,53.80683485,55.31819
1074,554.4375,54.24011408100001,55.414253
1075,554.5,54.37388637200001,55.792625
1076,554.5625,54.30564690000001,55.937065
1077,554.625,54.275783548999996,55.938454
1078,554.6875,54.162136827,55.97678
1079,554.75,54.104006399,55.919556
1080,554.8125,54.15882850799999,55.913006
1081,554.875,54.456365965,55.96383
1082,554.9375,54.674302385000004,56.261562
1083,555.0,54.611866107,56.48591
1084,555.0625,54.581402522999994,56.43574
1085,555.125,54.459496547,56.392216
1086,555.1875,54.302777696000014,56.231365
1087,555.25,54.21180855400001,56.029175
1088,555.3125,54.164025249,55.861286
1089,555.375,54.241435585,55.734
1090,555.4375,54.522091586,55.803757
1091,555.5,54.556853829999994,56.005142
1092,555.5625,54.664459743,56.015472
1093,555.625,54.63867246600001,56.20195
1094,555.6875,54.61022349100001,56.228092
1095,555.75,54.806887928,56.254604
1096,555.8125,55.30458036499999,56.491756
1097,555.875,55.573425629,56.969578
1098,555.9375,55.45815522,57.196747
1099,556.0,55.418381917,57.09425
1100,556.0625,55.29491996499999,57.051575
1101,556.125,55.27638136,56.915176
1102,556.1875,55.18897978100001,56.857784
1103,556.25,55.18987132500001,56.711365
1104,556.3125,55.27150272299999,56.63109
1105,556.375,55.252511906,56.60564
1106,556.4375,55.603497731000004,56.528454
1107,556.5,56.05047179600001,56.791027
1108,556.5625,56.04815285099999,57.208725
1109,556.625,55.867867158,57.26551
1110,556.6875,55.59757283300001,57.13111
1111,556.75,55.421793722,56.903618
1112,556.8125,55.25664663000002,56.766975
1113,556.875,55.414435905999994,56.629112
1114,556.9375,55.643174458999994,56.792477
1115,557.0,55.548899087,57.013947
1116,557.0625,55.38423636600001,56.925232
1117,557.125,55.10480360199999,56.745365
1118,557.1875,54.958414533,56.433468
1119,557.25,54.772295358000015,56.234432
1120,557.3125,54.71544540000001,55.98433
1121,557.375,54.763881513,55.85349
1122,557.4375,54.999039545,55.858505
1123,557.5,55.028809062,56.047173
1124,557.5625,54.85494714200003,56.10368
1125,557.625,54.792844476000006,56.03591
1126,557.6875,54.68224813100001,56.05034
1127,557.75,54.578483211999995,55.997242
1128,557.8125,54.641635531000006,55.965885
1129,557.875,54.917789509,56.06225
1130,557.9375,55.084721097,56.34572
1131,558.0,55.016899367,56.52097
1132,558.0625,54.92238428300001,56.465073
1133,558.125,54.963195664,56.364403
1134,558.1875,54.833619698999996,56.365105
1135,558.25,54.60594694399999,56.18396
1136,558.3125,54.451032006999995,55.90182
1137,558.375,54.54346239299999,55.700527
1138,558.4375,54.687047895999996,55.77152
1139,558.5,54.719239265,55.858692
1140,558.5625,54.677532515,55.91587
1141,558.625,54.50323779699999,55.948444
1142,558.6875,54.336827876,55.825912
1143,558.75,54.21897306300001,55.714756
1144,558.8125,54.280292147999994,55.674744
1145,558.875,54.363234933,55.76358
1146,558.9375,54.43486597999999,55.868484
1147,559.0,54.474529506,55.981316
1148,559.0625,54.48765477999999,56.034966
1149,559.125,54.32697461800001,56.03231
1150,559.1875,54.19303827,55.846607
1151,559.25,54.070523501000004,55.66959
1152,559.3125,53.893170811000005,55.48288
1153,559.375,53.88486193100001,55.247326
1154,559.4375,54.362627229000005,55.265926
1155,559.5,54.541477773,55.706394
1156,559.5625,54.598284280999984,55.8648
1157,559.625,54.757841561,55.977833
1158,559.6875,54.834455764,56.152554
1159,559.75,54.73603374800001,56.22656
1160,559.8125,54.801690089,56.164074
1161,559.875,54.979871335000006,56.235264
1162,559.9375,54.85221694599999,56.39603
1163,560.0,54.726514519,56.28927
1164,560.0625,54.62269006100001,56.178932
1165,560.125,54.52368276000001,56.072025
1166,560.1875,54.40031720600001,55.95927
1167,560.25,54.286780991,55.805664
1168,560.3125,54.233493673999995,55.646503
1169,560.375,54.35203300699999,55.54545
1170,560.4375,54.589237061999995,55.666836
1171,560.5,54.693682717,55.884747
1172,560.5625,54.612726383,56.012913
1173,560.625,54.535765826,56.020363
1174,560.6875,54.566035283999994,56.001766
1175,560.75,54.650203905,56.083252
1176,560.8125,54.893011415000004,56.220055
1177,560.875,55.042672603,56.466347
1178,560.9375,55.152001422999994,56.60534
1179,561.0,55.202327317,56.733036
1180,561.0625,55.100655242,56.776028
1181,561.125,54.884416753,56.66934
1182,561.1875,54.664012251,56.448948
1183,561.25,54.46263926900001,56.215317
1184,561.3125,54.317143177000005,55.9864
1185,561.375,54.39945827899999,55.803688
1186,561.4375,54.64933863900001,55.897156
1187,561.5,54.64972181000001,56.089504
1188,561.5625,54.60949867899999,56.12131
1189,561.625,54.722642824,56.203243
1190,561.6875,54.664523963,56.400524
1191,561.75,54.68932813600001,56.399773
1192,561.8125,54.82297519500001,56.49194
1193,561.875,55.108676127,56.636505
1194,561.9375,55.220399245,56.91373
1195,562.0,55.335123915000004,57.03853
1196,562.0625,55.328677923,57.148315
1197,562.125,55.252423048000004,57.12966
1198,562.1875,55.079388040999994,57.01989
1199,562.25,54.928969924,56.797337
1200,562.3125,54.951944169,56.570744
1201,562.375,55.27116243299999,56.502056
1202,562.4375,55.949017781,56.75079
1203,562.5,56.066903153999995,57.290573
1204,562.5625,55.914294139000006,57.39442
1205,562.625,55.66290023799999,57.320045
1206,562.6875,55.61883833499999,57.1302
1207,562.75,55.63189637800001,57.13132
1208,562.8125,55.752513235,57.184826
1209,562.875,55.874624925000006,57.305214
1210,562.9375,55.799600289000004,57.42283
1211,563.0,55.70198501300001,57.385464
1212,563.0625,55.417761780999996,57.30715
1213,563.125,55.16049106500001,57.035458
1214,563.1875,55.05038972100001,56.78067
1215,563.25,55.13149928699999,56.63857
1216,563.3125,55.37513495100001,56.648018
1217,563.375,55.583003969,56.78269
1218,563.4375,55.749295276000005,56.89824
1219,563.5,55.91523970500001,56.971436
1220,563.5625,55.887744952,57.136753
1221,563.625,55.889290935,57.17258
1222,563.6875,55.792135113,57.216736
1223,563.75,55.62647571699999,57.13665
1224,563.8125,55.831400552999995,57.0088
1225,563.875,56.393959001000006,57.21204
1226,563.9375,56.262275417000005,57.722824
1227,564.0,55.945692326999996,57.61135
1228,564.0625,55.673613381,57.32939
1229,564.125,55.38031672600001,57.063385
1230,564.1875,55.096189384000006,56.770496
1231,564.25,54.983850667000006,56.473236
1232,564.3125,54.93113858399999,56.321087
1233,564.375,54.97014411000001,56.20577
1234,564.4375,55.293363424,56.234985
1235,564.5,55.256585263999995,56.504063
1236,564.5625,55.009835408,56.494267
1237,564.625,54.78491079499999,56.355053
1238,564.6875,54.709102672,56.195942
1239,564.75,54.738124001,56.17894
1240,564.8125,54.812950736000005,56.26389
1241,564.875,54.966698388999994,56.3592
1242,564.9375,54.828519254,56.520134
1243,565.0,54.662334144999996,56.414726
1244,565.0625,54.539962649,56.2967
1245,565.125,54.362072642,56.19913
1246,565.1875,54.187252641,56.03161
1247,565.25,54.08967401399999,55.84754
1248,565.3125,54.033566547,55.724472
1249,565.375,54.09204764600001,55.642845
1250,565.4375,54.295846705,55.708656
1251,565.5,54.375634058,55.85893
1252,565.5625,54.383916842000005,55.922405
1253,565.625,54.492650214000015,56.011272
1254,565.6875,54.49412458199999,56.189663
1255,565.75,54.48745647,56.231018
1256,565.8125,54.644735643999994,56.258194
1257,565.875,54.821333602999985,56.41705
1258,565.9375,55.009048842,56.577564
1259,566.0,55.040787057,56.771008
1260,566.0625,54.929684826000006,56.786278
1261,566.125,54.836309619,56.654655
1262,566.1875,54.817391468,56.53612
1263,566.25,54.881727244,56.48289
1264,566.3125,54.96522148299999,56.482716
1265,566.375,55.201259591999985,56.484123
1266,566.4375,55.621301435999996,56.647026
1267,566.5,55.96637241100001,56.935356
1268,566.5625,55.98839308,57.232674
1269,566.625,55.72358858,57.28068
1270,566.6875,55.523530096,57.05528
1271,566.75,55.615773657999995,56.87478
1272,566.8125,55.782419160999986,56.961456
1273,566.875,56.072625715,57.098057
1274,566.9375,55.99609477300001,57.366085
1275,567.0,55.867874096,57.278347
1276,567.0625,55.855580891,57.14877
1277,567.125,55.820043502,57.094013
1278,567.1875,55.621783619000006,56.99754
1279,567.25,55.48395263000002,56.725544
1280,567.3125,55.379344288999995,56.500175
1281,567.375,55.58612700500001,56.299625
1282,567.4375,55.997895633,56.418026
1283,567.5,56.030728471,56.728294
1284,567.5625,55.910636893,56.80251
1285,567.625,55.65841879399999,56.772614
1286,567.6875,55.757965726,56.595707
1287,567.75,56.14403381299999,56.73158
1288,567.8125,56.472371126000006,57.106403
1289,567.875,56.364958304,57.40897
1290,567.9375,56.28974482999999,57.3166
1291,568.0,56.05602411899999,57.259228
1292,568.0625,55.607327878999996,57.037235
1293,568.125,55.132214293000004,56.59814
1294,568.1875,54.95892799400001,56.120396
1295,568.25,54.757394989000005,55.898483
1296,568.3125,54.556732075,55.631126
1297,568.375,54.429403172,55.366325
1298,568.4375,54.53956629599999,55.227493
1299,568.5,54.342712674,55.351295
1300,568.5625,54.12565067399999,55.24831
1301,568.625,53.801910310000004,55.1601
1302,568.6875,53.399690033999995,54.9372
1303,568.75,53.031205073,54.633427
1304,568.8125,52.787175856000005,54.39539
1305,568.875,52.875654614,54.22233
1306,568.9375,52.842385161,54.334415
1307,569.0,52.540976286,54.357224
1308,569.0625,52.35891601699999,54.10542
1309,569.125,52.215609523000005,53.92824
1310,569.1875,51.998799604,53.76663
1311,569.25,51.699794888,53.52096
1312,569.3125,51.45742165,53.168564
1313,569.375,51.590432138000004,52.89001
1314,569.4375,51.856808484,53.05562
1315,569.5,51.87217462500001,53.358547
1316,569.5625,51.75323889000001,53.43144
1317,569.625,51.72975422,53.413498
1318,569.6875,51.722651774,53.45011
1319,569.75,51.727891338,53.47943
1320,569.8125,51.980773958,53.56891
1321,569.875,52.439607521999996,53.85727
1322,569.9375,52.504785958,54.293297
1323,570.0,52.52266942600001,54.38188
1324,570.0625,52.661111719,54.43167
1325,570.125,52.622820177,54.55278
1326,570.1875,52.505569117,54.484993
1327,570.25,52.56447129399999,54.33135
1328,570.3125,52.568673701,54.31389
1329,570.375,52.790518168999995,54.23782
1330,570.4375,52.999150613000005,54.42412
1331,570.5,52.986332303,54.594254
1332,570.5625,52.991223899,54.617702
1333,570.625,53.036260054999985,54.69891
1334,570.6875,53.168517748999996,54.779068
1335,570.75,53.268072141000005,54.954563
1336,570.8125,53.48512849,55.10476
1337,570.875,53.73823069499999,55.33328
1338,570.9375,53.892451131,55.589417
1339,571.0,53.78280405300001,55.76242
1340,571.0625,53.627966561,55.672665
1341,571.125,53.46187270800001,55.526512
1342,571.1875,53.31525520399999,55.350388
1343,571.25,53.195623719999986,55.167725
1344,571.3125,53.153858461000006,55.012775
1345,571.375,53.47303704200001,54.923634
1346,571.4375,53.910817836000014,55.22255
1347,571.5,53.96057293000001,55.593132
1348,571.5625,53.95938883399999,55.63333
1349,571.625,54.109904527000005,55.71206
1350,571.6875,54.06130747,55.907784
1351,571.75,54.024410673999995,55.89078
1352,571.8125,54.14697821100001,55.91957
1353,571.875,54.217968929000016,56.013996
1354,571.9375,54.114898507,56.077904
1355,572.0,53.995830610000006,56.004257
1356,572.0625,53.84946894300002,55.936768
1357,572.125,53.728741803999995,55.836502
1358,572.1875,53.70925875700001,55.75611
1359,572.25,53.61774287399999,55.748184
1360,572.3125,53.613718887000005,55.634842
1361,572.375,53.919115078,55.60562
1362,572.4375,54.16969687000001,55.898
1363,572.5,54.23817422500001,56.058994
1364,572.5625,54.24027978,56.06961
1365,572.625,54.11435201899999,56.111748
1366,572.6875,54.070281501000004,56.031094
1367,572.75,54.01303829300001,56.016464
1368,572.8125,54.407186711,55.990765
1369,572.875,54.823167211,56.39743
1370,572.9375,55.072941612,56.7791
1371,573.0,55.03353206,56.990303
1372,573.0625,54.87080507399999,56.912014
1373,573.125,54.682365622999995,56.720436
1374,573.1875,54.507526829,56.50889
1375,573.25,54.416429126000004,56.31394
1376,573.3125,54.415848293,56.192425
1377,573.375,54.525413312,56.149853
1378,573.4375,54.75041406300001,56.237972
1379,573.5,55.090398146999995,56.391273
1380,573.5625,55.23702330800001,56.69391
1381,573.625,55.203988118000005,56.846733
1382,573.6875,55.296700561,56.82325
1383,573.75,55.571536333,56.90208
1384,573.8125,55.721120563,57.13894
1385,573.875,55.597563781000005,57.235157
1386,573.9375,55.59688793,57.09539
1387,574.0,55.544633786999995,57.075924
1388,574.0625,55.487543306999996,56.995678
1389,574.125,55.347634414000005,56.900326
1390,574.1875,55.085015911999996,56.71402
1391,574.25,54.836917951,56.406403
1392,574.3125,54.678059378,56.104183
1393,574.375,54.71416014899999,55.883327
1394,574.4375,55.02760715,55.894756
1395,574.5,55.024654183,56.151993
1396,574.5625,54.988128066,56.17935
1397,574.625,54.942587947,56.252895
1398,574.6875,55.003563933,56.283825
1399,574.75,55.20947076399999,56.39656
1400,574.8125,55.33937770499999,56.626213
1401,574.875,55.48512175699999,56.740696
1402,574.9375,55.672498919999995,56.892273
1403,575.0,55.876915831999995,57.092525
1404,575.0625,55.775682015,57.27899
1405,575.125,55.589352397,57.15656
1406,575.1875,55.28395947400001,56.937344
1407,575.25,55.035447664,56.589317
1408,575.3125,54.96207376199999,56.289726
1409,575.375,55.169724459,56.162254
1410,575.4375,55.444053158,56.33054
1411,575.5,55.491016570000006,56.552113
1412,575.5625,55.410725755,56.650196
1413,575.625,55.14632638899999,56.669224
1414,575.6875,54.96754194500001,56.508404
1415,575.75,54.92072611900001,56.400486
1416,575.8125,55.23907663200001,56.42156
1417,575.875,55.470378868999994,56.72779
1418,575.9375,55.236413514,56.948223
1419,576.0,54.951142062,56.74952
1420,576.0625,54.809562903000014,56.503967
1421,576.125,54.767094793000005,56.37034
1422,576.1875,54.79375678600001,56.302387
1423,576.25,54.757219838000005,56.26546
1424,576.3125,54.57400939,56.148773
1425,576.375,54.564544373999986,55.898335
1426,576.4375,54.867540075,55.84959
1427,576.5,54.974948446999996,56.084457
1428,576.5625,54.988965763,56.22268
1429,576.625,54.82546020500001,56.324978
1430,576.6875,54.798022494,56.239048
1431,576.75,54.817460258,56.268288
1432,576.8125,55.116646266,56.340305
1433,576.875,55.432363333999994,56.653946
1434,576.9375,55.559326977,56.961754
1435,577.0,55.49297954899999,57.086
1436,577.0625,55.268550348999995,57.016262
1437,577.125,55.068392814000006,56.79536
1438,577.1875,55.03811556200001,56.57548
1439,577.25,54.898508736000004,56.48947
1440,577.3125,54.741965806999985,56.274696
1441,577.375,54.912485129,56.045815
1442,577.4375,55.15576951,56.15961
1443,577.5,55.10784293600001,56.335293
1444,577.5625,54.89636568499999,56.32767
1445,577.625,54.73101001599999,56.20277
1446,577.6875,54.506227099,56.106422
1447,577.75,54.44991311300001,55.94488
1448,577.8125,54.358474386000005,55.937256
1449,577.875,54.39683981199999,55.86976
1450,577.9375,54.681677886,55.94804
1451,578.0,54.809554657999996,56.26222
1452,578.0625,54.523224318000004,56.38215
1453,578.125,54.218817011999995,56.10588
1454,578.1875,54.00795255100001,55.79979
1455,578.25,53.931333941999995,55.55816
1456,578.3125,53.887659108000015,55.427944
1457,578.375,53.960928588,55.33072
1458,578.4375,54.165847692999996,55.394543
1459,578.5,54.126675789000004,55.5562
1460,578.5625,54.25168892500001,55.547943
1461,578.625,54.202764312,55.766926
1462,578.6875,54.087170727,55.776577
1463,578.75,54.20152940100001,55.711185
1464,578.8125,54.517963585,55.87712
1465,578.875,54.673023371999996,56.187702
1466,578.9375,54.682401655,56.356728
1467,579.0,54.667351566,56.402813
1468,579.0625,54.523261696999995,56.389774
1469,579.125,54.335994697,56.245674
1470,579.1875,54.186032084,56.056355
1471,579.25,54.11259968100001,55.888287
1472,579.3125,53.927614776000006,55.77387
1473,579.375,53.87425393000001,55.549873
1474,579.4375,54.02229458100001,55.49919
1475,579.5,54.05627960299999,55.630222
1476,579.5625,53.97882032500001,55.67033
1477,579.625,53.886188693,55.690186
1478,579.6875,53.92156755799999,55.68028
1479,579.75,53.94820231799999,55.742725
1480,579.8125,54.072003812999995,55.82664
1481,579.875,54.077104313999996,55.96708
1482,579.9375,53.979753480999996,55.982174
1483,580.0,54.08545669200001,55.93308
1484,580.0625,54.13054672800001,56.064575
1485,580.125,54.02656683699999,56.099712
1486,580.1875,53.89748675999999,55.97375
1487,580.25,53.70654315000001,55.79259
1488,580.3125,53.577555602,55.55054
1489,580.375,53.734680031,55.390915
1490,580.4375,53.894376859000005,55.577583
1491,580.5,54.004351208,55.73238
1492,580.5625,53.923596948000004,55.809296
1493,580.625,53.750404667000005,55.76305
1494,580.6875,53.82980370599999,55.63971
1495,580.75,53.86343814199998,55.764225
1496,580.8125,53.889081271,55.861942
1497,580.875,53.912231242000004,55.88823
1498,580.9375,53.84674058199999,55.90903
1499,581.0,53.70876450499999,55.878105
1500,581.0625,53.587449756000005,55.75908
1501,581.125,53.49964586499999,55.650322
1502,581.1875,53.548988236999996,55.568172
1503,581.25,53.62843022100001,55.5736
1504,581.3125,53.615245808000005,55.588333
1505,581.375,53.617063307,55.514824
1506,581.4375,53.730764931,55.49502
1507,581.5,53.894840306000006,55.521194
1508,581.5625,54.08439919,55.64827
1509,581.625,54.205032759,55.91655
1510,581.6875,54.26320723600001,56.083183
1511,581.75,54.208738516,56.169296
1512,581.8125,54.437994193,56.13904
1513,581.875,54.80639594699999,56.37579
1514,581.9375,54.84333499900001,56.73426
1515,582.0,54.964751702,56.779987
1516,582.0625,55.023661508,56.913353
1517,582.125,55.054347492,56.963936
1518,582.1875,55.313235254,56.970623
1519,582.25,55.544516961000014,57.173447
1520,582.3125,55.51757298800002,57.291622
1521,582.375,55.691510387,57.16736
1522,582.4375,56.11563578399999,57.238186
1523,582.5,56.50745533100001,57.51356
1524,582.5625,56.39693141800001,57.87336
1525,582.625,56.209400469,57.81906
1526,582.6875,56.15708969400001,57.685852
1527,582.75,56.375821026000004,57.65328
1528,582.8125,56.644945168999996,57.857544
1529,582.875,56.626491612,58.081284
1530,582.9375,56.497807771000005,58.05034
1531,583.0,56.25677103299999,57.94056
1532,583.0625,55.845190591999994,57.71678
1533,583.125,55.53048596000001,57.322605
1534,583.1875,55.231148301999994,57.01223
1535,583.25,55.03472265,56.691223
1536,583.3125,55.05798995799999,56.455837
1537,583.375,54.997712331,56.399868
1538,583.4375,55.184417468000014,56.319016
1539,583.5,55.13317545899999,56.453182
1540,583.5625,54.86541629000001,56.414116
1541,583.625,54.541796510999994,56.25615
1542,583.6875,54.377922631999986,56.027378
1543,583.75,54.36193651799999,55.926373
1544,583.8125,54.31043282799999,55.96458
1545,583.875,54.571377233999996,55.945972
1546,583.9375,54.644002033000014,56.203663
1547,584.0,54.421900726000004,56.30078
1548,584.0625,54.348228148999986,56.12575
1549,584.125,54.180026383000005,56.080894
1550,584.1875,53.95616185500001,55.917225
1551,584.25,53.754876756,55.684788
1552,584.3125,53.60930702399999,55.460796
1553,584.375,53.60993829300001,55.288094
1554,584.4375,53.86795226,55.310432
1555,584.5,54.10679108499999,55.523285
1556,584.5625,54.025429262,55.751083
1557,584.625,53.839004654,55.744015
1558,584.6875,53.814713495999996,55.621456
1559,584.75,53.951826326,55.652397
1560,584.8125,54.268713088999995,55.84322
1561,584.875,54.901204963999994,56.17313
1562,584.9375,55.248451810000006,56.765965
1563,585.0,55.193333722000006,57.08066
1564,585.0625,55.016914231,57.00509
1565,585.125,54.790093817,56.804115
1566,585.1875,54.627794406999996,56.54405
1567,585.25,54.459720022,56.334545
1568,585.3125,54.30797449899999,56.1072
1569,585.375,54.3162264,55.900364
1570,585.4375,54.625428209,55.87317
1571,585.5,54.798158728000004,56.080807
1572,585.5625,54.87166641299999,56.260754
1573,585.625,54.92093662,56.424366
1574,585.6875,54.940124780999994,56.52764
1575,585.75,54.842082186000006,56.578827
1576,585.8125,54.79597295399999,56.51556
1577,585.875,54.97857508799999,56.48004
1578,585.9375,55.196775001999995,56.664406
1579,586.0,55.294760256,56.880444
1580,586.0625,55.158179753999995,56.96545
1581,586.125,54.996016048,56.81831
1582,586.1875,54.792996433,56.62435
1583,586.25,54.60288547500001,56.378735
1584,586.3125,54.417347922,56.135826
1585,586.375,54.472054613,55.892475
1586,586.4375,54.950471704,55.925747
1587,586.5,55.14553315599999,56.310444
1588,586.5625,54.909600799,56.501976
1589,586.625,54.722496339999985,56.362076
1590,586.6875,54.442150961,56.22985
1591,586.75,54.223972119,55.99908
1592,586.8125,54.170547938,55.848095
1593,586.875,54.21398623099999,55.83212
1594,586.9375,54.273852807,55.907734
1595,587.0,54.18444552199999,56.006985
1596,587.0625,53.95336246800001,55.939987
1597,587.125,53.77981408500002,55.72979
1598,587.1875,53.566470713,55.567623
1599,587.25,53.33800614899999,55.349075
1600,587.3125,53.20924063100001,55.112427
1601,587.375,53.288495276,54.967747
1602,587.4375,53.647589935000006,55.067593
1603,587.5,53.727200864000004,55.388443
1604,587.5625,53.62111164600001,55.456505
1605,587.625,53.61634286899999,55.406483
1606,587.6875,53.66186426,55.45044
1607,587.75,53.70791430799999,55.507584
1608,587.8125,53.859340847,55.59683
1609,587.875,53.994973849,55.753925
1610,587.9375,54.0782362,55.86889
1611,588.0,54.162816968,55.961388
1612,588.0625,54.194268655,56.048225
1613,588.125,54.12829990200001,56.0707
1614,588.1875,54.06311244900001,55.988304
1615,588.25,53.950521669,55.89162
1616,588.3125,53.902822004,55.734123
1617,588.375,54.228059282,55.647438
1618,588.4375,54.566187459,55.936787
1619,588.5,54.560534808,56.19382
1620,588.5625,54.563672838,56.190395
1621,588.625,54.57404367800001,56.272552
1622,588.6875,54.744986265,56.32411
1623,588.75,54.884371578,56.514324
1624,588.8125,55.008175242,56.659782
1625,588.875,55.298334758,56.77522
1626,588.9375,55.478311275,57.056866
1627,589.0,55.405587603,57.224327
1628,589.0625,55.218722052999986,57.15078
1629,589.125,54.98220256,56.959396
1630,589.1875,54.772281636,56.715935
1631,589.25,54.638790439999994,56.48209
1632,589.3125,54.49710577200001,56.299435
1633,589.375,54.578568843999996,56.10911
1634,589.4375,54.584457912000005,56.147892
1635,589.5,54.38636984100001,56.09712
1636,589.5625,54.199318115,55.95938
1637,589.625,54.136378457,55.89795
1638,589.6875,54.245191690999995,55.937366
1639,589.75,54.30095795199999,56.0985
1640,589.8125,54.321902939999994,56.19635
1641,589.875,54.21814366000002,56.22675
1642,589.9375,54.19676872,56.14764
1643,590.0,54.230284860999994,56.167446
1644,590.0625,54.233132098000006,56.19534
1645,590.125,54.045674001,56.179016
1646,590.1875,53.818998144,55.96512
1647,590.25,53.708069298999995,55.7041
1648,590.3125,53.58534626,55.524426
1649,590.375,53.862660788000014,55.33461
1650,590.4375,54.088443119000004,55.565792
1651,590.5,53.86833498600001,55.721073
1652,590.5625,53.586983202,55.52853
1653,590.625,53.342115396000004,55.32072
1654,590.6875,53.158169971000014,55.131428
1655,590.75,53.20381313600001,55.018654
1656,590.8125,53.263164492,55.12686
1657,590.875,53.29735327000001,55.22625
1658,590.9375,53.204185015,55.2757
1659,591.0,53.338773686,55.22597
1660,591.0625,53.321917717,55.38472
1661,591.125,53.217372676,55.359093
1662,591.1875,53.01273621500001,55.24076
1663,591.25,52.871259984000005,55.0061
1664,591.3125,52.720873476,54.805847
1665,591.375,52.72445539700001,54.579975
1666,591.4375,52.903832745,54.574875
1667,591.5,53.036049383999995,54.65316
1668,591.5625,53.230031536000006,54.76574
1669,591.625,53.43753705300001,55.049297
1670,591.6875,53.407644438999995,55.288017
1671,591.75,53.444976645,55.287968
1672,591.8125,53.52805806600001,55.361553
1673,591.875,53.786061307000004,55.43833
1674,591.9375,53.97347709900001,55.69466
1675,592.0,53.970964149,55.89248
1676,592.0625,53.906180623999994,55.90816
1677,592.125,53.769607406999995,55.8471
1678,592.1875,53.593871578000005,55.695778
1679,592.25,53.496655016999995,55.49161
1680,592.3125,53.623092064,55.357292
1681,592.375,53.844744298,55.427307
1682,592.4375,54.562145451000006,55.596382
1683,592.5,54.948187428999994,56.168564
1684,592.5625,54.810534347,56.509342
1685,592.625,54.709328571,56.42552
1686,592.6875,54.631077385,56.35618
1687,592.75,54.556441289999995,56.293987
1688,592.8125,54.744254280999996,56.24054
1689,592.875,55.04063489999999,56.419464
1690,592.9375,55.172893196999986,56.712276
1691,593.0,55.01882324100001,56.845844
1692,593.0625,54.80655535800001,56.704826
1693,593.125,54.69305901899999,56.49921
1694,593.1875,54.644428058,56.37855
1695,593.25,54.48203191899999,56.28523
1696,593.3125,54.290475913,56.06659
1697,593.375,54.359278425,55.822342
1698,593.4375,54.75153942499999,55.86175
1699,593.5,54.791465865,56.141598
1700,593.5625,54.795536168000005,56.18046
1701,593.625,54.84760008699999,56.248627
1702,593.6875,54.70371886499999,56.32993
1703,593.75,54.567691438,56.211765
1704,593.8125,54.611065965,56.106606
1705,593.875,54.55782795799999,56.1527
1706,593.9375,54.515006346000014,56.104557
1707,594.0,54.454089327999995,56.09512
1708,594.0625,54.244519964,56.049385
1709,594.125,54.06126199100001,55.846607
1710,594.1875,53.92199870999999,55.660305
1711,594.25,53.90714312600001,55.504448
1712,594.3125,53.893901074,55.46195
1713,594.375,53.94558524400001,55.406326
1714,594.4375,54.43403651100001,55.440693
1715,594.5,54.66189645800001,55.84563
1716,594.5625,54.707895128000004,56.041607
1717,594.625,54.67410007500002,56.136883
1718,594.6875,54.49546136899999,56.131573
1719,594.75,54.45436882699999,55.983128
1720,594.8125,54.479318957,55.969765
1721,594.875,54.684836678,55.983555
1722,594.9375,54.812635635999996,56.188145
1723,595.0,54.865164488999994,56.328262
1724,595.0625,54.952841742,56.38392
1725,595.125,55.16916727,56.461258
1726,595.1875,55.082151198999995,56.618855
1727,595.25,54.863041104,56.4727
1728,595.3125,54.668388213,56.187626
1729,595.375,54.81213713300002,55.926052
1730,595.4375,55.206249057,56.039577
1731,595.5,55.319045112999994,56.34845
1732,595.5625,55.35973621500001,56.485523
1733,595.625,55.140410851,56.60241
1734,595.6875,54.881508314,56.44463
1735,595.75,54.83874867600001,56.23643
1736,595.8125,55.10582681,56.253513
1737,595.875,55.401434495,56.53323
1738,595.9375,55.274104164,56.82834
1739,596.0,55.083091232,56.743786
1740,596.0625,54.754652068000006,56.584156
1741,596.125,54.421070924000006,56.272682
1742,596.1875,54.11599029799999,55.95568
1743,596.25,53.931392294,55.651764
1744,596.3125,53.910481053000005,55.4535
1745,596.375,53.765885061999995,55.394978
1746,596.4375,54.049407648,55.263027
1747,596.5,54.18478000300001,55.4944
1748,596.5625,54.1595694,55.649834
1749,596.625,54.149126231000004,55.728943
1750,596.6875,54.37555812699999,55.811283
1751,596.75,54.298736663999996,56.075954
1752,596.8125,54.368727566000004,56.045883
1753,596.875,54.430687444000014,56.135666
1754,596.9375,54.525617907000004,56.221798
1755,597.0,54.632342023,56.358475
1756,597.0625,54.91357876300001,56.49281
1757,597.125,55.012597213999996,56.76389
1758,597.1875,54.96150930399999,56.82253
1759,597.25,54.874029834999995,56.719357
1760,597.3125,54.88572542,56.564816
1761,597.375,55.040397252,56.49245
1762,597.4375,55.562843992,56.570065
1763,597.5,55.76582828300002,56.968624
1764,597.5625,55.720582345,57.161655
1765,597.625,55.54898027100001,57.18252
1766,597.6875,55.54169362500001,57.05965
1767,597.75,55.465708072000005,57.084816
1768,597.8125,55.493845947999986,57.030052
1769,597.875,55.549864924999994,57.0611
1770,597.9375,55.42105030899999,57.1289
1771,598.0,55.30188057899999,57.0326
1772,598.0625,55.142441050999984,56.94241
1773,598.125,54.962274717999996,56.78909
1774,598.1875,54.883506133999994,56.600487
1775,598.25,54.638410443000005,56.4818
1776,598.3125,54.427619669,56.17248
1777,598.375,54.470607202,55.901104
1778,598.4375,54.564829221000004,55.888466
1779,598.5,54.64480821499999,55.898647
1780,598.5625,54.74014528200001,56.00057
1781,598.625,54.576905674,56.17735
1782,598.6875,54.31768091,56.06795
1783,598.75,54.121830618999994,55.844086
1784,598.8125,54.19107059199999,55.69886
1785,598.875,54.215997472,55.77765
1786,598.9375,54.247771306000004,55.822197
1787,599.0,54.064987719,55.901417
1788,599.0625,53.854827678000014,55.753735
1789,599.125,53.602203403999994,55.56608
1790,599.1875,53.350257336000006,55.31635
1791,599.25,53.276772212000004,55.054405
1792,599.3125,53.19296635100001,54.95568
1793,599.375,53.270054181000006,54.82831
1794,599.4375,53.727185167,54.891273
1795,599.5,53.85318884600001,55.268066
1796,599.5625,53.612427333999996,55.38683
1797,599.625,53.463199806999995,55.24144
1798,599.6875,53.590813477,55.143913
1799,599.75,53.64948613,55.303493
1800,599.8125,53.867728803999995,55.392197
1801,599.875,54.173266466,55.622818
1802,599.9375,54.14927425800002,55.928738
1803,600.0,54.06620780900001,55.927364
1804,600.0625,54.021767352000005,55.88351
1805,600.125,54.02669847399999,55.845043
1806,600.1875,54.05471123600001,55.84146
1807,600.25,53.90200240399999,55.825493
1808,600.3125,53.77147484,55.627953
1809,600.375,53.865420093,55.439972
1810,600.4375,54.060645701,55.491257
1811,600.5,54.198277096999995,55.61257
1812,600.5625,54.098104967000005,55.74185
1813,600.625,54.294361749000004,55.729095
1814,600.6875,54.39473606200001,55.971565
1815,600.75,54.407110102000004,56.080776
1816,600.8125,54.37006044299999,56.09932
1817,600.875,54.386786943999994,56.06476
1818,600.9375,54.270685405,56.086426
1819,601.0,54.061679567999995,55.997517
1820,601.0625,53.87149988600001,55.816727
1821,601.125,53.76407283,55.65322
1822,601.1875,53.66588754599999,55.566498
1823,601.25,53.518686955000014,55.477234
1824,601.3125,53.558628006999996,55.31661
1825,601.375,53.850828199,55.32409
1826,601.4375,54.231636955000006,55.59484
1827,601.5,54.395011608000004,55.889717
1828,601.5625,54.309550333000004,56.014122
1829,601.625,54.11926432300001,55.96462
1830,601.6875,54.078566163000005,55.78652
1831,601.75,54.230221645,55.777107
1832,601.8125,54.294375482,55.953983
1833,601.875,54.349891748999994,56.003136
1834,601.9375,54.33490853499999,56.064823
1835,602.0,54.315653912,56.062305
1836,602.0625,54.197109768999994,56.054222
1837,602.125,53.984004985000006,55.933975
1838,602.1875,53.740573657,55.716694
1839,602.25,53.534210638999994,55.455807
1840,602.3125,53.591130817999996,55.230755
1841,602.375,53.691475523,55.252655
1842,602.4375,53.898259746,55.3228
1843,602.5,53.97249965,55.442547
1844,602.5625,53.889680449,55.51126
1845,602.625,54.239994108,55.501545
1846,602.6875,54.341545073,55.899704
1847,602.75,54.386668056000005,56.004536
1848,602.8125,54.587156012,56.074158
1849,602.875,54.63733324,56.243088
1850,602.9375,54.67468405500001,56.292423
1851,603.0,54.546233464,56.34312
1852,603.0625,54.46820839500001,56.24223
1853,603.125,54.26420483,56.17834
1854,603.1875,54.151640141,55.97484
1855,603.25,54.025696734,55.850662
1856,603.3125,53.973056155,55.693493
1857,603.375,54.31887965800001,55.60718
1858,603.4375,54.940127698999994,55.899612
1859,603.5,55.111911363000004,56.399456
1860,603.5625,55.403390738,56.58549
1861,603.625,55.42273948800001,56.947414
1862,603.6875,55.51226353199999,56.997604
1863,603.75,55.651855058,57.10484
1864,603.8125,56.038711002,57.222504
1865,603.875,56.46244991199999,57.570354
1866,603.9375,57.031342509000005,57.960835
1867,604.0,56.860597031999994,58.479202
1868,604.0625,56.56695818,58.2798
1869,604.125,56.48119731,57.96451
1870,604.1875,56.328852104000006,57.825893
1871,604.25,55.972840292,57.602493
1872,604.3125,55.656567247,57.178505
1873,604.375,55.69775851799999,56.79289
1874,604.4375,55.714813372,56.749615
1875,604.5,55.500614993,56.69905
1876,604.5625,55.100098894000006,56.54278
1877,604.625,54.869724168,56.24826
1878,604.6875,54.81845055800001,56.09351
1879,604.75,54.91558132600001,56.083763
1880,604.8125,54.982832188999986,56.200382
1881,604.875,54.788448401000004,56.25913
1882,604.9375,54.47621883700001,56.089134
1883,605.0,54.178263463,55.809616
1884,605.0625,53.796616330999996,55.53219
1885,605.125,53.321366842,55.1523
1886,605.1875,53.02863524599999,54.674904
1887,605.25,52.721208276000006,54.355873
1888,605.3125,52.490127902000005,54.004505
1889,605.375,52.538536745,53.72714
1890,605.4375,52.850855676,53.74096
1891,605.5,53.146572657,53.98921
1892,605.5625,53.421334091,54.33156
1893,605.625,53.464998783999995,54.700394
1894,605.6875,53.423477923,54.792465
1895,605.75,53.555050236999996,54.780605
1896,605.8125,53.944700968999996,54.922405
1897,605.875,54.116992614,55.283226
1898,605.9375,54.10563371699999,55.451427
1899,606.0,54.277172259000004,55.448475
1900,606.0625,54.19132878999999,55.59841
1901,606.125,54.021523971,55.470745
1902,606.1875,53.909869947000004,55.24612
1903,606.25,53.67896627600001,55.048767
1904,606.3125,53.656312513,54.721
1905,606.375,53.61531230199998,54.58502
1906,606.4375,53.671445281000004,54.45906
1907,606.5,53.469149683000005,54.485138
1908,606.5625,53.035907668,54.342484
1909,606.625,52.606615968999996,54.0176
1910,606.6875,52.213796452,53.65625
1911,606.75,51.70627677900001,53.308495
1912,606.8125,51.46258790800001,52.866238
1913,606.875,51.185737663999994,52.684265
1914,606.9375,50.580989713,52.440117
1915,607.0,50.023421651999996,51.919518
1916,607.0625,49.450847748,51.414333
1917,607.125,48.871625615,50.88264
1918,607.1875,48.37996143,50.3522
1919,607.25,47.993804809,49.88204
1920,607.3125,47.668908072,49.501354
1921,607.375,47.675906493999996,49.18085
1922,607.4375,47.677404811,49.254425
1923,607.5,47.784919118999994,49.346546
1924,607.5625,47.603892533999996,49.53754
1925,607.625,47.412026710000006,49.458824
1926,607.6875,47.319467335,49.352974
1927,607.75,47.369198217000005,49.312965
1928,607.8125,47.452686803,49.447807
1929,607.875,47.754133043,49.561653
1930,607.9375,47.909515203999995,49.87148
1931,608.0,48.110979817,50.07185
1932,608.0625,48.266274242,50.3129
1933,608.125,48.24632108,50.576546
1934,608.1875,48.253617508999994,50.544724
1935,608.25,48.273588996,50.526398
1936,608.3125,48.353232811999995,50.49212
1937,608.375,48.744843495,50.5121
1938,608.4375,49.199054288,50.904716
1939,608.5,49.25098775,51.383266
1940,608.5625,49.321279233,51.434868
1941,608.625,49.394618268,51.54646
1942,608.6875,49.56111579099999,51.61616
1943,608.75,49.75608810800002,51.77275
1944,608.8125,50.15379736500001,51.98553
1945,608.875,50.53691145300001,52.37298
1946,608.9375,50.72626489299999,52.69463
1947,609.0,50.762533383000005,52.85607
