,Time (d),NH4_meas_PCA_GA (gNm3),NH4_pred_PCA_GA (gN/m3)
0,487.23958330000005,0.687365399,0.6284508
1,487.2916667,0.662235437,0.61600953
2,487.34375,0.631201886,0.59910244
3,487.39583330000005,0.5984413120000001,0.569399
4,487.4479167,0.568142072,0.53379613
5,487.5,0.544314772,0.5295314
6,487.55208330000005,0.5314438779999999,0.52100295
7,487.6041667,0.534066869,0.50812125
8,487.65625,0.551551103,0.508119
9,487.70833330000005,0.576252881,0.52277064
10,487.7604167,0.59982096,0.54044
11,487.8125,0.619317228,0.55509514
12,487.86458330000005,0.6341879570000001,0.57835704
13,487.9166667,0.646495191,0.59882885
14,487.96875,0.662833471,0.6156563
15,488.02083330000005,0.687624603,0.6359342
16,488.0729167,0.7245729009999999,0.6597034
17,488.125,0.7705588659999999,0.6933204
18,488.17708330000005,0.81065769,0.7374543
19,488.2291667,0.84023715,0.7749347
20,488.28125,0.863898864,0.8028444
21,488.33333330000005,0.8733581309999999,0.82553387
22,488.3854167,0.8592373470000001,0.83038247
23,488.4375,0.824408677,0.8085969
24,488.48958330000005,0.787573449,0.8040534
25,488.5416667,0.77891835,0.79047006
26,488.59375,0.814130738,0.7860456
27,488.64583330000005,0.8756131800000001,0.8173471
28,488.6979167,0.9418905499999999,0.8675549
29,488.75,0.99463871,0.9164808
30,488.80208330000005,1.012599725,0.95302945
31,488.8541667,0.997337477,0.97692174
32,488.90625,0.9945045180000001,0.9786278
33,488.95833330000005,1.045155908,0.98347
34,489.0104167,1.120053184,1.0258286
35,489.0625,1.169276102,1.0843977
36,489.11458330000005,1.158888974,1.1262794
37,489.1666667,1.106722723,1.1189038
38,489.21875,1.029074655,1.0796008
39,489.27083330000005,0.9311891200000001,1.0187176
40,489.3229167,0.824759496,0.9405112
41,489.375,0.72121574,0.85287005
42,489.42708330000005,0.631948395,0.7502929
43,489.4791667,0.568912961,0.69241154
44,489.53125,0.54055197,0.6559137
45,489.58333330000005,0.544480554,0.631929
46,489.6354167,0.561595164,0.6313803
47,489.6875,0.57601745,0.64123476
48,489.73958330000005,0.581504355,0.64633393
49,489.7916667,0.5765229270000001,0.6373175
50,489.84375,0.562548334,0.63085383
51,489.89583330000005,0.5477429629999999,0.6218062
52,489.9479167,0.540667694,0.6073225
53,490.0,0.538422744,0.59832203
54,490.05208330000005,0.53607417,0.59123534
55,490.1041667,0.531726015,0.5850993
56,490.15625,0.52461943,0.5801134
57,490.20833330000005,0.51645068,0.57202584
58,490.2604167,0.509049881,0.56243813
59,490.3125,0.502473736,0.553307
60,490.36458330000005,0.496011915,0.5440765
61,490.4166667,0.48922505999999993,0.51785386
62,490.46875,0.48278154,0.5078808
63,490.52083330000005,0.478296655,0.5190827
64,490.5729167,0.47778649700000003,0.5167456
65,490.625,0.482043578,0.5129707
66,490.67708330000005,0.489891866,0.51632315
67,490.7291667,0.49926427100000004,0.52310526
68,490.78125,0.5087314820000001,0.52484804
69,490.83333330000005,0.517965456,0.5282316
70,490.8854167,0.526082874,0.5423199
71,490.9375,0.53273785,0.55336666
72,490.98958330000005,0.539814814,0.558823
73,491.0416667,0.5483710820000001,0.5656018
74,491.09375,0.557543538,0.57441896
75,491.14583330000005,0.5662580389999999,0.5839292
76,491.1979167,0.5737199820000001,0.59308344
77,491.25,0.579865895,0.60045224
78,491.30208330000005,0.5849063760000001,0.6071011
79,491.3541667,0.588709143,0.6110982
80,491.40625,0.591236739,0.6000699
81,491.45833330000005,0.592220314,0.5919073
82,491.5104167,0.59151772,0.61303425
83,491.5625,0.590846381,0.62537736
84,491.61458330000005,0.593399636,0.62723845
85,491.6666667,0.601214404,0.6327644
86,491.71875,0.614055095,0.6434879
87,491.77083330000005,0.630236561,0.6541455
88,491.8229167,0.647993731,0.6653571
89,491.875,0.666620487,0.6875824
90,491.92708330000005,0.6881876090000001,0.7105415
91,491.9791667,0.716662913,0.73279047
92,492.03125,0.7551253970000001,0.75943506
93,492.08333330000005,0.799855016,0.79680616
94,492.1354167,0.8410651159999999,0.8401797
95,492.1875,0.876947325,0.87802756
96,492.23958330000005,0.908734135,0.91215223
97,492.2916667,0.932162163,0.9425753
98,492.34375,0.9411926520000001,0.96544296
99,492.39583330000005,0.9341059529999999,0.96293426
100,492.4479167,0.9143557090000001,0.93915755
101,492.5,0.892968049,0.9456417
102,492.55208330000005,0.8905327159999998,0.9457556
103,492.6041667,0.924493658,0.9504926
104,492.65625,0.9935091690000001,0.98430586
105,492.70833330000005,1.085980847,1.0468485
106,492.7604167,1.180648134,1.1225257
107,492.8125,1.2567242159999998,1.1971694
108,492.86458330000005,1.307381334,1.274944
109,492.9166667,1.389046109,1.3296248
110,492.96875,1.577190285,1.406412
111,493.02083330000005,1.8690972129999999,1.5747714
112,493.0729167,2.2041351409999996,1.8332494
113,493.125,2.5331052409999995,2.1293411
114,493.17708330000005,2.803434254,2.4186428
115,493.2291667,2.949109988,2.6566935
116,493.28125,2.938387882,2.7846713
117,493.33333330000005,2.798486447,2.7707024
118,493.3854167,2.552589081,2.6373298
119,493.4375,2.2530403869999995,2.4178677
120,493.48958330000005,2.0243227099999994,2.2192817
121,493.5416667,1.9780556669999996,2.0829797
122,493.59375,2.1116463640000003,2.0801928
123,493.64583330000005,2.300505141,2.2118244
124,493.6979167,2.468000905,2.3954566
125,493.75,2.603704824,2.5639076
126,493.80208330000005,2.7158675399999996,2.717136
127,493.8541667,2.813738177,2.8414567
128,493.90625,2.9199298429999994,2.9240115
129,493.95833330000005,3.110822347,3.0395238
130,494.0104167,3.37512682,3.236977
131,494.0625,3.626312915,3.4838703
132,494.11458330000005,3.8203022449999997,3.7150624
133,494.1666667,3.928158297,3.8695467
134,494.21875,3.9083621419999997,3.9124758
135,494.27083330000005,3.748043967,3.8165305
136,494.3229167,3.432381774,3.5707324
137,494.375,2.966322685,3.1894755
138,494.42708330000005,2.41124712,2.7044787
139,494.4791667,1.8984436749999996,2.2266788
140,494.53125,1.561687031,1.791885
141,494.58333330000005,1.413908633,1.4863099
142,494.6354167,1.347179098,1.3378884
143,494.6875,1.267439416,1.2640991
144,494.73958330000005,1.162406558,1.1829308
145,494.7916667,1.032161968,1.0767132
146,494.84375,0.889164182,0.96620053
147,494.89583330000005,0.7775096700000002,0.85667765
148,494.9479167,0.719830159,0.76754904
149,495.0,0.693505543,0.7170847
150,495.05208330000005,0.67130423,0.6879586
151,495.1041667,0.644183454,0.66229707
152,495.15625,0.6127028760000001,0.6383597
153,495.20833330000005,0.58504943,0.61321545
154,495.2604167,0.566000913,0.58928496
155,495.3125,0.553192141,0.56989306
156,495.36458330000005,0.5431245339999999,0.5533902
157,495.4166667,0.534096793,0.52676034
158,495.46875,0.526131155,0.5208226
159,495.52083330000005,0.520710938,0.5296142
160,495.5729167,0.520776436,0.52451444
161,495.625,0.526610559,0.522473
162,495.67708330000005,0.5354913929999999,0.5275932
163,495.7291667,0.545847443,0.53314334
164,495.78125,0.55617615,0.5374571
165,495.83333330000005,0.564395038,0.5460829
166,495.8854167,0.569845931,0.560421
167,495.9375,0.5745857870000001,0.56829226
168,495.98958330000005,0.5807793370000001,0.57099503
169,496.0416667,0.588190537,0.5763019
170,496.09375,0.594589822,0.58490217
171,496.14583330000005,0.599160141,0.59128314
172,496.1979167,0.602444587,0.5966002
173,496.25,0.604245613,0.60367376
174,496.30208330000005,0.604521304,0.60803527
175,496.3541667,0.603935934,0.60924757
176,496.40625,0.60249409,0.59953576
177,496.45833330000005,0.599591082,0.5910545
178,496.5104167,0.59547721,0.6100893
179,496.5625,0.5919769420000001,0.61679107
180,496.61458330000005,0.591722662,0.6141703
181,496.6666667,0.595203487,0.61538476
182,496.71875,0.60067295,0.62259126
183,496.77083330000005,0.606336526,0.6255855
184,496.8229167,0.6112452629999999,0.6286086
185,496.875,0.61461821,0.64004415
186,496.92708330000005,0.6169192720000001,0.64952254
187,496.9791667,0.619775184,0.65571207
188,497.03125,0.6239382370000001,0.66158366
189,497.08333330000005,0.629083933,0.66851825
190,497.1354167,0.634055029,0.6763642
191,497.1875,0.637631598,0.682803
192,497.23958330000005,0.639047541,0.68827116
193,497.2916667,0.6378602560000001,0.6935089
194,497.34375,0.634056531,0.69618744
195,497.39583330000005,0.6282672539999999,0.6828769
196,497.4479167,0.62124709,0.6560661
197,497.5,0.613837527,0.66885394
198,497.55208330000005,0.6077095379999999,0.67976135
199,497.6041667,0.606065803,0.6777519
200,497.65625,0.610361166,0.6784701
201,497.70833330000005,0.61958384,0.6863348
202,497.7604167,0.630971087,0.6942941
203,497.8125,0.642118334,0.69632
204,497.86458330000005,0.652074135,0.70873296
205,497.9166667,0.6605939510000001,0.7222947
206,497.96875,0.669122651,0.7304942
207,498.02083330000005,0.67858975,0.7393286
208,498.0729167,0.687592977,0.7516083
209,498.125,0.694901628,0.76386106
210,498.17708330000005,0.700995508,0.7727824
211,498.2291667,0.706248509,0.7786711
212,498.28125,0.709118997,0.7842069
213,498.33333330000005,0.707089014,0.78776085
214,498.3854167,0.699268048,0.7763542
215,498.4375,0.686495355,0.7414709
216,498.48958330000005,0.670948509,0.7400966
217,498.5416667,0.65677161,0.74752647
218,498.59375,0.649529935,0.7400564
219,498.64583330000005,0.651824356,0.7341747
220,498.6979167,0.662148501,0.73935467
221,498.75,0.675334688,0.7488257
222,498.80208330000005,0.687109023,0.75215703
223,498.8541667,0.6963787440000001,0.7624097
224,498.90625,0.704189232,0.77748466
225,498.95833330000005,0.713335361,0.78828686
226,499.0104167,0.7271123840000001,0.7976346
227,499.0625,0.7464308470000001,0.8107457
228,499.11458330000005,0.7661007940000001,0.8321408
229,499.1666667,0.779219329,0.8528789
230,499.21875,0.7858935920000001,0.86550224
231,499.27083330000005,0.788279602,0.87220955
232,499.3229167,0.7852150990000001,0.8742173
233,499.375,0.774075389,0.8656702
234,499.42708330000005,0.7536177849999999,0.82779473
235,499.4791667,0.727508053,0.8114648
236,499.53125,0.704629067,0.81292
237,499.58333330000005,0.694637222,0.8005499
238,499.6354167,0.700882447,0.7912646
239,499.6875,0.718826465,0.7982367
240,499.73958330000005,0.73775607,0.81349874
241,499.7916667,0.749783246,0.8205655
242,499.84375,0.7529503629999998,0.828706
243,499.89583330000005,0.750439836,0.83779895
244,499.9479167,0.74954547,0.8418148
245,500.0,0.7566705509999998,0.8446169
246,500.05208330000005,0.7742657450000001,0.8514541
247,500.1041667,0.7980280409999999,0.8675184
248,500.15625,0.8167426499999999,0.88922
249,500.20833330000005,0.8210866729999999,0.9069077
250,500.2604167,0.810753652,0.9119721
251,500.3125,0.790951774,0.9042044
252,500.36458330000005,0.7664844470000001,0.88483816
253,500.4166667,0.7393934120000001,0.83707285
254,500.46875,0.7122090990000001,0.80266213
255,500.52083330000005,0.688414495,0.8021053
256,500.5729167,0.6727838140000001,0.79193425
257,500.625,0.668054264,0.7798333
258,500.67708330000005,0.672680655,0.78006774
259,500.7291667,0.681773981,0.78746766
260,500.78125,0.6920232829999999,0.78981274
261,500.83333330000005,0.701721879,0.7955531
262,500.8854167,0.712081098,0.81138766
263,500.9375,0.728934451,0.8263166
264,500.98958330000005,0.7579275320000001,0.84152657
265,501.0416667,0.796235965,0.86844283
266,501.09375,0.831485265,0.903975
267,501.14583330000005,0.8543465359999999,0.9353972
268,501.1979167,0.8617487840000001,0.95605415
269,501.25,0.8537798529999999,0.96370506
270,501.30208330000005,0.833341108,0.95761627
271,501.3541667,0.803616095,0.93902874
272,501.40625,0.768068916,0.89487505
273,501.45833330000005,0.732248328,0.8445903
274,501.5104167,0.70476081,0.8351107
275,501.5625,0.69207759,0.8248508
276,501.61458330000005,0.695760888,0.8171458
277,501.6666667,0.7108867590000001,0.8246597
278,501.71875,0.7305546690000001,0.8403466
279,501.77083330000005,0.74958804,0.85129863
280,501.8229167,0.7629838840000001,0.85893005
281,501.875,0.768402365,0.87563604
282,501.92708330000005,0.771778834,0.88494813
283,501.9791667,0.781081364,0.8884072
284,502.03125,0.7956822370000002,0.89750475
285,502.08333330000005,0.807478575,0.91265106
286,502.1354167,0.809924932,0.9260839
287,502.1875,0.8034995770000001,0.9300089
288,502.23958330000005,0.791727318,0.92511815
289,502.2916667,0.775788413,0.9161009
290,502.34375,0.7546980100000001,0.9013603
291,502.39583330000005,0.727823813,0.8686983
292,502.4479167,0.697822055,0.82216346
293,502.5,0.670796808,0.80976105
294,502.55208330000005,0.6545798829999999,0.80108637
295,502.6041667,0.651918477,0.7921493
296,502.65625,0.6598768,0.7929313
297,502.70833330000005,0.674431983,0.7985513
298,502.7604167,0.6886009740000001,0.80329365
299,502.8125,0.693223817,0.8026283
300,502.86458330000005,0.6847266359999999,0.80759525
301,502.9166667,0.669230155,0.8050929
302,502.96875,0.656481794,0.792239
303,503.02083330000005,0.650339723,0.78213686
304,503.0729167,0.647724584,0.77948123
305,503.125,0.645185154,0.77736473
306,503.17708330000005,0.641451261,0.77379245
307,503.2291667,0.635337221,0.76927143
308,503.28125,0.626322374,0.76254064
309,503.33333330000005,0.614998223,0.7521724
310,503.3854167,0.602199664,0.7317194
311,503.4375,0.588422252,0.6909244
312,503.48958330000005,0.574776665,0.6831985
313,503.5416667,0.562837923,0.68847615
314,503.59375,0.554623277,0.6820896
315,503.64583330000005,0.550925366,0.6758572
316,503.6979167,0.550888698,0.67575854
317,503.75,0.552672556,0.6757273
318,503.80208330000005,0.554888035,0.6679285
319,503.8541667,0.556897824,0.66722983
320,503.90625,0.55840688,0.67325133
321,503.95833330000005,0.5594214670000001,0.6800038
322,504.0104167,0.5605852379999999,0.68544614
323,504.0625,0.563328237,0.6888666
324,504.11458330000005,0.568299718,0.6925811
325,504.1666667,0.574255825,0.6977452
326,504.21875,0.578759557,0.7055594
327,504.27083330000005,0.580061301,0.71235174
328,504.3229167,0.578731788,0.71391827
329,504.375,0.576055897,0.7058281
330,504.42708330000005,0.572332225,0.67090976
331,504.4791667,0.567235335,0.6632439
332,504.53125,0.56165052,0.680857
333,504.58333330000005,0.5587069920000001,0.6854411
334,504.6354167,0.56134594,0.686883
335,504.6875,0.570327001,0.69251513
336,504.73958330000005,0.583583842,0.70216215
337,504.7916667,0.597801427,0.70487887
338,504.84375,0.610005765,0.7152266
339,504.89583330000005,0.620395385,0.7320188
340,504.9479167,0.633028399,0.74780834
341,505.0,0.65318809,0.7635858
342,505.05208330000005,0.684133853,0.78679144
343,505.1041667,0.7236948040000001,0.81759554
344,505.15625,0.766253052,0.8517573
345,505.20833330000005,0.801112556,0.8874504
346,505.2604167,0.815957133,0.9167217
347,505.3125,0.806215219,0.9297536
348,505.36458330000005,0.776599338,0.9216158
349,505.4166667,0.738856162,0.86922956
350,505.46875,0.7046210270000001,0.82509345
351,505.52083330000005,0.680404028,0.8218443
352,505.5729167,0.671779956,0.8151717
353,505.625,0.6866597520000001,0.80896276
354,505.67708330000005,0.723042141,0.8247418
355,505.7291667,0.7607450679999999,0.8569804
356,505.78125,0.7857308140000001,0.87927157
357,505.83333330000005,0.795323852,0.8932012
358,505.8854167,0.7924871879999998,0.9056121
359,505.9375,0.7853513540000001,0.905042
360,505.98958330000005,0.7800927429999999,0.899466
361,506.0416667,0.775169488,0.89844215
362,506.09375,0.7676957520000001,0.89873487
363,506.14583330000005,0.7588597979999999,0.8949385
364,506.1979167,0.749852373,0.8892746
365,506.25,0.738858219,0.88319767
366,506.30208330000005,0.724309887,0.87330556
367,506.3541667,0.70615774,0.857234
368,506.40625,0.6848888340000001,0.81712353
369,506.45833330000005,0.661404378,0.7705352
370,506.5104167,0.638606005,0.7671137
371,506.5625,0.619419687,0.76061046
372,506.61458330000005,0.6068082920000001,0.74704003
373,506.6666667,0.601419401,0.73839676
374,506.71875,0.601751441,0.7360325
375,506.77083330000005,0.605264751,0.73156893
376,506.8229167,0.609323618,0.7274533
377,506.875,0.6131682039999999,0.7344437
378,506.92708330000005,0.619052464,0.7422561
379,506.9791667,0.629265992,0.74994266
380,507.03125,0.644161376,0.76071084
381,507.08333330000005,0.662089781,0.7780088
382,507.1354167,0.6796533,0.7984905
383,507.1875,0.695590987,0.8152316
384,507.23958330000005,0.7100775859999999,0.8282169
385,507.2916667,0.7204514409999999,0.83948916
386,507.34375,0.7224846690000001,0.84573454
387,507.39583330000005,0.713978378,0.8320343
388,507.4479167,0.697250232,0.791983
389,507.5,0.677794793,0.7873595
390,507.55208330000005,0.660833094,0.78743505
391,507.6041667,0.649413691,0.77644634
392,507.65625,0.6449728379999999,0.7703572
393,507.70833330000005,0.6464628729999999,0.7714322
394,507.7604167,0.652053477,0.7716358
395,507.8125,0.6602971910000001,0.7675928
396,507.86458330000005,0.670019551,0.77563936
397,507.9166667,0.6813436209999999,0.78757346
398,507.96875,0.6944722759999999,0.79895437
399,508.02083330000005,0.70784341,0.81148
400,508.0729167,0.719305984,0.8254498
401,508.125,0.726502735,0.8394174
402,508.17708330000005,0.72859386,0.84801954
403,508.2291667,0.72656784,0.8510454
404,508.28125,0.721279392,0.85028434
405,508.33333330000005,0.713025076,0.8463623
406,508.3854167,0.7017751740000001,0.8281178
407,508.4375,0.687913305,0.7832211
408,508.48958330000005,0.672580647,0.7742044
409,508.5416667,0.6578251310000001,0.782858
410,508.59375,0.647436866,0.77846706
411,508.64583330000005,0.644651934,0.7738341
412,508.6979167,0.649945863,0.7753247
413,508.75,0.661149888,0.7792476
414,508.80208330000005,0.673974628,0.77859074
415,508.8541667,0.684788698,0.78652203
416,508.90625,0.692026933,0.80269116
417,508.95833330000005,0.696976723,0.8146954
418,509.0104167,0.704605102,0.82071686
419,509.0625,0.71863101,0.8300444
420,509.11458330000005,0.736468335,0.84565496
421,509.1666667,0.7514016379999998,0.8657703
422,509.21875,0.7592802310000001,0.88203263
423,509.27083330000005,0.761802632,0.89011794
424,509.3229167,0.7614266820000001,0.89163667
425,509.375,0.757220577,0.8842027
426,509.42708330000005,0.7459559659999998,0.85065675
427,509.4791667,0.727075853,0.83868414
428,509.53125,0.706367777,0.8438583
429,509.58333330000005,0.6936071909999999,0.83476186
430,509.6354167,0.6935011459999999,0.82644063
431,509.6875,0.7031849,0.82925147
432,509.73958330000005,0.715215313,0.83911496
433,509.7916667,0.723152184,0.8401684
434,509.84375,0.7247784019999999,0.8422522
435,509.89583330000005,0.7205940419999999,0.8501271
436,509.9479167,0.714217462,0.8515159
437,510.0,0.711049755,0.84778494
438,510.05208330000005,0.7130793240000001,0.84930104
439,510.1041667,0.71702171,0.8541389
440,510.15625,0.71968841,0.8584534
441,510.20833330000005,0.718688793,0.8606817
442,510.2604167,0.7121243079999999,0.8596952
443,510.3125,0.699750157,0.85424024
444,510.36458330000005,0.682704295,0.8401436
445,510.4166667,0.663247296,0.79988474
446,510.46875,0.643728568,0.7647321
447,510.52083330000005,0.6262054429999999,0.7639277
448,510.5729167,0.611981354,0.75896025
449,510.625,0.601671709,0.74937004
450,510.67708330000005,0.595120553,0.7452925
451,510.7291667,0.591547788,0.74486446
452,510.78125,0.590090228,0.7382501
453,510.83333330000005,0.5903806420000001,0.73124284
454,510.8854167,0.5925044429999999,0.7367152
455,510.9375,0.596144635,0.74752474
456,510.98958330000005,0.6018411379999999,0.75234866
457,511.0416667,0.611247264,0.7576411
458,511.09375,0.622351832,0.7683981
459,511.14583330000005,0.630506615,0.781153
460,511.1979167,0.633432564,0.7897367
461,511.25,0.631670144,0.7934845
462,511.30208330000005,0.626423015,0.7928234
463,511.3541667,0.61859662,0.7869469
464,511.40625,0.608681705,0.7562254
465,511.45833330000005,0.597322651,0.7207576
466,511.5104167,0.586491434,0.73160404
467,511.5625,0.579926807,0.7378166
468,511.61458330000005,0.582135702,0.73643
469,511.6666667,0.593548153,0.74195206
470,511.71875,0.610906745,0.7552352
471,511.77083330000005,0.628677826,0.7659644
472,511.8229167,0.644154576,0.7697621
473,511.875,0.657014425,0.78659403
474,511.92708330000005,0.667824254,0.80182254
475,511.9791667,0.68016533,0.81091803
476,512.03125,0.694751173,0.8219429
477,512.0833333,0.707216807,0.83576524
478,512.1354167,0.713254973,0.8483659
479,512.1875,0.710584873,0.8580212
480,512.2395833,0.70103784,0.8607597
481,512.2916667,0.690286831,0.8533762
482,512.34375,0.682121922,0.8424874
483,512.3958333,0.6742938629999999,0.81713676
484,512.4479167,0.663136362,0.77705806
485,512.5,0.6490930079999999,0.778784
486,512.5520833,0.6368700270000001,0.78184557
487,512.6041667,0.631448675,0.77561027
488,512.65625,0.63332785,0.77392286
489,512.7083333,0.640452361,0.778561
490,512.7604167,0.649449013,0.78125
491,512.8125,0.657352654,0.7754547
492,512.8645833,0.662585865,0.7801016
493,512.9166667,0.663765821,0.7915632
494,512.96875,0.662022999,0.8011911
495,513.0208333,0.664907406,0.803093
496,513.0729167,0.680887061,0.807971
497,513.125,0.7063960029999999,0.82544374
498,513.1770833,0.730251629,0.84829557
499,513.2291667,0.7453913819999999,0.86860204
500,513.28125,0.7496155360000001,0.88082814
501,513.3333333,0.743085702,0.88231266
502,513.3854167,0.7264265540000001,0.8665645
503,513.4375,0.702466108,0.81997687
504,513.4895833,0.678338384,0.80452186
505,513.5416667,0.662167183,0.80259037
506,513.59375,0.6580244470000001,0.79296935
507,513.6458333,0.664122644,0.79205126
508,513.6979167,0.6746301840000001,0.8023169
509,513.75,0.6857275620000001,0.8092964
510,513.8020833,0.6964548540000001,0.8078745
511,513.8541667,0.7048931759999999,0.81499225
512,513.90625,0.710516965,0.826988
513,513.9583333,0.716270905,0.8338255
514,514.0104167,0.724571415,0.8419688
515,514.0625,0.7348835979999998,0.8526306
516,514.1145833,0.7463411609999998,0.86405826
517,514.1666667,0.757104498,0.87514055
518,514.21875,0.7633047079999998,0.8846166
519,514.2708333,0.7617894260000001,0.88969624
520,514.3229167,0.751837293,0.8874052
521,514.375,0.733895414,0.8723928
522,514.4270833,0.709939401,0.8258875
523,514.4791667,0.684785103,0.80139786
524,514.53125,0.665148587,0.80278724
525,514.5833333,0.657265543,0.79544884
526,514.6354167,0.66276192,0.7905923
527,514.6875,0.678335355,0.80001324
528,514.7395833,0.6964153240000001,0.81471974
529,514.7916667,0.7118812090000001,0.8198301
530,514.84375,0.722900856,0.8275427
531,514.8958333,0.7282944000000001,0.84371996
532,514.9479167,0.7307617379999999,0.85258096
533,515.0,0.736596617,0.8571352
534,515.0520833,0.748404405,0.8656634
535,515.1041667,0.7629292040000002,0.88066894
536,515.15625,0.7758198070000001,0.89609504
537,515.2083333,0.7845295250000001,0.90912473
538,515.2604167,0.786726439,0.91975576
539,515.3125,0.781587606,0.9227848
540,515.3645833,0.7706146490000001,0.91374093
541,515.4166667,0.754420545,0.87501657
542,515.46875,0.7335403890000001,0.8480372
543,515.5208333,0.7141475559999999,0.85404164
544,515.5729167,0.706109255,0.8472805
545,515.625,0.7144622070000001,0.8418811
546,515.6770833,0.7329073420000002,0.8538328
547,515.7291667,0.750478555,0.87266994
548,515.78125,0.7620120450000001,0.8820932
549,515.8333333,0.7688458,0.88584626
550,515.8854167,0.775924333,0.89697856
551,515.9375,0.786990823,0.908352
552,515.9895833,0.8033918340000001,0.9190294
553,516.0416667,0.823365283,0.93332
554,516.09375,0.8394335829999999,0.95131284
555,516.1458333,0.842911162,0.9659141
556,516.1979167,0.8304458379999999,0.97057796
557,516.25,0.8060712640000001,0.96038496
558,516.3020833,0.7767219609999998,0.9398846
559,516.3541667,0.7464774990000002,0.9124996
560,516.40625,0.716490651,0.8658598
561,516.4583333,0.688648002,0.81754315
562,516.5104167,0.6651280970000001,0.80844927
563,516.5625,0.648494527,0.79948175
564,516.6145833,0.638990793,0.785433
565,516.6666667,0.6346749970000001,0.7778804
566,516.71875,0.632555493,0.7769356
567,516.7708333,0.6301379570000001,0.77293175
568,516.8229167,0.626821902,0.7604795
569,516.875,0.6237524489999999,0.7576142
570,516.9270833,0.621550919,0.75880283
571,516.9791667,0.620008173,0.75842655
572,517.03125,0.619107788,0.76141244
573,517.0833333,0.61879605,0.7644058
574,517.1354167,0.61939058,0.76735085
575,517.1875,0.620708766,0.76955837
576,517.2395833,0.621917514,0.7707837
577,517.2916667,0.6221122170000001,0.7713974
578,517.34375,0.620593344,0.76935995
579,517.3958333,0.61685311,0.75336266
580,517.4479167,0.6105946760000001,0.7200903
581,517.5,0.6024000820000001,0.7230326
582,517.5520833,0.5939758589999999,0.7329482
583,517.6041667,0.587818042,0.730678
584,517.65625,0.585550392,0.728404
585,517.7083333,0.5870296110000001,0.730099
586,517.7604167,0.590839466,0.7294944
587,517.8125,0.595411864,0.7226371
588,517.8645833,0.599377404,0.7271222
589,517.9166667,0.601938275,0.7366779
590,517.96875,0.604016615,0.74132663
591,518.0208333,0.607431476,0.7460615
592,518.0729167,0.612440007,0.7548959
593,518.125,0.618248771,0.76375496
594,518.1770833,0.6244897429999999,0.77317697
595,518.2291667,0.630093573,0.78255785
596,518.28125,0.6341926960000001,0.78853756
597,518.3333333,0.636316213,0.7927026
598,518.3854167,0.6349109239999999,0.786715
599,518.4375,0.628932696,0.750986
600,518.4895833,0.621329641,0.75317
601,518.5416667,0.6183741460000001,0.76720065
602,518.59375,0.626219382,0.7683587
603,518.6458333,0.644166577,0.7786226
604,518.6979167,0.664177424,0.7986411
605,518.75,0.681352005,0.8141405
606,518.8020833,0.694566383,0.8174381
607,518.8541667,0.7030980520000001,0.82751006
608,518.90625,0.708326653,0.84167004
609,518.9583333,0.716346693,0.8482185
610,519.0104167,0.732552836,0.8570448
611,519.0625,0.7529263459999999,0.8761991
612,519.1145833,0.771718095,0.89626575
613,519.1666667,0.7874710239999999,0.91273785
614,519.21875,0.7962309120000001,0.92539537
615,519.2708333,0.79242494,0.9322018
616,519.3229167,0.774466388,0.92937994
617,519.375,0.7455783779999999,0.9065754
618,519.4270833,0.710970807,0.8474218
619,519.4791667,0.677845675,0.8171817
620,519.53125,0.653590356,0.81225973
621,519.5833333,0.644952771,0.797388
622,519.6354167,0.652520555,0.7915832
623,519.6875,0.667799528,0.80469733
624,519.7395833,0.6823082159999999,0.81930655
625,519.7916667,0.6956699759999999,0.8214628
626,519.84375,0.7085205529999999,0.82658905
627,519.8958333,0.719186392,0.8430474
628,519.9479167,0.7268762019999999,0.8582292
629,520.0,0.7383161659999999,0.8648927
630,520.0520833,0.7584881040000002,0.87789434
631,520.1041667,0.779214052,0.89990777
632,520.15625,0.7943059809999998,0.91880083
633,520.2083333,0.802848568,0.93157935
634,520.2604167,0.802268135,0.9375736
635,520.3125,0.7898626870000001,0.93532795
636,520.3645833,0.7654115520000001,0.9205775
637,520.4166667,0.731987387,0.8696758
638,520.46875,0.6958797959999999,0.82790434
639,520.5208333,0.667194886,0.8236817
640,520.5729167,0.6542052079999999,0.8083566
641,520.625,0.662153051,0.80006754
642,520.6770833,0.6834507559999999,0.81005615
643,520.7291667,0.706832473,0.82964844
644,520.78125,0.72494001,0.84086454
645,520.8333333,0.735314714,0.8477519
646,520.8854167,0.73883786,0.86106217
647,520.9375,0.7391127030000001,0.8691471
648,520.9895833,0.7425599209999999,0.8716659
649,521.0416667,0.7529096129999999,0.8786496
650,521.09375,0.767987024,0.8923241
651,521.1458333,0.7834820570000001,0.9093451
652,521.1979167,0.796737893,0.9228618
653,521.25,0.8042140759999999,0.9342759
654,521.3020833,0.80021662,0.9413147
655,521.3541667,0.783160279,0.9346583
656,521.40625,0.756930204,0.8949896
657,521.4583333,0.7268448009999999,0.845311
658,521.5104167,0.6977797640000001,0.8356079
659,521.5625,0.6739633509999999,0.8240632
660,521.6145833,0.658494155,0.8073551
661,521.6666667,0.651706755,0.7968602
662,521.71875,0.651649666,0.7945414
663,521.7708333,0.654662731,0.79049194
664,521.8229167,0.657649142,0.7858159
665,521.875,0.660868269,0.7910161
666,521.9270833,0.666944275,0.7992954
667,521.9791667,0.6770958440000001,0.80722314
668,522.03125,0.6908617690000001,0.81919044
669,522.0833333,0.706347906,0.8341469
670,522.1354167,0.7202775879999999,0.85040057
671,522.1875,0.729542004,0.86325943
672,522.2395833,0.731635358,0.87349087
673,522.2916667,0.725594167,0.8789326
674,522.34375,0.713875727,0.8720495
675,522.3958333,0.6992822059999999,0.8453696
676,522.4479167,0.682916052,0.8036495
677,522.5,0.667374111,0.8016073
678,522.5520833,0.658830251,0.8043675
679,522.6041667,0.659998327,0.80042535
680,522.65625,0.668483885,0.8042859
681,522.7083333,0.6800274629999999,0.8158635
682,522.7604167,0.690710167,0.8245999
683,522.8125,0.699782728,0.8227619
684,522.8645833,0.70890363,0.83134633
685,522.9166667,0.7190004770000001,0.84474456
686,522.96875,0.7309265320000001,0.8578409
687,523.0208333,0.747374708,0.86984247
688,523.0729167,0.7689031690000001,0.88696826
689,523.125,0.789034962,0.90903956
690,523.1770833,0.80098913,0.9277552
691,523.2291667,0.803353372,0.9374173
692,523.28125,0.796102071,0.9390664
693,523.3333333,0.779288548,0.93077266
694,523.3854167,0.7538336280000001,0.9048127
695,523.4375,0.72173578,0.8514675
696,523.4895833,0.688929593,0.83141714
697,523.5416667,0.662502268,0.82204556
698,523.59375,0.647779746,0.8031482
699,523.6458333,0.6437263639999999,0.79103
700,523.6979167,0.645039579,0.79044926
701,523.75,0.646441454,0.7885606
702,523.8020833,0.645824057,0.77689916
703,523.8541667,0.6424694670000001,0.7723418
704,523.90625,0.6363015470000001,0.7759966
705,523.9583333,0.629023659,0.77565855
706,524.0104167,0.62383443,0.7724604
707,524.0625,0.6227640170000001,0.7721107
708,524.1145833,0.625075965,0.7736554
709,524.1666667,0.628814963,0.7769276
710,524.21875,0.631685544,0.7805189
711,524.2708333,0.632075351,0.7827988
712,524.3229167,0.629513607,0.7816141
713,524.375,0.623926248,0.77299476
714,524.4270833,0.615390193,0.73990756
715,524.4791667,0.60487853,0.7256652
716,524.53125,0.594871264,0.7348223
717,524.5833333,0.5878510220000001,0.7320192
718,524.6354167,0.584918115,0.72700125
719,524.6875,0.585209874,0.7277128
720,524.7395833,0.586848644,0.7298589
721,524.7916667,0.588514179,0.7225106
722,524.84375,0.589767134,0.718412
723,524.8958333,0.5904148610000001,0.72413903
724,524.9479167,0.5907431989999999,0.72880024
725,525.0,0.591683359,0.7323217
726,525.0520833,0.594086115,0.7360083
727,525.1041667,0.5981679329999999,0.74163604
728,525.15625,0.602900628,0.7499075
729,525.2083333,0.606927972,0.75614667
730,525.2604167,0.609739943,0.76019514
731,525.3125,0.611003885,0.7630889
732,525.3645833,0.610050909,0.76028925
733,525.4166667,0.606061227,0.73064363
734,525.46875,0.599104057,0.7119069
735,525.5208333,0.59167044,0.72747713
736,525.5729167,0.588313113,0.7322711
737,525.625,0.5920714260000001,0.73238945
738,525.6770833,0.601977985,0.7390224
739,525.7291667,0.614470217,0.75082207
740,525.78125,0.626598515,0.75340027
741,525.8333333,0.636839129,0.75737786
742,525.8854167,0.644502142,0.77241045
743,525.9375,0.653087318,0.78218913
744,525.9895833,0.667178606,0.79076093
745,526.0416667,0.68589643,0.8057254
746,526.09375,0.704236106,0.8260573
747,526.1458333,0.7187986229999999,0.8460557
748,526.1979167,0.729438822,0.8601003
749,526.25,0.7364650680000001,0.87061983
750,526.3020833,0.738052193,0.878381
751,526.3541667,0.732555569,0.8782945
752,526.40625,0.7204641639999999,0.8525872
753,526.4583333,0.70495459,0.81865263
754,526.5104167,0.6930258770000001,0.8249446
755,526.5625,0.691843751,0.8269458
756,526.6145833,0.704721818,0.82748365
757,526.6666667,0.726310497,0.84233356
758,526.71875,0.7469034259999999,0.86557186
759,526.7708333,0.762696768,0.87848514
760,526.8229167,0.776213072,0.88230616
761,526.875,0.7892990190000002,0.8972804
762,526.9270833,0.8026123909999999,0.9152302
763,526.9791667,0.8208485709999999,0.9321481
764,527.03125,0.853161898,0.9515788
765,527.0833333,0.904171279,0.982696
766,527.1354167,0.959881066,1.0307857
767,527.1875,1.004194318,1.0785978
768,527.2395833,1.029903093,1.1159993
769,527.2916667,1.030235905,1.1370821
770,527.34375,1.002900942,1.1336266
771,527.3958333,0.952521587,1.0908014
772,527.4479167,0.8878280270000001,1.015256
773,527.5,0.8229155879999999,0.9755147
774,527.5520833,0.7714427840000001,0.93558884
775,527.6041667,0.740699454,0.89382344
776,527.65625,0.728574083,0.87104946
777,527.7083333,0.7264686329999999,0.8649058
778,527.7604167,0.7284527179999999,0.8585196
779,527.8125,0.732062109,0.84768313
780,527.8645833,0.733858063,0.8507351
781,527.9166667,0.732664467,0.8556563
782,527.96875,0.731721457,0.8573795
783,528.0208333,0.7345299420000001,0.8575181
784,528.0729167,0.7420936109999999,0.8602912
785,528.125,0.749518213,0.868004
786,528.1770833,0.7506034599999999,0.8737214
787,528.2291667,0.74294107,0.874682
788,528.28125,0.727653421,0.8687043
789,528.3333333,0.707652965,0.8539397
790,528.3854167,0.6852230420000001,0.82591236
791,528.4375,0.661864023,0.7747873
792,528.4895833,0.640537193,0.7615128
793,528.5416667,0.626275403,0.76291734
794,528.59375,0.623569056,0.75668603
795,528.6458333,0.632533325,0.75773793
796,528.6979167,0.6496910220000001,0.7682303
797,528.75,0.669771873,0.7815774
798,528.8020833,0.687376894,0.7883619
799,528.8541667,0.7004820420000001,0.80371416
800,528.90625,0.71195078,0.823623
801,528.9583333,0.732046113,0.8368492
802,529.0104167,0.769100527,0.85463995
803,529.0625,0.815462568,0.8871274
804,529.1145833,0.8532067250000002,0.92850536
805,529.1666667,0.871224572,0.9623094
806,529.21875,0.8702082899999999,0.9791427
807,529.2708333,0.857317719,0.9783534
808,529.3229167,0.8367485770000002,0.9665363
809,529.375,0.807613467,0.94247544
810,529.4270833,0.770807096,0.88462824
811,529.4791667,0.7319677609999999,0.8505268
812,529.53125,0.699640365,0.84087944
813,529.5833333,0.6799710370000001,0.82022214
814,529.6354167,0.676070697,0.8073819
815,529.6875,0.68318667,0.8083171
816,529.7395833,0.694366745,0.8153458
817,529.7916667,0.704569025,0.8141021
818,529.84375,0.71087519,0.8181765
819,529.8958333,0.712044922,0.82912725
820,529.9479167,0.711978277,0.8325646
821,530.0,0.7158159279999999,0.83209217
822,530.0520833,0.7220681059999998,0.83868635
823,530.1041667,0.724839771,0.85013765
824,530.15625,0.7249356370000001,0.8581374
825,530.2083333,0.728358959,0.8614287
826,530.2604167,0.735839293,0.8656378
827,530.3125,0.741712925,0.8692636
828,530.3645833,0.738450816,0.8673184
829,530.4166667,0.7203212720000001,0.8376923
830,530.46875,0.6910471690000001,0.8118886
831,530.5208333,0.662524694,0.8061568
832,530.5729167,0.644759626,0.7902597
833,530.625,0.6400260520000001,0.7786097
834,530.6770833,0.6442034529999999,0.77664
835,530.7291667,0.65172584,0.77923214
836,530.78125,0.6570529070000001,0.77616626
837,530.8333333,0.655332974,0.7772043
838,530.8854167,0.648086955,0.7816564
839,530.9375,0.644075293,0.78033996
840,530.9895833,0.64833678,0.77870065
841,531.0416667,0.658322729,0.7834096
842,531.09375,0.6679206879999999,0.7924847
843,531.1458333,0.6719738409999999,0.80020016
844,531.1979167,0.66805035,0.8037389
845,531.25,0.6566638020000001,0.8033601
846,531.3020833,0.641375768,0.79295397
847,531.3541667,0.625552833,0.77662474
848,531.40625,0.609888153,0.74329317
849,531.4583333,0.593912829,0.707257
850,531.5104167,0.57819029,0.7090794
851,531.5625,0.565300171,0.7117709
852,531.6145833,0.5576481320000001,0.7036642
853,531.6666667,0.556439084,0.69745255
854,531.71875,0.559834677,0.7000676
855,531.7708333,0.56347858,0.70059264
856,531.8229167,0.565898471,0.693894
857,531.875,0.56774686,0.69758964
858,531.9270833,0.5690436560000001,0.70327127
859,531.9791667,0.5701976089999999,0.7067913
860,532.03125,0.572104331,0.71070206
861,532.0833333,0.574836542,0.71877563
862,532.1354167,0.57793641,0.7261605
863,532.1875,0.581737892,0.73090357
864,532.2395833,0.585658802,0.73482925
865,532.2916667,0.587753144,0.73930043
866,532.34375,0.586240191,0.7410259
867,532.3958333,0.580792135,0.7244624
868,532.4479167,0.57259307,0.69043505
869,532.5,0.564620306,0.69731593
870,532.5520833,0.561142354,0.706457
871,532.6041667,0.56523869,0.70630705
872,532.65625,0.575960169,0.71343315
873,532.7083333,0.5896818620000001,0.72573495
874,532.7604167,0.603556222,0.7336491
875,532.8125,0.615300191,0.73656446
876,532.8645833,0.624506975,0.7480687
877,532.9166667,0.634961134,0.75833315
878,532.96875,0.649446571,0.76654977
879,533.0208333,0.664777495,0.7809056
880,533.0729167,0.676474221,0.79745466
881,533.125,0.6851974120000001,0.81008303
882,533.1770833,0.692782874,0.81864923
883,533.2291667,0.69744412,0.8251825
884,533.28125,0.696066427,0.8295122
885,533.3333333,0.687474758,0.8280336
886,533.3854167,0.673266321,0.80895406
887,533.4375,0.655688275,0.76027083
888,533.4895833,0.637267684,0.75085217
889,533.5416667,0.620868619,0.75350696
890,533.59375,0.611246532,0.74437034
891,533.6458333,0.6107576579999999,0.73963326
892,533.6979167,0.617452075,0.7455731
893,533.75,0.628642971,0.74905765
894,533.8020833,0.643021834,0.74765635
895,533.8541667,0.655749676,0.7612147
896,533.90625,0.665759485,0.7792572
897,533.9583333,0.681145763,0.7919077
898,534.0104167,0.7091733370000001,0.8058664
899,534.0625,0.7465339629999999,0.8331699
900,534.1145833,0.7796455390000001,0.8695668
901,534.1666667,0.8047737140000001,0.8972312
902,534.21875,0.822652245,0.91632247
903,534.2708333,0.8268514000000001,0.92937034
904,534.3229167,0.8117909699999999,0.9307462
905,534.375,0.779428008,0.91098005
906,534.4270833,0.7379652659999999,0.8516809
907,534.4791667,0.698057719,0.8135255
908,534.53125,0.666911843,0.79966664
909,534.5833333,0.647372901,0.779599
910,534.6354167,0.638832753,0.76656175
911,534.6875,0.638456169,0.7671923
912,534.7395833,0.643863118,0.7720419
913,534.7916667,0.656828906,0.76748633
914,534.84375,0.677177591,0.77441955
915,534.8958333,0.6990349990000001,0.79620695
916,534.9479167,0.7179289259999999,0.8183414
917,535.0,0.735125823,0.8351475
918,535.0520833,0.751642296,0.8518454
919,535.1041667,0.763757005,0.8705852
920,535.15625,0.7686582259999999,0.88365364
921,535.2083333,0.7679881259999999,0.887994
922,535.2604167,0.7624173349999999,0.8874384
923,535.3125,0.7501482979999998,0.88253003
924,535.3645833,0.730326837,0.86919165
925,535.4166667,0.705208353,0.82491016
926,535.46875,0.679496214,0.7887966
927,535.5208333,0.658446,0.7880036
928,535.5729167,0.645475903,0.7808362
929,535.625,0.642456221,0.77416474
930,535.6770833,0.647893057,0.77450323
931,535.7291667,0.6585662489999999,0.78007025
932,535.78125,0.670023284,0.77997285
933,535.8333333,0.677980844,0.7819497
934,535.8854167,0.679658166,0.79522103
935,535.9375,0.677610363,0.80384886
936,535.9895833,0.6792469390000001,0.80915576
937,536.0416667,0.690857905,0.81512725
938,536.09375,0.714686039,0.8281686
939,536.1458333,0.743993854,0.85324574
940,536.1979167,0.766672033,0.8815406
941,536.25,0.778871138,0.90084314
942,536.3020833,0.781429698,0.9112891
943,536.3541667,0.77386568,0.9109493
944,536.40625,0.7562300980000001,0.87902844
945,536.4583333,0.73104352,0.8390764
946,536.5104167,0.704196472,0.83787125
947,536.5625,0.682898855,0.82869524
948,536.6145833,0.6733172359999999,0.8144689
949,536.6666667,0.674844815,0.80984217
950,536.71875,0.682956157,0.8144769
951,536.7708333,0.6924066870000001,0.81720656
952,536.8229167,0.700059098,0.815228
953,536.875,0.7052757609999999,0.82733315
954,536.9270832999998,0.709856426,0.8404106
955,536.9791667000002,0.721058089,0.8460599
956,537.03125,0.743872529,0.8585587
957,537.0833332999998,0.7708189599999999,0.88215476
958,537.1354167000002,0.7923539940000001,0.9068914
959,537.1875,0.804560367,0.9246464
960,537.2395832999998,0.8048679089999999,0.9349036
961,537.2916667000002,0.791866126,0.9370584
962,537.34375,0.7682135279999999,0.92484045
963,537.3958332999998,0.7381814170000001,0.89069825
964,537.4479167000002,0.706942981,0.8408979
965,537.5,0.680606632,0.82981193
966,537.5520832999998,0.66651894,0.82355887
967,537.6041667000002,0.667862821,0.8147059
968,537.65625,0.679554463,0.8164372
969,537.7083332999998,0.693129478,0.82684875
970,537.7604167000002,0.700865473,0.8346776
971,537.8125,0.6997523059999999,0.8298163
972,537.8645832999998,0.692275784,0.8260704
973,537.9166667000002,0.682015431,0.82224864
974,537.96875,0.67102333,0.8158151
975,538.0208332999998,0.66087204,0.81065446
976,538.0729167000002,0.652971918,0.80586386
977,538.125,0.648287669,0.80229944
978,538.1770832999998,0.646100899,0.8007418
979,538.2291667000002,0.644397452,0.8014794
980,538.28125,0.641556394,0.8013404
981,538.3333332999998,0.637172593,0.7980532
982,538.3854167000002,0.63103285,0.7845529
983,538.4375,0.622618281,0.7480215
984,538.4895832999998,0.612621462,0.74387246
985,538.5416667000002,0.603209427,0.7515452
986,538.59375,0.5970599010000001,0.7476879
987,538.6458332999998,0.594860253,0.7463599
988,538.6979167000002,0.595145194,0.7521778
989,538.75,0.5965322470000001,0.7563691
990,538.8020832999998,0.599440115,0.7497137
991,538.8541667000002,0.60506931,0.7528121
992,538.90625,0.6126731470000001,0.7684147
993,538.9583332999998,0.623896276,0.78169835
994,539.0104167000002,0.644696614,0.79487795
995,539.0625,0.6755496259999999,0.8174644
996,539.1145832999998,0.7085511640000001,0.8487462
997,539.1666667000002,0.735296253,0.88147044
998,539.21875,0.754448976,0.9041565
999,539.2708332999998,0.7644177950000001,0.91950506
1000,539.3229167000002,0.7590617059999999,0.9265981
1001,539.375,0.73603092,0.91222066
1002,539.4270832999998,0.699219186,0.85774046
1003,539.4791667000002,0.6609658110000001,0.82996386
1004,539.53125,0.639513387,0.81799144
1005,539.5833332999998,0.645307751,0.8013222
1006,539.6354167000002,0.66900332,0.8047928
1007,539.6875,0.690725457,0.82720137
1008,539.7395832999998,0.702152463,0.84320146
1009,539.7916667000002,0.707254178,0.8405238
1010,539.84375,0.7084770029999999,0.8394878
1011,539.8958332999998,0.7077975790000001,0.8448422
1012,539.9479167000002,0.711174497,0.84490776
1013,540.0,0.7218988699999999,0.8468119
1014,540.0520832999998,0.735328386,0.8533639
1015,540.1041667000002,0.7414179019999999,0.8658486
1016,540.15625,0.734796136,0.8715518
1017,540.2083332999998,0.720731188,0.86534816
1018,540.2604167000002,0.703968405,0.8500738
1019,540.3125,0.6839012740000001,0.8323444
1020,540.3645832999998,0.65827262,0.80818725
1021,540.4166667000002,0.628224424,0.75613946
1022,540.46875,0.598294471,0.71837884
1023,540.5208332999998,0.574541587,0.7143714
1024,540.5729167000002,0.561396934,0.7022051
1025,540.625,0.560402676,0.69401014
1026,540.6770832999998,0.56809383,0.694737
1027,540.7291667000002,0.580152372,0.7001115
1028,540.78125,0.591431396,0.7021323
1029,540.8333332999998,0.598763217,0.7035888
1030,540.8854167000002,0.60243069,0.7136111
1031,540.9375,0.605078675,0.7189001
1032,540.9895832999998,0.6094542270000001,0.72208905
1033,541.0416667000002,0.615487309,0.72844994
1034,541.09375,0.621778464,0.73639745
1035,541.1458332999998,0.6275259120000001,0.743342
1036,541.1979167000002,0.631965467,0.7482948
1037,541.25,0.633899305,0.75208116
1038,541.3020832999998,0.632563074,0.7530161
1039,541.3541667000002,0.628093435,0.7484121
1040,541.40625,0.620726735,0.72255087
1041,541.4583332999998,0.611133268,0.6950596
1042,541.5104167000002,0.601090229,0.70359164
1043,541.5625,0.593609678,0.7076441
1044,541.6145832999998,0.5914396,0.70527035
1045,541.6666667000002,0.594908906,0.7093762
1046,541.71875,0.602884861,0.71866244
1047,541.7708332999998,0.61531067,0.72350174
1048,541.8229167000002,0.632286404,0.728181
1049,541.875,0.653634565,0.7463338
1050,541.9270832999998,0.6801516129999999,0.7700862
1051,541.9791667000002,0.711564157,0.7977443
1052,542.03125,0.7477897129999999,0.82883984
1053,542.0833332999998,0.7915534580000001,0.8621837
1054,542.1354167000002,0.837966399,0.90287125
1055,542.1875,0.87456704,0.9442016
1056,542.2395832999998,0.8930250289999999,0.9771128
1057,542.2916667000002,0.893354635,0.9934645
1058,542.34375,0.87865686,0.9925381
1059,542.3958332999998,0.851239304,0.9645873
1060,542.4479167000002,0.8145859000000001,0.91290706
1061,542.5,0.777273887,0.89722514
1062,542.5520832999998,0.749578108,0.8823386
1063,542.6041667000002,0.7376532990000001,0.8623013
1064,542.65625,0.7398405619999999,0.8568225
1065,542.7083332999998,0.748710175,0.8639143
1066,542.7604167000002,0.758342522,0.8706569
1067,542.8125,0.767200184,0.86855793
1068,542.8645832999998,0.774380689,0.8804535
1069,542.9166667000002,0.7802278469999999,0.8928563
1070,542.96875,0.790298675,0.8997382
1071,543.0208332999998,0.8059473540000001,0.9094471
1072,543.0729167000002,0.8196053879999998,0.9260882
1073,543.125,0.8231712269999999,0.9417202
1074,543.1770832999998,0.815719972,0.9482186
1075,543.2291667000002,0.80104858,0.94409925
1076,543.28125,0.782630513,0.9337226
1077,543.3333332999998,0.7619650979999999,0.9206314
1078,543.3854167000002,0.7397974790000001,0.8918321
1079,543.4375,0.7174639070000001,0.8347441
1080,543.4895832999998,0.695854526,0.8197815
1081,543.5416667000002,0.676288428,0.82225835
1082,543.59375,0.663393645,0.81328493
1083,543.6458332999998,0.661792468,0.8076197
1084,543.6979167000002,0.67238184,0.81266123
1085,543.75,0.6918435709999999,0.8218396
1086,543.8020832999998,0.715471555,0.82719594
1087,543.8541667000002,0.738517856,0.84616464
1088,543.90625,0.7579865240000002,0.87325734
1089,543.9583332999998,0.779254916,0.89496857
1090,544.0104167000002,0.8137306769999999,0.9148219
1091,544.0625,0.860927825,0.947145
1092,544.1145832999998,0.9061267360000002,0.9883718
1093,544.1666667000002,0.9360540580000001,1.0273601
1094,544.21875,0.9416393200000001,1.0551456
1095,544.2708332999998,0.927495649,1.0593238
1096,544.3229167000002,0.9029494720000001,1.0444995
1097,544.375,0.866246944,1.0166721
1098,544.4270832999998,0.8153963449999999,0.9559313
1099,544.4791667000002,0.7623957550000001,0.9131401
1100,544.53125,0.722665615,0.8867843
1101,544.5833332999998,0.7032306629999999,0.8581448
1102,544.6354167000002,0.700105291,0.8426102
1103,544.6875,0.7036291729999999,0.8405477
1104,544.7395832999998,0.705008106,0.8404287
1105,544.7916667000002,0.699531514,0.82965046
1106,544.84375,0.686166507,0.8197436
1107,544.8958332999998,0.668264506,0.8139051
1108,544.9479167000002,0.652613264,0.8042946
1109,545.0,0.645847585,0.7938597
1110,545.0520832999998,0.649459776,0.7914561
1111,545.1041667000002,0.657413884,0.79598486
1112,545.15625,0.663819697,0.8012718
1113,545.2083332999998,0.663498971,0.8063247
1114,545.2604167000002,0.654240316,0.8057137
1115,545.3125,0.6390110520000001,0.79543173
1116,545.3645832999998,0.620667657,0.7768319
1117,545.4166667000002,0.600294923,0.7360252
1118,545.46875,0.579162614,0.7075791
1119,545.5208332999998,0.5611086679999999,0.7104835
1120,545.5729167000002,0.550091048,0.7031644
1121,545.625,0.548052793,0.695505
1122,545.6770832999998,0.552467969,0.6975388
1123,545.7291667000002,0.558487457,0.7038537
1124,545.78125,0.5642583320000001,0.6991889
1125,545.8333332999998,0.568782649,0.6966627
1126,545.8854167000002,0.5702482179999999,0.70341074
1127,545.9375,0.5697621270000001,0.7061283
1128,545.9895832999998,0.569720476,0.7065155
1129,546.0416667000002,0.5705638000000001,0.7082069
1130,546.09375,0.57164354,0.71284384
1131,546.1458332999998,0.572177308,0.71650845
1132,546.1979167000002,0.5723523079999999,0.71612406
1133,546.25,0.571819159,0.7150398
1134,546.3020832999998,0.5693363920000001,0.71316814
1135,546.3541667000002,0.564081179,0.7083113
1136,546.40625,0.55598686,0.6822486
1137,546.4583332999998,0.546137191,0.6535627
1138,546.5104167000002,0.537188929,0.66451263
1139,546.5625,0.532367217,0.6693231
1140,546.6145832999998,0.534050878,0.6697228
1141,546.6666667000002,0.541454461,0.67857623
1142,546.71875,0.552716254,0.6904824
1143,546.7708332999998,0.567349516,0.69526654
1144,546.8229167000002,0.583493782,0.6989214
1145,546.875,0.598201665,0.7158006
1146,546.9270832999998,0.610997867,0.73338914
1147,546.9791667000002,0.6245433189999999,0.74673617
1148,547.03125,0.641173079,0.7591914
1149,547.0833332999998,0.658708058,0.77480507
1150,547.1354167000002,0.6721201790000001,0.7910098
1151,547.1875,0.677578337,0.80466187
1152,547.2395832999998,0.675170754,0.8111637
1153,547.2916667000002,0.668264058,0.8092133
1154,547.34375,0.658902567,0.8017322
1155,547.3958332999998,0.646431631,0.77914405
1156,547.4479167000002,0.63097418,0.7410704
1157,547.5,0.616952682,0.7428898
1158,547.5520832999998,0.61053658,0.7457942
1159,547.6041667000002,0.615245206,0.7424305
1160,547.65625,0.62804182,0.75102454
1161,547.7083332999998,0.642317218,0.7667667
1162,547.7604167000002,0.656150124,0.7750617
1163,547.8125,0.668715524,0.7773841
1164,547.8645832999998,0.677285345,0.7918747
1165,547.9166667000002,0.6839888890000001,0.80549335
1166,547.96875,0.6965321,0.8137081
1167,548.0208332999998,0.717204033,0.8288532
1168,548.0729167000002,0.7412097059999998,0.8533019
1169,548.125,0.7667014819999999,0.879611
1170,548.1770832999998,0.795643735,0.9025205
1171,548.2291667000002,0.8237576840000002,0.9257098
1172,548.28125,0.8379319880000001,0.94845337
1173,548.3333332999998,0.828342384,0.9597344
1174,548.3854167000002,0.798432665,0.9387242
1175,548.4375,0.7581253670000001,0.87902904
1176,548.4895832999998,0.7181190759999999,0.8532484
1177,548.5416667000002,0.687827289,0.83854634
1178,548.59375,0.67395255,0.8176609
1179,548.6458332999998,0.675851017,0.80952775
1180,548.6979167000002,0.686752617,0.8143554
1181,548.75,0.700334123,0.8205513
1182,548.8020832999998,0.710952044,0.82069325
1183,548.8541667000002,0.714665143,0.8279839
1184,548.90625,0.712964745,0.8367165
1185,548.9583332999998,0.7117906759999999,0.84032637
1186,549.0104167000002,0.716873361,0.8439959
1187,549.0625,0.73136352,0.8508776
1188,549.1145832999998,0.752294253,0.8645545
1189,549.1666667000002,0.7699315059999999,0.8828201
1190,549.21875,0.775242399,0.8977581
1191,549.2708332999998,0.7666264490000002,0.901314
1192,549.3229167000002,0.7476620820000001,0.8929953
1193,549.375,0.722351165,0.8689933
1194,549.4270832999998,0.693557509,0.81259555
1195,549.4791667000002,0.664737363,0.78456014
1196,549.53125,0.640410874,0.78434515
1197,549.5833332999998,0.6260678789999999,0.7726001
1198,549.6354167000002,0.624764917,0.7621867
1199,549.6875,0.634118091,0.763037
1200,549.7395832999998,0.6478496029999999,0.77080154
1201,549.7916667000002,0.659161029,0.77525616
1202,549.84375,0.6650143820000001,0.7830973
1203,549.8958332999998,0.670483019,0.7934669
1204,549.9479167000002,0.6821052540000001,0.80316406
1205,550.0,0.701734063,0.81599313
1206,550.0520832999998,0.728027918,0.83677316
1207,550.1041667000002,0.755636953,0.86487347
1208,550.15625,0.780445844,0.89001316
1209,550.2083332999998,0.800457682,0.9101669
1210,550.2604167000002,0.8100708059999999,0.926278
1211,550.3125,0.803553463,0.9345267
1212,550.3645832999998,0.7823065379999999,0.92376155
1213,550.4166667000002,0.7519546210000001,0.8736057
1214,550.46875,0.718332945,0.8331986
1215,550.5208332999998,0.687359545,0.8287193
1216,550.5729167000002,0.665829044,0.8140037
1217,550.625,0.658597013,0.79820246
1218,550.6770832999998,0.664721359,0.7979343
1219,550.7291667000002,0.677324313,0.8085606
1220,550.78125,0.6918711909999999,0.8125898
1221,550.8333332999998,0.7087385209999999,0.8150203
1222,550.8854167000002,0.725252163,0.8352248
1223,550.9375,0.736432877,0.8571993
1224,550.9895832999998,0.7495209290000001,0.87137586
1225,551.0416667000002,0.774544484,0.88681436
1226,551.09375,0.810465422,0.9096456
1227,551.1458332999998,0.844000306,0.94243956
1228,551.1979167000002,0.860511678,0.9707469
1229,551.25,0.8563188869999999,0.98427814
1230,551.3020832999998,0.834518177,0.979955
1231,551.3541667000002,0.799128504,0.9613204
1232,551.40625,0.756467543,0.91366285
1233,551.4583332999998,0.7159868159999999,0.8591736
1234,551.5104167000002,0.687886635,0.8457232
1235,551.5625,0.676702116,0.8321966
1236,551.6145832999998,0.681820595,0.82450056
1237,551.6666667000002,0.6943851790000001,0.8311123
1238,551.71875,0.704389053,0.8446965
1239,551.7708332999998,0.7074365429999999,0.85033804
1240,551.8229167000002,0.7057396840000001,0.84381753
1241,551.875,0.7034697390000001,0.84353584
1242,551.9270832999998,0.7008337790000001,0.8442641
1243,551.9791667000002,0.6969689790000001,0.84078497
1244,552.03125,0.69145851,0.837194
1245,552.0833332999998,0.6827032209999999,0.8354624
1246,552.1354167000002,0.6702917420000001,0.83232856
1247,552.1875,0.656727036,0.82489294
1248,552.2395832999998,0.6444975310000001,0.8136192
1249,552.2916667000002,0.633760113,0.80253184
1250,552.34375,0.623070653,0.793991
1251,552.3958332999998,0.610936727,0.76999503
1252,552.4479167000002,0.597786808,0.7294856
1253,552.5,0.585266196,0.7286874
1254,552.5520832999998,0.575287784,0.73199743
1255,552.6041667000002,0.569459189,0.72367394
1256,552.65625,0.567734097,0.7182316
1257,552.7083332999998,0.568299165,0.71807253
1258,552.7604167000002,0.569005024,0.71781355
1259,552.8125,0.568455481,0.71160585
1260,552.8645832999998,0.567263946,0.7105921
1261,552.9166667000002,0.567048262,0.7142747
1262,552.96875,0.5683977060000001,0.7172079
1263,553.0208332999998,0.5711545179999999,0.72102743
1264,553.0729167000002,0.575116201,0.7257059
1265,553.125,0.579607019,0.73235995
1266,553.1770832999998,0.583486838,0.7385645
1267,553.2291667000002,0.585939181,0.7430672
1268,553.28125,0.586732818,0.74546605
1269,553.3333332999998,0.585820711,0.7452249
1270,553.3854167000002,0.5830706,0.7322415
1271,553.4375,0.578340802,0.69218117
1272,553.4895832999998,0.572050983,0.68959177
1273,553.5416667000002,0.565836885,0.7039036
1274,553.59375,0.562292595,0.70461565
1275,553.6458332999998,0.563200939,0.7052294
1276,553.6979167000002,0.5685836879999999,0.70998836
1277,553.75,0.577057629,0.71571076
1278,553.8020832999998,0.586651723,0.71273124
1279,553.8541667000002,0.596810737,0.71787345
1280,553.90625,0.607228965,0.73284113
1281,553.9583332999998,0.618070604,0.74635535
1282,554.0104167000002,0.6316973020000001,0.7570385
1283,554.0625,0.649694345,0.76946867
1284,554.1145832999998,0.669178407,0.78683007
1285,554.1666667000002,0.6837320579999999,0.8071744
1286,554.21875,0.6902103359999999,0.8217205
1287,554.2708332999998,0.690865389,0.8282136
1288,554.3229167000002,0.68817856,0.82962114
1289,554.375,0.682365818,0.82091093
1290,554.4270832999998,0.673137781,0.78150845
1291,554.4791667000002,0.661546247,0.770264
1292,554.53125,0.651011036,0.7814635
1293,554.5833332999998,0.647843209,0.77935445
1294,554.6354167000002,0.6551884379999999,0.77902645
1295,554.6875,0.669672212,0.7887008
1296,554.7395832999998,0.685963529,0.8007121
1297,554.7916667000002,0.69964612,0.804454
1298,554.84375,0.707974227,0.81065995
1299,554.8958332999998,0.710434885,0.8238136
1300,554.9479167000002,0.710386629,0.8333171
1301,555.0,0.7157194090000001,0.8364874
1302,555.0520832999998,0.733332689,0.8439951
1303,555.1041667000002,0.7596350600000001,0.862958
1304,555.15625,0.78428666,0.8874869
1305,555.2083332999998,0.8004747040000001,0.9084809
1306,555.2604167000002,0.804755983,0.92265856
1307,555.3125,0.796193908,0.9260957
1308,555.3645832999998,0.776787715,0.91453713
1309,555.4166667000002,0.7502034340000001,0.8682865
1310,555.46875,0.7211462650000001,0.83039325
1311,555.5208332999998,0.695016724,0.826534
1312,555.5729167000002,0.676287803,0.81470466
1313,555.625,0.668380845,0.80370057
1314,555.6770832999998,0.6701573510000001,0.8001741
1315,555.7291667000002,0.67942811,0.8038766
1316,555.78125,0.6917126379999999,0.8060792
1317,555.8333332999998,0.702696132,0.8127798
1318,555.8854167000002,0.713458241,0.8308826
1319,555.9375,0.733456765,0.8441268
1320,555.9895832999998,0.7717066179999998,0.8617784
1321,556.0416667000002,0.8196661479999998,0.897162
1322,556.09375,0.861918871,0.9400108
1323,556.1458332999998,0.888242277,0.97958505
1324,556.1979167000002,0.89635632,1.0034533
1325,556.25,0.8895190059999999,1.011699
1326,556.3020832999998,0.8712294059999999,1.0077535
1327,556.3541667000002,0.8446539740000001,0.99167687
1328,556.40625,0.8136553969999999,0.9445149
1329,556.4583332999998,0.780969974,0.89319056
1330,556.5104167000002,0.74939209,0.8887747
1331,556.5625,0.727619377,0.87929916
1332,556.6145832999998,0.7288785740000001,0.86403567
1333,556.6666667000002,0.7550514159999999,0.8676339
1334,556.71875,0.791131106,0.8901795
1335,556.7708332999998,0.818202043,0.9133001
1336,556.8229167000002,0.826303961,0.9240844
1337,556.875,0.8160758740000001,0.93254304
1338,556.9270832999998,0.794161227,0.9314258
1339,556.9791667000002,0.7724465189999999,0.9189812
1340,557.03125,0.763624526,0.90427834
1341,557.0833332999998,0.7715143429999999,0.9004734
1342,557.1354167000002,0.786828401,0.9094736
1343,557.1875,0.797892844,0.9226023
1344,557.2395832999998,0.797039305,0.93315107
1345,557.2916667000002,0.7831059370000001,0.93233484
1346,557.34375,0.759711345,0.9195633
1347,557.3958332999998,0.731505385,0.8831265
1348,557.4479167000002,0.702049112,0.8251117
1349,557.5,0.6759701459999999,0.81382596
1350,557.5520832999998,0.656785573,0.80853313
1351,557.6041667000002,0.647175645,0.7950634
1352,557.65625,0.64657127,0.7905134
1353,557.7083332999998,0.650855153,0.7937336
1354,557.7604167000002,0.6566085970000001,0.79341745
1355,557.8125,0.661723525,0.7859717
1356,557.8645832999998,0.66457006,0.7911534
1357,557.9166667000002,0.665133184,0.80122775
1358,557.96875,0.6671052789999999,0.8068355
1359,558.0208332999998,0.6759153440000001,0.8112643
1360,558.0729167000002,0.693012669,0.82197034
1361,558.125,0.713423425,0.8405773
1362,558.1770832999998,0.729650261,0.86117506
1363,558.2291667000002,0.739092957,0.8756023
1364,558.28125,0.7421544770000001,0.88302577
1365,558.3333332999998,0.7382358100000002,0.88334256
1366,558.3854167000002,0.7261626609999998,0.8697942
1367,558.4375,0.706746385,0.82685304
1368,558.4895832999998,0.684395874,0.81278706
1369,558.5416667000002,0.664547086,0.81171465
1370,558.59375,0.6511996720000001,0.8003529
1371,558.6458332999998,0.645381824,0.7910014
1372,558.6979167000002,0.64542504,0.7881194
1373,558.75,0.647950456,0.7865631
1374,558.8020832999998,0.649723355,0.77786845
1375,558.8541667000002,0.648953532,0.77753544
1376,558.90625,0.645863187,0.78182787
1377,558.9583332999998,0.6425791470000001,0.7834758
1378,559.0104167000002,0.641423002,0.78412837
1379,559.0625,0.643405755,0.7879204
1380,559.1145832999998,0.647784414,0.79433614
1381,559.1666667000002,0.65314676,0.7998867
1382,559.21875,0.657617331,0.80563605
1383,559.2708332999998,0.658953541,0.81061465
1384,559.3229167000002,0.656109908,0.8109971
1385,559.375,0.6493787529999999,0.8009542
1386,559.4270832999998,0.638797108,0.764066
1387,559.4791667000002,0.625261713,0.75176215
1388,559.53125,0.611228289,0.7603289
1389,559.5833332999998,0.601177438,0.75637233
1390,559.6354167000002,0.597746465,0.75224996
1391,559.6875,0.600032268,0.75585073
1392,559.7395832999998,0.605584094,0.7596448
1393,559.7916667000002,0.612736197,0.75426745
1394,559.84375,0.619653187,0.754663
1395,559.8958332999998,0.623412262,0.76707816
1396,559.9479167000002,0.624396495,0.77245533
1397,560.0,0.625939783,0.7737772
1398,560.0520832999998,0.628825054,0.7776875
1399,560.1041667000002,0.631176964,0.78355795
1400,560.15625,0.631660861,0.7887075
1401,560.2083332999998,0.630036526,0.7911845
1402,560.2604167000002,0.626496846,0.7913891
1403,560.3125,0.621195615,0.7888555
1404,560.3645832999998,0.614100551,0.780723
1405,560.4166667000002,0.605206011,0.7435731
1406,560.46875,0.595049649,0.7164752
1407,560.5208332999998,0.58539131,0.7284923
1408,560.5729167000002,0.578660773,0.73081535
1409,560.625,0.576870798,0.72692376
1410,560.6770832999998,0.579984853,0.72924525
1411,560.7291667000002,0.585864555,0.73532075
1412,560.78125,0.5925318629999999,0.7330714
1413,560.8333332999998,0.598993643,0.73218894
1414,560.8854167000002,0.605094824,0.7430452
1415,560.9375,0.612763717,0.75237554
1416,560.9895832999998,0.62435559,0.7622576
1417,561.0416667000002,0.639807253,0.7758796
1418,561.09375,0.657759454,0.7920518
1419,561.1458332999998,0.675794364,0.8086578
1420,561.1979167000002,0.690055958,0.82374406
1421,561.25,0.696976962,0.8351413
1422,561.3020832999998,0.6952382979999999,0.83986866
1423,561.3541667000002,0.68576704,0.8345669
1424,561.40625,0.670441838,0.8027693
1425,561.4583332999998,0.652092186,0.76386136
1426,561.5104167000002,0.6348325770000001,0.7646572
1427,561.5625,0.622502563,0.76237464
1428,561.6145832999998,0.6178231670000001,0.75554997
1429,561.6666667000002,0.620292715,0.75706756
1430,561.71875,0.6278201720000001,0.7625038
1431,561.7708332999998,0.639290159,0.7634053
1432,561.8229167000002,0.652084639,0.76441747
1433,561.875,0.6634807070000001,0.778699
1434,561.9270832999998,0.673622543,0.79554564
1435,561.9791667000002,0.6869506670000001,0.8074676
1436,562.03125,0.70789974,0.82347715
1437,562.0833332999998,0.735629719,0.84580237
1438,562.1354167000002,0.765742885,0.8731117
1439,562.1875,0.792453203,0.89993113
1440,562.2395832999998,0.810170241,0.9224344
1441,562.2916667000002,0.814636125,0.9369481
1442,562.34375,0.8036346759999998,0.9394608
1443,562.3958332999998,0.7782804320000002,0.91499496
1444,562.4479167000002,0.7445584240000002,0.86482877
1445,562.5,0.7152908040000001,0.8536659
1446,562.5520832999998,0.703272327,0.8452636
1447,562.6041667000002,0.7151725309999999,0.8373969
1448,562.65625,0.7438869070000002,0.84770703
1449,562.7083332999998,0.774616801,0.8743436
1450,562.7604167000002,0.7938221209999999,0.8973614
1451,562.8125,0.7987990229999999,0.9032045
1452,562.8645832999998,0.795380775,0.90958005
1453,562.9166667000002,0.7917708890000001,0.91303194
1454,562.96875,0.7956359490000001,0.91220635
1455,563.0208332999998,0.809492832,0.918399
1456,563.0729167000002,0.82774408,0.93225485
1457,563.125,0.843203736,0.9489465
1458,563.1770832999998,0.849090371,0.9629022
1459,563.2291667000002,0.8404209370000001,0.96927875
1460,563.28125,0.817098661,0.9642954
1461,563.3333332999998,0.784775213,0.9486956
1462,563.3854167000002,0.7520854840000001,0.9138582
1463,563.4375,0.725866399,0.8499389
1464,563.4895832999998,0.708620349,0.832339
1465,563.5416667000002,0.698796047,0.83901167
1466,563.59375,0.6969909590000001,0.8366403
1467,563.6458332999998,0.7056221709999999,0.83803433
1468,563.6979167000002,0.7215428770000001,0.8506299
1469,563.75,0.738367831,0.8612996
1470,563.8020832999998,0.751890827,0.86280453
1471,563.8541667000002,0.7568332080000001,0.8741735
1472,563.90625,0.7524079479999999,0.89039636
1473,563.9583332999998,0.7529143420000001,0.8911137
1474,564.0104167000002,0.7743952409999999,0.8910855
1475,564.0625,0.810532209,0.9104077
1476,564.1145832999998,0.839328891,0.9423741
1477,564.1666667000002,0.8480058909999999,0.9669075
1478,564.21875,0.837005438,0.9736222
1479,564.2708332999998,0.8115067420000001,0.9642915
1480,564.3229167000002,0.77829303,0.94467145
1481,564.375,0.742665247,0.9094567
1482,564.4270832999998,0.70880601,0.843973
1483,564.4791667000002,0.680249441,0.81129515
1484,564.53125,0.659084252,0.80847657
1485,564.5833332999998,0.647453263,0.7961262
1486,564.6354167000002,0.644905123,0.7872758
1487,564.6875,0.647454645,0.7876225
1488,564.7395832999998,0.650878215,0.79132026
1489,564.7916667000002,0.652542316,0.7850722
1490,564.84375,0.652445708,0.7809478
1491,564.8958332999998,0.651911174,0.7871839
1492,564.9479167000002,0.652617691,0.79019505
1493,565.0,0.656567217,0.79073685
1494,565.0520832999998,0.663562958,0.79632103
1495,565.1041667000002,0.67055913,0.80535865
1496,565.15625,0.675259112,0.8128572
1497,565.2083332999998,0.677119087,0.8170727
1498,565.2604167000002,0.676043492,0.8192073
1499,565.3125,0.672010585,0.81855756
1500,565.3645832999998,0.665373207,0.8115265
1501,565.4166667000002,0.656786616,0.77933604
1502,565.46875,0.647250478,0.75480765
1503,565.5208332999998,0.63803631,0.7634735
1504,565.5729167000002,0.631059905,0.76645404
1505,565.625,0.6278483579999999,0.7635305
1506,565.6770832999998,0.628750835,0.7660319
1507,565.7291667000002,0.632745354,0.7694506
1508,565.78125,0.63882516,0.7662608
1509,565.8333332999998,0.645507189,0.76459175
1510,565.8854167000002,0.650866696,0.77496135
1511,565.9375,0.6548885179999999,0.78491217
1512,565.9895832999998,0.659537171,0.79256976
1513,566.0416667000002,0.66667274,0.80004245
1514,566.09375,0.6766660440000001,0.80893385
1515,566.1458332999998,0.687314987,0.82036465
1516,566.1979167000002,0.695025855,0.8314369
1517,566.25,0.697093631,0.8408789
1518,566.3020832999998,0.693161721,0.8456642
1519,566.3541667000002,0.684926093,0.8425054
1520,566.40625,0.674279181,0.81657803
1521,566.4583332999998,0.662756759,0.7868374
1522,566.5104167000002,0.652154159,0.79474455
1523,566.5625,0.6466383960000001,0.801328
1524,566.6145832999998,0.649761037,0.79949534
1525,566.6666667000002,0.661168301,0.80261075
1526,566.71875,0.675052745,0.8130279
1527,566.7708332999998,0.683151921,0.82062083
1528,566.8229167000002,0.68127292,0.8205349
1529,566.875,0.672503483,0.82339364
1530,566.9270832999998,0.6639786360000001,0.8242301
1531,566.9791667000002,0.661442372,0.8190911
1532,567.03125,0.667022043,0.81858146
1533,567.0833332999998,0.6754165659999999,0.8287805
1534,567.1354167000002,0.680059442,0.8405963
1535,567.1875,0.680011055,0.8477615
1536,567.2395832999998,0.6765108879999999,0.84861046
1537,567.2916667000002,0.669481069,0.84710455
1538,567.34375,0.65768411,0.84016854
1539,567.3958332999998,0.641055101,0.8130626
1540,567.4479167000002,0.621299415,0.7661856
1541,567.5,0.603078259,0.7647533
1542,567.5520832999998,0.5924518,0.7658741
1543,567.6041667000002,0.593434418,0.76076555
1544,567.65625,0.60414785,0.7631035
1545,567.7083332999998,0.61928892,0.7760192
1546,567.7604167000002,0.632032255,0.78982216
1547,567.8125,0.642968181,0.7934828
1548,567.8645832999998,0.661751371,0.80706227
1549,567.9166667000002,0.6968099870000001,0.8255196
1550,567.96875,0.745670136,0.85598224
1551,568.0208332999998,0.794030694,0.8981482
1552,568.0729167000002,0.83355453,0.93838304
1553,568.125,0.859950931,0.9701505
1554,568.1770832999998,0.865824919,0.9901104
1555,568.2291667000002,0.8461819190000002,0.9957035
1556,568.28125,0.808099279,0.98057055
1557,568.3333332999998,0.765519254,0.9478038
1558,568.3854167000002,0.726008471,0.9000562
1559,568.4375,0.689325492,0.8305058
1560,568.4895832999998,0.65700036,0.807548
1561,568.5416667000002,0.634360674,0.79705554
1562,568.59375,0.6277025589999999,0.78138965
1563,568.6458332999998,0.634972967,0.7778137
1564,568.6979167000002,0.649053682,0.7847738
1565,568.75,0.662682578,0.79165626
1566,568.8020832999998,0.669851791,0.788997
1567,568.8541667000002,0.668171649,0.79096806
1568,568.90625,0.659735179,0.7949646
1569,568.9583332999998,0.651076101,0.7924502
1570,569.0104167000002,0.649838181,0.7865084
1571,569.0625,0.65790017,0.7860114
1572,569.1145832999998,0.66882095,0.7955031
1573,569.1666667000002,0.675084978,0.80618155
1574,569.21875,0.675583267,0.81098926
1575,569.2708332999998,0.6715367109999999,0.81030154
1576,569.3229167000002,0.663208123,0.80404246
1577,569.375,0.650231242,0.78849864
1578,569.4270832999998,0.632900042,0.7449431
1579,569.4791667000002,0.614206966,0.7263154
1580,569.53125,0.598970575,0.7300969
1581,569.5833332999998,0.591071691,0.72319126
1582,569.6354167000002,0.591349283,0.7187106
1583,569.6875,0.597480708,0.7221508
1584,569.7395832999998,0.606338158,0.72808737
1585,569.7916667000002,0.615593866,0.7260267
1586,569.84375,0.624161957,0.7298764
1587,569.8958332999998,0.630980413,0.7460833
1588,569.9479167000002,0.63930129,0.7565305
1589,570.0,0.656216476,0.7651371
1590,570.0520832999998,0.68223794,0.7826595
1591,570.1041667000002,0.7091952859999999,0.80926895
1592,570.15625,0.73108426,0.8344302
1593,570.2083332999998,0.747239405,0.8526798
1594,570.2604167000002,0.7553380759999999,0.86740124
1595,570.3125,0.752152753,0.87503135
1596,570.3645832999998,0.738592885,0.8681217
1597,570.4166667000002,0.718303903,0.82870114
1598,570.46875,0.6957933190000001,0.7972446
1599,570.5208332999998,0.675561926,0.7968009
1600,570.5729167000002,0.661384645,0.78932494
1601,570.625,0.654266448,0.780603
1602,570.6770832999998,0.6531817520000001,0.77877146
1603,570.7291667000002,0.656378073,0.78199744
1604,570.78125,0.661834081,0.7786638
1605,570.8333332999998,0.668442467,0.7767737
1606,570.8854167000002,0.6753286070000001,0.78799355
1607,570.9375,0.682862803,0.80002534
1608,570.9895832999998,0.693436556,0.80961144
1609,571.0416667000002,0.70877522,0.820436
1610,571.09375,0.7262167620000001,0.8358117
1611,571.1458332999998,0.7397540229999999,0.8523384
1612,571.1979167000002,0.744888036,0.86443967
1613,571.25,0.7410199790000002,0.86910737
1614,571.3020832999998,0.729783168,0.86585903
1615,571.3541667000002,0.7131249,0.8539968
1616,571.40625,0.692692366,0.81897134
1617,571.4583332999998,0.6715680540000001,0.77890706
1618,571.5104167000002,0.653680551,0.77798384
1619,571.5625,0.642697792,0.7758894
1620,571.6145832999998,0.640137901,0.7703829
1621,571.6666667000002,0.643869854,0.7736029
1622,571.71875,0.650970409,0.7796819
1623,571.7708332999998,0.660094822,0.7796774
1624,571.8229167000002,0.6691799589999999,0.7775338
1625,571.875,0.6755920679999999,0.7878368
1626,571.9270832999998,0.6792882370000001,0.79746073
1627,571.9791667000002,0.68269845,0.8013921
1628,572.03125,0.6872858959999999,0.80593914
1629,572.0833332999998,0.6921677190000001,0.81241065
1630,572.1354167000002,0.6958266809999999,0.8189316
1631,572.1875,0.697162251,0.82411677
1632,572.2395832999998,0.6956758820000001,0.8274382
1633,572.2916667000002,0.691781192,0.8267355
1634,572.34375,0.686153075,0.8225876
1635,572.3958332999998,0.678959911,0.80638194
1636,572.4479167000002,0.670346054,0.7727256
1637,572.5,0.6619896829999999,0.772973
1638,572.5520832999998,0.6565508870000001,0.7816764
1639,572.6041667000002,0.655380775,0.7812022
1640,572.65625,0.658006918,0.78144747
1641,572.7083332999998,0.662941303,0.78668827
1642,572.7604167000002,0.667793493,0.7885993
1643,572.8125,0.670866075,0.783107
1644,572.8645832999998,0.670824877,0.79101676
1645,572.9166667000002,0.668882536,0.79966915
1646,572.96875,0.671414982,0.8033152
1647,573.0208332999998,0.6835688879999999,0.80875146
1648,573.0729167000002,0.704074695,0.82115024
1649,573.125,0.7263924620000002,0.8403764
1650,573.1770832999998,0.742659592,0.8601242
1651,573.2291667000002,0.7483346190000001,0.874153
1652,573.28125,0.7430106770000001,0.8798609
1653,573.3333332999998,0.728953504,0.8759105
1654,573.3854167000002,0.709722339,0.8563357
1655,573.4375,0.6885754740000001,0.8091521
1656,573.4895832999998,0.668388799,0.7940386
1657,573.5416667000002,0.651838906,0.79860085
1658,573.59375,0.641908722,0.7928584
1659,573.6458332999998,0.641090681,0.7876231
1660,573.6979167000002,0.6487678370000001,0.7915189
1661,573.75,0.65983461,0.8002813
1662,573.8020832999998,0.668811311,0.80372685
1663,573.8541667000002,0.675117601,0.81088686
1664,573.90625,0.682117902,0.8186791
1665,573.9583332999998,0.6903824040000001,0.8273424
1666,574.0104167000002,0.6963583520000001,0.8367939
1667,574.0625,0.698241757,0.846051
1668,574.1145832999998,0.696670274,0.85183924
1669,574.1666667000002,0.692729991,0.8534185
1670,574.21875,0.686706557,0.85042536
1671,574.2708332999998,0.677901998,0.8450952
1672,574.3229167000002,0.665416291,0.836656
1673,574.375,0.649114776,0.81817055
1674,574.4270832999998,0.62977801,0.7669119
1675,574.4791667000002,0.610155639,0.74440676
1676,574.53125,0.5934594879999999,0.74879944
1677,574.5833332999998,0.582961246,0.742018
1678,574.6354167000002,0.580111304,0.7372969
1679,574.6875,0.583444025,0.73899657
1680,574.7395832999998,0.5908388960000001,0.7450487
1681,574.7916667000002,0.5997084970000001,0.7438119
1682,574.84375,0.609130391,0.74741876
1683,574.8958332999998,0.620606295,0.7600177
1684,574.9479167000002,0.635126952,0.77521265
1685,575.0,0.653504994,0.7920499
1686,575.0520832999998,0.677065418,0.81338584
1687,575.1041667000002,0.706747242,0.836164
1688,575.15625,0.7383755609999999,0.8627784
1689,575.2083332999998,0.762371109,0.888089
1690,575.2604167000002,0.7711013090000001,0.9065333
1691,575.3125,0.762060999,0.9122287
1692,575.3645832999998,0.737539125,0.90025824
1693,575.4166667000002,0.7042006959999999,0.85011506
1694,575.46875,0.671641467,0.80812466
1695,575.5208332999998,0.647721364,0.80099326
1696,575.5729167000002,0.637849418,0.7915789
1697,575.625,0.642398281,0.78457016
1698,575.6770832999998,0.6580650579999999,0.7899681
1699,575.7291667000002,0.6766120109999999,0.80420864
1700,575.78125,0.6907313629999999,0.8106985
1701,575.8333332999998,0.696774188,0.81814754
1702,575.8854167000002,0.697579921,0.8310029
1703,575.9375,0.703759076,0.8368759
1704,575.9895832999998,0.723569379,0.8414627
1705,576.0416667000002,0.7525626529999999,0.8586735
1706,576.09375,0.776006362,0.8856097
1707,576.1458332999998,0.7839936520000002,0.90859526
1708,576.1979167000002,0.777522433,0.9179734
1709,576.25,0.7631717570000002,0.91570187
1710,576.3020832999998,0.746788279,0.9048318
1711,576.3541667000002,0.7304617990000002,0.88710904
1712,576.40625,0.7125602459999999,0.8478476
1713,576.4583332999998,0.690755505,0.8071907
1714,576.5104167000002,0.6673697829999999,0.80736256
1715,576.5625,0.649607985,0.8016611
1716,576.6145832999998,0.643843378,0.7900057
1717,576.6666667000002,0.650699016,0.7869998
1718,576.71875,0.665008073,0.7959711
1719,576.7708332999998,0.679569663,0.8020769
1720,576.8229167000002,0.6907332559999999,0.8062535
1721,576.875,0.698662529,0.8218032
1722,576.9270832999998,0.709754399,0.8357631
1723,576.9791667000002,0.7343077379999999,0.84890413
1724,577.03125,0.77465027,0.8729009
1725,577.0833332999998,0.823155732,0.90815395
1726,577.1354167000002,0.8654279040000001,0.95061696
1727,577.1875,0.8877204179999999,0.98661447
1728,577.2395832999998,0.8844981959999999,1.0073205
1729,577.2916667000002,0.8616632930000001,1.004755
1730,577.34375,0.8285100009999999,0.98345625
1731,577.3958332999998,0.789630029,0.9382443
1732,577.4479167000002,0.7484815379999998,0.8755908
1733,577.5,0.7114588820000001,0.8549385
1734,577.5520832999998,0.6860838840000001,0.8390113
1735,577.6041667000002,0.6753107840000001,0.8198789
1736,577.65625,0.675611978,0.81351644
1737,577.7083332999998,0.6803705459999999,0.81554925
1738,577.7604167000002,0.68474728,0.8156255
1739,577.8125,0.685561775,0.80816054
1740,577.8645832999998,0.682689579,0.8078897
1741,577.9166667000002,0.678168785,0.81074655
1742,577.96875,0.674411525,0.8128416
1743,578.0208332999998,0.6748156,0.8167548
1744,578.0729167000002,0.6834168009999999,0.8200226
1745,578.125,0.700524962,0.82836205
1746,578.1770832999998,0.718351985,0.84282947
1747,578.2291667000002,0.727527101,0.8576976
1748,578.28125,0.7242972329999999,0.8660889
1749,578.3333332999998,0.7109332359999999,0.8636082
1750,578.3854167000002,0.692040092,0.8408854
1751,578.4375,0.6717789470000001,0.78835106
1752,578.4895832999998,0.65336965,0.77397656
1753,578.5416667000002,0.63862059,0.7767855
1754,578.59375,0.629775416,0.7715402
1755,578.6458332999998,0.627345884,0.7682595
1756,578.6979167000002,0.630809894,0.7688354
1757,578.75,0.638872607,0.77066237
1758,578.8020832999998,0.647994608,0.7684878
1759,578.8541667000002,0.655014746,0.7767641
1760,578.90625,0.6615560420000001,0.78878725
1761,578.9583332999998,0.6723161009999999,0.7974022
1762,579.0104167000002,0.6891804109999999,0.80910105
1763,579.0625,0.709067587,0.82679975
1764,579.1145832999998,0.727910378,0.8460594
1765,579.1666667000002,0.7423095559999999,0.8632213
1766,579.21875,0.749341527,0.8757442
1767,579.2708332999998,0.7473709240000002,0.8831052
1768,579.3229167000002,0.7376454440000001,0.88076717
1769,579.375,0.722904409,0.8646253
1770,579.4270832999998,0.7051220429999999,0.8202296
1771,579.4791667000002,0.685764424,0.7978762
1772,579.53125,0.667255887,0.8002982
1773,579.5833332999998,0.652488305,0.79130137
1774,579.6354167000002,0.643485357,0.78078645
1775,579.6875,0.639817855,0.7766966
1776,579.7395832999998,0.639589921,0.7761469
1777,579.7916667000002,0.640828029,0.76802456
1778,579.84375,0.642460891,0.7654952
1779,579.8958332999998,0.64414581,0.77106553
1780,579.9479167000002,0.64657376,0.77439815
1781,580.0,0.650266911,0.7783738
1782,580.0520832999998,0.6540726139999999,0.7868433
1783,580.1041667000002,0.656934048,0.7950654
1784,580.15625,0.659620129,0.8000794
1785,580.2083332999998,0.662401715,0.8041618
1786,580.2604167000002,0.6639447279999999,0.8068008
1787,580.3125,0.662897514,0.80724084
1788,580.3645832999998,0.6582103020000001,0.8024144
1789,580.4166667000002,0.649454058,0.7743369
1790,580.46875,0.63756518,0.74964637
1791,580.5208332999998,0.625124337,0.75653553
1792,580.5729167000002,0.615021909,0.7563388
1793,580.625,0.608845422,0.7487782
1794,580.6770832999998,0.60664925,0.7450734
1795,580.7291667000002,0.607027952,0.7476875
1796,580.78125,0.607804526,0.7426654
1797,580.8333332999998,0.608339755,0.7358221
1798,580.8854167000002,0.608963581,0.73864806
1799,580.9375,0.6098495079999999,0.7429674
1800,580.9895832999998,0.6111253560000001,0.7444969
1801,581.0416667000002,0.612958695,0.74700785
1802,581.09375,0.614930882,0.7515259
1803,581.1458332999998,0.6162948629999999,0.75586045
1804,581.1979167000002,0.616423487,0.7605872
1805,581.25,0.614936601,0.7647151
1806,581.3020832999998,0.61211931,0.76633537
1807,581.3541667000002,0.608777205,0.7622386
1808,581.40625,0.605415753,0.73523146
1809,581.4583332999998,0.6017297629999999,0.70125157
1810,581.5104167000002,0.59719704,0.71239275
1811,581.5625,0.592157874,0.7252759
1812,581.6145832999998,0.588442503,0.7266874
1813,581.6666667000002,0.588368497,0.72829264
1814,581.71875,0.5931420620000001,0.73263514
1815,581.7708332999998,0.6020006139999999,0.7312401
1816,581.8229167000002,0.6134880620000001,0.7277834
1817,581.875,0.6244285970000001,0.7428702
1818,581.9270832999998,0.633278934,0.7590549
1819,581.9791667000002,0.645016835,0.76822865
1820,582.03125,0.664356996,0.7820047
1821,582.0833332999998,0.6886664570000001,0.80363727
1822,582.1354167000002,0.714102315,0.8284371
1823,582.1875,0.7390518460000001,0.85328835
1824,582.2395832999998,0.759928844,0.8805554
1825,582.2916667000002,0.7746529090000001,0.9028129
1826,582.34375,0.7882424900000001,0.91405493
1827,582.3958332999998,0.801543641,0.90809995
1828,582.4479167000002,0.8054697169999999,0.8883705
1829,582.5,0.7969632149999999,0.9081713
1830,582.5520832999998,0.7909669410000001,0.9206925
1831,582.6041667000002,0.8085377840000001,0.91841686
1832,582.65625,0.855688993,0.9346619
1833,582.7083332999998,0.911326333,0.9776358
1834,582.7604167000002,0.9495862740000001,1.0218406
1835,582.8125,0.9623148570000001,1.0468367
1836,582.8645832999998,0.963961371,1.0619816
1837,582.9166667000002,0.977829874,1.0682975
1838,582.96875,1.013349884,1.0814338
1839,583.0208332999998,1.056157843,1.113378
1840,583.0729167000002,1.087354741,1.1500548
1841,583.125,1.096428083,1.1762774
1842,583.1770832999998,1.076385236,1.1837658
1843,583.2291667000002,1.028512519,1.1656823
1844,583.28125,0.9615053850000002,1.1243113
1845,583.3333332999998,0.8877908990000001,1.0691894
1846,583.3854167000002,0.817565841,0.9965557
1847,583.4375,0.7566847259999999,0.9006686
1848,583.4895832999998,0.7094442670000001,0.8566883
1849,583.5416667000002,0.6759927929999999,0.8362557
1850,583.59375,0.65704549,0.8112893
1851,583.6458332999998,0.650463715,0.79563487
1852,583.6979167000002,0.650520894,0.7913846
1853,583.75,0.651326462,0.79053706
1854,583.8020832999998,0.649719133,0.7800542
1855,583.8541667000002,0.646466214,0.77523637
1856,583.90625,0.643430936,0.78011715
1857,583.9583332999998,0.642686516,0.7825056
1858,584.0104167000002,0.648005024,0.78338736
1859,584.0625,0.660867373,0.7891547
1860,584.1145832999998,0.676269762,0.80397445
1861,584.1666667000002,0.688065735,0.81831425
1862,584.21875,0.694414325,0.8279135
1863,584.2708332999998,0.695177009,0.83269763
1864,584.3229167000002,0.6902737409999999,0.8320723
1865,584.375,0.680246847,0.81988615
1866,584.4270832999998,0.666092156,0.7765576
1867,584.4791667000002,0.649655127,0.7580353
1868,584.53125,0.634330031,0.76691025
1869,584.5833332999998,0.624393028,0.76198727
1870,584.6354167000002,0.622859883,0.75459576
1871,584.6875,0.6290675139999999,0.7556994
1872,584.7395832999998,0.63889961,0.76292205
1873,584.7916667000002,0.647932981,0.7636538
1874,584.84375,0.655045516,0.7682752
1875,584.8958332999998,0.661991737,0.78530407
1876,584.9479167000002,0.675060621,0.7998519
1877,585.0,0.705478776,0.8156838
1878,585.0520832999998,0.758395121,0.84383166
1879,585.1041667000002,0.8224065999999998,0.8905686
1880,585.15625,0.877027745,0.94521147
1881,585.2083332999998,0.906448231,0.9912677
1882,585.2604167000002,0.906400224,1.016066
1883,585.3125,0.8829797140000002,1.0150526
1884,585.3645832999998,0.8455204040000001,0.9898461
1885,585.4166667000002,0.8009673040000002,0.92744505
1886,585.46875,0.7559978679999999,0.8753786
1887,585.5208332999998,0.716784471,0.8599304
1888,585.5729167000002,0.68968629,0.8391832
1889,585.625,0.6785546370000001,0.8205437
1890,585.6770832999998,0.6824652370000001,0.8165476
1891,585.7291667000002,0.696106172,0.82337946
1892,585.78125,0.7136545440000001,0.82614845
1893,585.8333332999998,0.7300613640000001,0.8321038
1894,585.8854167000002,0.740664627,0.85029036
1895,585.9375,0.7442564770000002,0.8655394
1896,585.9895832999998,0.7462645609999998,0.87393814
1897,586.0416667000002,0.7543400720000001,0.88103133
1898,586.09375,0.7717434870000001,0.8913819
1899,586.1458332999998,0.7936319340000001,0.90872836
1900,586.1979167000002,0.8098271330000001,0.9275301
1901,586.25,0.8130402150000001,0.9409184
1902,586.3020832999998,0.801975317,0.9429075
1903,586.3541667000002,0.779477111,0.9298698
1904,586.40625,0.748587034,0.88824385
1905,586.4583332999998,0.713723978,0.841842
1906,586.5104167000002,0.681790663,0.83245695
1907,586.5625,0.660319632,0.8177259
1908,586.6145832999998,0.652992485,0.8003125
1909,586.6666667000002,0.656274689,0.7961917
1910,586.71875,0.6625270320000001,0.79930013
1911,586.7708332999998,0.6666927420000001,0.7973803
1912,586.8229167000002,0.666476205,0.79003704
1913,586.875,0.661530179,0.791737
1914,586.9270832999998,0.65363635,0.79224044
1915,586.9791667000002,0.646098961,0.7891847
1916,587.03125,0.641518725,0.78590596
1917,587.0833332999998,0.6405707820000001,0.78404707
1918,587.1354167000002,0.6420573470000001,0.7854644
1919,587.1875,0.643477689,0.78824157
1920,587.2395832999998,0.64296469,0.7894343
1921,587.2916667000002,0.639991409,0.788319
1922,587.34375,0.6345664529999999,0.7841305
1923,587.3958332999998,0.6266024570000001,0.76546836
1924,587.4479167000002,0.6162750229999999,0.73013556
1925,587.5,0.6050913920000001,0.7309789
1926,587.5520832999998,0.595304555,0.73658943
1927,587.6041667000002,0.5891600779999999,0.731085
1928,587.65625,0.587253131,0.72862744
1929,587.7083332999998,0.588256908,0.7318654
1930,587.7604167000002,0.59045169,0.73103344
1931,587.8125,0.5929567179999999,0.72388166
1932,587.8645832999998,0.595252644,0.72681487
1933,587.9166667000002,0.597275781,0.73378605
1934,587.96875,0.599915988,0.7382485
1935,588.0208332999998,0.603917406,0.7443233
1936,588.0729167000002,0.609190343,0.75197923
1937,588.125,0.6152364570000001,0.76070166
1938,588.1770832999998,0.621304503,0.7684252
1939,588.2291667000002,0.626166027,0.7754802
1940,588.28125,0.62861627,0.7804231
1941,588.3333332999998,0.6280117789999999,0.7815468
1942,588.3854167000002,0.623777279,0.7715713
1943,588.4375,0.615815931,0.7333594
1944,588.4895832999998,0.60645423,0.7288548
1945,588.5416667000002,0.59940637,0.73899245
1946,588.59375,0.5975086270000001,0.738671
1947,588.6458332999998,0.600681048,0.7407197
1948,588.6979167000002,0.607450281,0.7483069
1949,588.75,0.616011805,0.7567279
1950,588.8020832999998,0.625481459,0.75372314
1951,588.8541667000002,0.636877981,0.7598012
1952,588.90625,0.649979633,0.7765151
1953,588.9583332999998,0.6647097710000001,0.79350054
1954,589.0104167000002,0.68504069,0.8086716
1955,589.0625,0.7134556190000001,0.8284766
1956,589.1145832999998,0.7445628629999999,0.85453236
1957,589.1666667000002,0.769285367,0.88147354
1958,589.21875,0.7809612429999999,0.9021506
1959,589.2708332999998,0.7775415500000001,0.9125117
1960,589.3229167000002,0.761742569,0.9090314
1961,589.375,0.7380315930000001,0.8881384
1962,589.4270832999998,0.711249212,0.83393925
1963,589.4791667000002,0.685814238,0.8036773
1964,589.53125,0.665330734,0.80026954
1965,589.5833332999998,0.65207228,0.78918064
1966,589.6354167000002,0.645838214,0.7796658
1967,589.6875,0.64547627,0.78020316
1968,589.7395832999998,0.649266579,0.7832847
1969,589.7916667000002,0.657533669,0.7783814
1970,589.84375,0.670907404,0.78126866
1971,589.8958332999998,0.688380468,0.7964084
1972,589.9479167000002,0.709183935,0.8132769
1973,590.0,0.7312565329999999,0.8339028
1974,590.0520832999998,0.752685064,0.85703075
1975,590.1041667000002,0.7742881740000002,0.87980855
1976,590.15625,0.7975038329999998,0.90013206
1977,590.2083332999998,0.8199649490000002,0.9193029
1978,590.2604167000002,0.8335246479999998,0.9382061
1979,590.3125,0.830934368,0.9491972
1980,590.3645832999998,0.811717426,0.941539
1981,590.4166667000002,0.7804833910000001,0.8975528
1982,590.46875,0.7464188289999999,0.8593192
1983,590.5208332999998,0.7202697249999999,0.8489741
1984,590.5729167000002,0.70830253,0.8337018
1985,590.625,0.7077289609999999,0.82398856
1986,590.6770832999998,0.711522612,0.8247833
1987,590.7291667000002,0.714311707,0.8284676
1988,590.78125,0.713139429,0.8247605
1989,590.8333332999998,0.708430667,0.81683236
1990,590.8854167000002,0.7039120190000001,0.8176559
1991,590.9375,0.703091583,0.8176259
1992,590.9895832999998,0.7083137409999999,0.81849605
1993,591.0416667000002,0.71830108,0.82805014
1994,591.09375,0.729802442,0.8409965
1995,591.1458332999998,0.742686776,0.85362357
1996,591.1979167000002,0.755392587,0.86527133
1997,591.25,0.7632776189999999,0.8757054
1998,591.3020832999998,0.762030515,0.8820165
1999,591.3541667000002,0.7506383800000002,0.87724
2000,591.40625,0.730673661,0.8434003
2001,591.4583332999998,0.705558363,0.8014901
2002,591.5104167000002,0.6796540120000001,0.79756594
2003,591.5625,0.657377112,0.7902842
2004,591.6145832999998,0.64308152,0.7777224
2005,591.6666667000002,0.638669181,0.77181554
2006,591.71875,0.64382733,0.7712978
2007,591.7708332999998,0.65647015,0.77073157
2008,591.8229167000002,0.6713318629999999,0.7717814
2009,591.875,0.6838559590000001,0.78682315
2010,591.9270832999998,0.692728743,0.80412227
2011,591.9791667000002,0.700999805,0.8157382
2012,592.03125,0.714067818,0.82582
2013,592.0833332999998,0.733205938,0.8406582
2014,592.1354167000002,0.7536619419999999,0.8597679
2015,592.1875,0.769411925,0.87813497
2016,592.2395832999998,0.776460442,0.8915562
2017,592.2916667000002,0.77296832,0.89797264
2018,592.34375,0.759105679,0.8958057
2019,592.3958332999998,0.7372915120000001,0.86898
2020,592.4479167000002,0.711686858,0.8212582
2021,592.5,0.68934328,0.8186673
2022,592.5520832999998,0.678538545,0.81877613
2023,592.6041667000002,0.6876299570000001,0.8119814
2024,592.65625,0.714337749,0.82178634
2025,592.7083332999998,0.7440508229999999,0.8475281
2026,592.7604167000002,0.76511072,0.86801463
2027,592.8125,0.774036187,0.87448657
2028,592.8645832999998,0.7712533920000001,0.8846335
2029,592.9166667000002,0.762448247,0.8901981
2030,592.96875,0.7584744189999999,0.88773715
2031,593.0208332999998,0.767419636,0.886484
2032,593.0729167000002,0.787560159,0.8964472
2033,593.125,0.808424343,0.9150536
2034,593.1770832999998,0.819022934,0.9349142
2035,593.2291667000002,0.814821197,0.9456195
2036,593.28125,0.7996254200000001,0.9422555
2037,593.3333332999998,0.7789762099999998,0.92806816
2038,593.3854167000002,0.754547816,0.89954823
2039,593.4375,0.726514615,0.8480883
2040,593.4895832999998,0.698057375,0.83073306
2041,593.5416667000002,0.674506343,0.8247516
2042,593.59375,0.661113623,0.81061536
2043,593.6458332999998,0.658058083,0.8041519
2044,593.6979167000002,0.661528254,0.80583555
2045,593.75,0.668072653,0.80636716
2046,593.8020832999998,0.6741696429999999,0.8009425
2047,593.8541667000002,0.67584354,0.80427843
2048,593.90625,0.67268417,0.80944186
2049,593.9583332999998,0.667689895,0.808746
2050,594.0104167000002,0.663415757,0.8077579
2051,594.0625,0.660487884,0.8067091
2052,594.1145832999998,0.658916962,0.8063658
2053,594.1666667000002,0.657560076,0.80681074
2054,594.21875,0.654605797,0.80697304
2055,594.2708332999998,0.649061117,0.8059913
2056,594.3229167000002,0.641179179,0.8034961
2057,594.375,0.631695815,0.79117876
2058,594.4270832999998,0.621199136,0.75242454
2059,594.4791667000002,0.610369235,0.74060935
2060,594.53125,0.600534644,0.7524564
2061,594.5833332999998,0.595283181,0.7514739
2062,594.6354167000002,0.59689407,0.75133723
2063,594.6875,0.603306695,0.7552472
2064,594.7395832999998,0.61149356,0.7600241
2065,594.7916667000002,0.618005935,0.7579082
2066,594.84375,0.62028368,0.7583856
2067,594.8958332999998,0.618536475,0.7652994
2068,594.9479167000002,0.615097551,0.7697217
2069,595.0,0.6132146239999999,0.7704731
2070,595.0520832999998,0.615224986,0.7732946
2071,595.1041667000002,0.620795229,0.7806916
2072,595.15625,0.627169371,0.79314065
2073,595.2083332999998,0.632999572,0.80137134
2074,595.2604167000002,0.6384796629999999,0.8069268
2075,595.3125,0.641360398,0.8100584
2076,595.3645832999998,0.6382932339999999,0.8063013
2077,595.4166667000002,0.627370152,0.7715215
2078,595.46875,0.6106460539999999,0.7470804
2079,595.5208332999998,0.593924607,0.754194
2080,595.5729167000002,0.584152154,0.75199187
2081,595.625,0.584322849,0.7471131
2082,595.6770832999998,0.5929757210000001,0.74881274
2083,595.7291667000002,0.605620841,0.7557013
2084,595.78125,0.616065023,0.7574686
2085,595.8333332999998,0.620669072,0.7589067
2086,595.8854167000002,0.620561351,0.77110785
2087,595.9375,0.622308428,0.7758281
2088,595.9895832999998,0.633336914,0.77785116
2089,596.0416667000002,0.65199695,0.7886593
2090,596.09375,0.670541884,0.8048261
2091,596.1458332999998,0.682995348,0.8203674
2092,596.1979167000002,0.6864456590000001,0.8299129
2093,596.25,0.680964245,0.83175796
2094,596.3020832999998,0.668419347,0.8272965
2095,596.3541667000002,0.651967283,0.8153078
2096,596.40625,0.634367064,0.7755172
2097,596.4583332999998,0.617538632,0.73269
2098,596.5104167000002,0.602960824,0.737
2099,596.5625,0.592313682,0.73852694
2100,596.6145832999998,0.588767969,0.7324522
2101,596.6666667000002,0.593318011,0.7331589
2102,596.71875,0.603304993,0.74390244
2103,596.7708332999998,0.615740615,0.74689907
2104,596.8229167000002,0.630643711,0.7463216
2105,596.875,0.645715279,0.7613926
2106,596.9270832999998,0.6587122129999999,0.77831763
2107,596.9791667000002,0.670872838,0.79245156
2108,597.03125,0.685103793,0.8065666
2109,597.0833332999998,0.702902082,0.82566625
2110,597.1354167000002,0.7240808809999999,0.84781134
2111,597.1875,0.750523684,0.8682151
2112,597.2395832999998,0.7807666670000001,0.8918274
2113,597.2916667000002,0.805563872,0.9171717
2114,597.34375,0.814647824,0.9365666
2115,597.3958332999998,0.8048278559999998,0.92622393
2116,597.4479167000002,0.779482186,0.8877333
2117,597.5,0.749746268,0.8841344
2118,597.5520832999998,0.732102185,0.8758711
2119,597.6041667000002,0.739919326,0.8646718
2120,597.65625,0.769761815,0.87333685
2121,597.7083332999998,0.8066691779999999,0.90122414
2122,597.7604167000002,0.83476222,0.92883915
2123,597.8125,0.848698959,0.94108295
2124,597.8645832999998,0.851128025,0.9544794
2125,597.9166667000002,0.847504076,0.96216965
2126,597.96875,0.8466391180000001,0.9608825
2127,598.0208332999998,0.853249934,0.9619985
2128,598.0729167000002,0.8624375459999999,0.97107565
2129,598.125,0.867387195,0.9814907
2130,598.1770832999998,0.864700485,0.9871416
2131,598.2291667000002,0.8526244770000001,0.98690414
2132,598.28125,0.8317794140000002,0.976857
2133,598.3333332999998,0.804502386,0.9571521
2134,598.3854167000002,0.7719185239999999,0.9225465
2135,598.4375,0.735214844,0.85894907
2136,598.4895832999998,0.698860422,0.83255184
2137,598.5416667000002,0.668798087,0.8227144
2138,598.59375,0.650540052,0.8052174
2139,598.6458332999998,0.646190509,0.79310226
2140,598.6979167000002,0.653751471,0.7921891
2141,598.75,0.666858204,0.7950436
2142,598.8020832999998,0.678103613,0.7935836
2143,598.8541667000002,0.682195497,0.80161285
2144,598.90625,0.680258902,0.8100013
2145,598.9583332999998,0.67847597,0.812149
2146,599.0104167000002,0.681534895,0.81299627
2147,599.0625,0.690257795,0.8176524
2148,599.1145832999998,0.701387323,0.8273532
2149,599.1666667000002,0.70995451,0.8375954
2150,599.21875,0.7128839220000001,0.8443254
2151,599.2708332999998,0.708956868,0.8475744
2152,599.3229167000002,0.698763582,0.8450283
2153,599.375,0.684371726,0.8290489
2154,599.4270832999998,0.667876094,0.7826943
2155,599.4791667000002,0.651445351,0.7657237
2156,599.53125,0.638297075,0.7742427
2157,599.5833332999998,0.6328793770000001,0.7685991
2158,599.6354167000002,0.636856244,0.76451117
2159,599.6875,0.64642767,0.77170676
2160,599.7395832999998,0.655508298,0.78295976
2161,599.7916667000002,0.662011369,0.7814451
2162,599.84375,0.667499343,0.78323114
2163,599.8958332999998,0.673123028,0.7951405
2164,599.9479167000002,0.68091435,0.8051178
2165,600.0,0.6949513820000001,0.81209475
2166,600.0520832999998,0.714996112,0.82694364
2167,600.1041667000002,0.7340036969999999,0.847365
2168,600.15625,0.746832314,0.86616206
2169,600.2083332999998,0.7518935969999999,0.8801205
2170,600.2604167000002,0.7504579620000001,0.88534784
2171,600.3125,0.7447919230000001,0.8831973
2172,600.3645832999998,0.7349011580000001,0.87386185
2173,600.4166667000002,0.719628178,0.83923656
2174,600.46875,0.6996208079999999,0.81056076
2175,600.5208332999998,0.679271609,0.8133781
2176,600.5729167000002,0.66303404,0.80511785
2177,600.625,0.653986347,0.7943515
2178,600.6770832999998,0.651708359,0.7935537
2179,600.7291667000002,0.6535397629999999,0.7956346
2180,600.78125,0.658374546,0.79090875
2181,600.8333332999998,0.664598244,0.78703815
2182,600.8854167000002,0.669767735,0.79514796
2183,600.9375,0.672173982,0.8027433
2184,600.9895832999998,0.67240249,0.8053983
2185,601.0416667000002,0.671656045,0.8065656
2186,601.09375,0.6699071639999999,0.80791724
2187,601.1458332999998,0.666367484,0.80935097
2188,601.1979167000002,0.6606326770000001,0.80832285
2189,601.25,0.653276222,0.80508864
2190,601.3020832999998,0.644888193,0.79910326
2191,601.3541667000002,0.635609135,0.7919033
2192,601.40625,0.625326209,0.7676092
2193,601.4583332999998,0.614403412,0.7364501
2194,601.5104167000002,0.604972637,0.74313384
2195,601.5625,0.599480296,0.7484272
2196,601.6145832999998,0.599305967,0.7453028
2197,601.6666667000002,0.603667967,0.74629736
2198,601.71875,0.609650836,0.75296235
2199,601.7708332999998,0.613992246,0.7551011
2200,601.8229167000002,0.615357818,0.75202876
2201,601.875,0.615278467,0.7543906
2202,601.9270832999998,0.615993145,0.7591912
2203,601.9791667000002,0.618207197,0.76183504
2204,602.03125,0.6218591689999999,0.767041
2205,602.0833332999998,0.626321864,0.7731455
2206,602.1354167000002,0.630605376,0.77954733
2207,602.1875,0.6335577170000001,0.78371793
2208,602.2395832999998,0.634046737,0.7859803
2209,602.2916667000002,0.63117306,0.7860231
2210,602.34375,0.62445235,0.78392977
2211,602.3958332999998,0.614424336,0.7626973
2212,602.4479167000002,0.602765315,0.7188306
2213,602.5,0.592100466,0.72020054
2214,602.5520832999998,0.5843751970000001,0.72789997
2215,602.6041667000002,0.581490397,0.72474045
2216,602.65625,0.58417398,0.7300984
2217,602.7083332999998,0.590607109,0.74041986
2218,602.7604167000002,0.601821321,0.74182564
2219,602.8125,0.617775084,0.7418523
2220,602.8645832999998,0.633579061,0.7564903
2221,602.9166667000002,0.64808958,0.7737488
2222,602.96875,0.662911926,0.7887621
2223,603.0208332999998,0.67881849,0.8024661
2224,603.0729167000002,0.694985704,0.8186114
2225,603.125,0.708035387,0.8350435
2226,603.1770832999998,0.715699795,0.8465016
2227,603.2291667000002,0.716835911,0.8539497
2228,603.28125,0.7109628509999999,0.8552968
2229,603.3333332999998,0.699046285,0.8491825
2230,603.3854167000002,0.682389812,0.8295286
2231,603.4375,0.662393322,0.7832144
2232,603.4895832999998,0.644248493,0.77531636
2233,603.5416667000002,0.635595586,0.7796941
2234,603.59375,0.6443105379999999,0.7809684
2235,603.6458332999998,0.669912642,0.7932389
2236,603.6979167000002,0.709699011,0.8185262
2237,603.75,0.7546634040000001,0.8528469
2238,603.8020832999998,0.7937903470000002,0.88023823
2239,603.8541667000002,0.824113477,0.915488
2240,603.90625,0.851328627,0.9501079
2241,603.9583332999998,0.894398955,0.9822553
2242,604.0104167000002,0.970828819,1.0242562
2243,604.0625,1.086319462,1.0888294
2244,604.1145832999998,1.209255894,1.1869063
2245,604.1666667000002,1.281032508,1.2922541
2246,604.21875,1.280043573,1.3529725
2247,604.2708332999998,1.229402946,1.3497714
2248,604.3229167000002,1.153172688,1.3027121
2249,604.375,1.058288194,1.2282557
2250,604.4270832999998,0.95231463,1.1138661
2251,604.4791667000002,0.853207632,1.0246714
2252,604.53125,0.780570401,0.96289164
2253,604.5833332999998,0.74039965,0.9058639
2254,604.6354167000002,0.7265662390000001,0.8732921
2255,604.6875,0.725303093,0.8664189
2256,604.7395832999998,0.7259576879999999,0.8671116
2257,604.7916667000002,0.727765222,0.85995877
2258,604.84375,0.733510925,0.8601215
2259,604.8958332999998,0.747239083,0.86848813
2260,604.9479167000002,0.7693855340000001,0.88096845
2261,605.0,0.792645917,0.8982574
2262,605.0520832999998,0.8077392030000001,0.91846484
2263,605.1041667000002,0.8097019510000001,0.9312423
2264,605.15625,0.8000180090000001,0.9311809
2265,605.2083332999998,0.780099553,0.9219341
2266,605.2604167000002,0.751462203,0.9049553
2267,605.3125,0.718315923,0.8795714
2268,605.3645832999998,0.684713254,0.846845
2269,605.4166667000002,0.652932006,0.78930765
2270,605.46875,0.6246851139999999,0.7495224
2271,605.5208332999998,0.603120904,0.7493401
2272,605.5729167000002,0.593007535,0.7439456
2273,605.625,0.599012985,0.7421736
2274,605.6770832999998,0.6215807760000001,0.7514468
2275,605.7291667000002,0.655739876,0.7722381
2276,605.78125,0.691396832,0.7925941
2277,605.8333332999998,0.718148144,0.81934434
2278,605.8854167000002,0.7387786409999999,0.84808946
2279,605.9375,0.76776257,0.86987513
2280,605.9895832999998,0.811958,0.8960608
2281,606.0416667000002,0.8614297109999999,0.9380172
2282,606.09375,0.906690955,0.98245364
2283,606.1458332999998,0.946217315,1.0212286
2284,606.1979167000002,0.97021317,1.0544462
2285,606.25,0.9677287040000001,1.0744051
2286,606.3020832999998,0.939789503,1.0710218
2287,606.3541667000002,0.893062818,1.0462332
2288,606.40625,0.836247779,0.9827144
2289,606.4583332999998,0.781183981,0.91584617
2290,606.5104167000002,0.7385895670000001,0.89111394
2291,606.5625,0.719146317,0.8646582
2292,606.6145832999998,0.7264612909999999,0.8492521
2293,606.6666667000002,0.747557405,0.8560645
2294,606.71875,0.7667111059999999,0.8730001
2295,606.7708332999998,0.774598715,0.8794934
2296,606.8229167000002,0.769720097,0.8733864
2297,606.875,0.753884854,0.8721205
2298,606.9270832999998,0.7353778590000001,0.86092657
2299,606.9791667000002,0.7241393559999999,0.8429034
2300,607.03125,0.718607847,0.8317015
2301,607.0833332999998,0.710791541,0.82609427
2302,607.1354167000002,0.69765234,0.8174603
2303,607.1875,0.680547971,0.80395186
2304,607.2395832999998,0.6610328010000001,0.7875731
2305,607.2916667000002,0.640971004,0.769856
2306,607.34375,0.621386188,0.74966174
2307,607.3958332999998,0.603356977,0.7195742
2308,607.4479167000002,0.587172025,0.6778197
2309,607.5,0.573494209,0.674337
2310,607.5520832999998,0.5636610710000001,0.6778019
2311,607.6041667000002,0.558597992,0.6712201
2312,607.65625,0.558715793,0.6681385
2313,607.7083332999998,0.562432626,0.6698202
2314,607.7604167000002,0.567317604,0.6706153
2315,607.8125,0.571521321,0.6663826
2316,607.8645832999998,0.574682484,0.6703115
2317,607.9166667000002,0.577081601,0.6791535
2318,607.96875,0.579572601,0.6846365
2319,608.0208332999998,0.583869812,0.68964744
2320,608.0729167000002,0.590179283,0.6981801
2321,608.125,0.597379371,0.7066723
2322,608.1770832999998,0.604712797,0.7136586
2323,608.2291667000002,0.61075505,0.72040886
2324,608.28125,0.613763851,0.7258492
2325,608.3333332999998,0.613120706,0.7275169
2326,608.3854167000002,0.608937402,0.719308
2327,608.4375,0.601746269,0.69089174
2328,608.4895832999998,0.593348621,0.68876237
2329,608.5416667000002,0.586236529,0.69639236
2330,608.59375,0.582310158,0.6949727
2331,608.6458332999998,0.5814239929999999,0.69417626
2332,608.6979167000002,0.582500974,0.6972651
2333,608.75,0.58445636,0.69912916
2334,608.8020832999998,0.586496265,0.6938969
2335,608.8541667000002,0.587999774,0.69665086
2336,608.90625,0.589016061,0.7046619
2337,608.9583332999998,0.59070374,0.7102275
